Workbook

Sheet ReadMe
A1: Dungeon Builder Option A archetype simulator
A3: How to use
A5: 1) Go to the Assumptions sheet to review global tuning knobs. Cells with yellow fill are intended to be edited.
A6: 2) Go to the Archetypes sheet and edit the yellow cells for each archetype. Three archetypes are prefilled: Safe, Balanced, Lethal.
A7: 3) Use Simulation_48h for hour by hour detail through 48 hours. Use Simulation_7d_6h for the full week at 6 hour steps. Both use Hours online per day from Assumptions.
A8: 4) Review the KPI sheet for 24 hour, 3 day, and 7 day snapshots plus warning flags.
A9: 5) If values behave strangely, adjust one knob at a time. The goal is to make optimization matter while keeping heat and upkeep as real pressure.

Sheet Assumptions
A1: Global assumptions and tuning knobs
A3: ECONOMY
A4: Core mana per level per minute | B4: 2 | C4: CoreLevel*2
A5: Floor mana per floor per minute | B5: 1 | C5: ActiveFloors*1
A6: Skill spill rate (online) | B6: 0.15 | C6: Damage*rate
A7: Skill spill retention (offline) | B7: 0.3 | C7: Start value, research can raise
A8: Negative heat mana efficiency | B8: 1.1 | C8: Applies when heat < 0
A9: Negative heat death mana factor | B9: 0.8 | C9: Multiplier on death mana when heat < 0
A10: Hours online per day | B10: 2 | C10: For the schedule in Simulation
A11: Spend percent of usable mana per hour (default) | B11: 0.2 | C11: Used if archetype does not override
A13: ELITES
A14: Base elite party chance | B14: 0.01 | C14: Baseline per party
A15: Elite chance rating slope | B15: 0.0002 | C15: Additional chance per rating point
A16: No low level monsters bonus | B16: 0.05 | C16: Added if NoLowLevelMonsters is Yes
A17: Elite chance cap | B17: 0.8 | C17: Maximum probability
A18: Elite multiplier (death and spill) | B18: 2.5 | C18: Locked value
A20: HEAT
A21: Heat min cap | B21: -15 | C21: Locked, configurable later
A22: Heat gain per normal adventurer death | B22: 1
A23: Heat gain per elite adventurer death | B23: 3
A24: Multi death bonus heat per party | B24: 0.1 | C24: Expected bonus heat per party
A25: Passive heat decay per hour (baseline) | B25: 0.15 | C25: Always applies
A26: Passive heat decay multiplier (research) | B26: 1 | C26: Set above 1 for research
A27: Survival cooling base per full survive run | B27: 0.4 | C27: Before depth and party size scaling
A28: Survival cooling depth slope | B28: 0.15 | C28: Per floor entered
A29: Survival cooling party size penalty slope | B29: 0.1 | C29: Larger party reduces cooling
A30: Loot cooling per 100 loot value extracted | B30: 0.1 | C30: Heat reduced per 100 value
A31: Heat traffic penalty slope | B31: 0.6 | C31: Traffic multiplier = 1 - slope*(heat/50), min 0.10
A32: Negative heat traffic bonus at min heat | B32: 0.4 | C32: Traffic boost when heat = min cap
A33: Negative heat level reduction at min heat | B33: 0.4 | C33: Percent reduction to adventurer level when heat = min cap
A34: Peace efficiency | B34: 1 | C34: Heat 0 to 9
A35: Notice efficiency | B35: 0.95 | C35: Heat 10 to 24
A36: Concern efficiency | B36: 0.85 | C36: Heat 25 to 49
A38: UPKEEP
A39: Upkeep base per monster | B39: 1.5 | C39: Reserved mana base
A40: Upkeep level slope | B40: 0.08 | C40: Linear part before threshold
A41: Upkeep threshold level | B41: 10 | C41: After this, exponential growth applies
A42: Upkeep exponential rate | B42: 0.05 | C42: Per level above threshold
A43: Tier 1 multiplier | B43: 1 | C43: Evolution tier 1
A44: Tier 2 multiplier | B44: 1.35 | C44: Evolution tier 2
A45: Tier 3 multiplier | B45: 1.8 | C45: Evolution tier 3
A46: Reserved mana safety buffer | B46: 0 | C46: Optional extra reserved mana
A47: LOOT VALUE
A48: Tier base value (tier 1) | B48: 10 | C48: Value for tier index 1
A49: Tier growth factor | B49: 2.2 | C49: Value multiplier per tier index
A50: Rarity multipliers table below
A52: Rarity | B52: Multiplier
A53: Common | B53: 1
A54: Uncommon | B54: 1.4
A55: Rare | B55: 2
A56: Elite | B56: 3
A57: Epic | B57: 4.5
A58: Legendary | B58: 7

Sheet Archetypes
A1: Archetypes side by side inputs and derived values
A3: Input or output | B3: Safe | C3: Balanced | D3: Lethal
A4: Stage (Early or Mid) | B4: Early | C4: Mid | D4: Mid
A5: Core level | B5: 1 | C5: 5 | D5: 8
A6: Active floors | B6: 1 | C6: 3 | D6: 5
A7: Starting total mana | B7: 0 | C7: 0 | D7: 0
A8: Starting heat | B8: 0 | C8: 5 | D8: 15
A9: Dungeon rating (from 25 floor model) | B9: 60 | C9: 140 | D9: 220
A10: No low level monsters (Yes or No) | B10: No | C10: No | D10: Yes
A11: Base parties per hour | B11: 10 | C11: 6 | D11: 3
A12: Average party size | B12: 2 | C12: 4 | D12: 5
A13: Average adventurer level | B13: 6 | C13: 12 | D13: 18
A14: Average depth reached (highest floor entered) | B14: 2 | C14: 3 | D14: 4
A15: Deaths per party (expected) | B15: 0.1 | C15: 0.5 | D15: 1.5
A16: Full party survival rate | B16: 0.75 | C16: 0.45 | D16: 0.2
A17: Tradeable loot extraction rate | B17: 0.9 | C17: 0.7 | D17: 0.4
A18: Loot tier index | B18: 1 | C18: 2 | D18: 3
A19: Loot rarity | B19: Uncommon | C19: Rare | D19: Elite
A20: Damage per party (normal) | B20: 1200 | C20: 3200 | D20: 6500
A21: Elite party damage multiplier | B21: 2.5 | C21: 2.5 | D21: 2.5
A22: Elite party deaths multiplier | B22: 1.2 | C22: 1.3 | D22: 1.4
A23: Monster count | B23: 12 | C23: 20 | D23: 28
A24: Average monster level | B24: 4 | C24: 10 | D24: 16
A25: Average evolution tier (1 to 3) | B25: 1.2 | C25: 1.6 | D25: 2.1
A26: Other reserved mana (loot, traps, etc.) | B26: 0 | C26: 25 | D26: 60
A27: Spend percent of usable mana per hour | B27: 0.2 | C27: 0.25 | D27: 0.3
A29: Derived outputs
A30: Elite party chance | B30: =MIN(Assumptions!$B$17,Assumptions!$B$14+Assumptions!$B$15*B9+IF(B10="Yes",Assumptions!$B$16,0)) -> 0.022 | C30: =MIN(Assumptions!$B$17,Assumptions!$B$14+Assumptions!$B$15*C9+IF(C10="Yes",Assumptions!$B$16,0)) -> 0.038 | D30: =MIN(Assumptions!$B$17,Assumptions!$B$14+Assumptions!$B$15*D9+IF(D10="Yes",Assumptions!$B$16,0)) -> 0.104
A31: Loot value per extracted run | B31: =(Assumptions!$B$48*POWER(Assumptions!$B$49,B18-1))*(IF(B19="Common",1,IF(B19="Uncommon",1.4,IF(B19="Rare",2,IF(B19="Elite",3,IF(B19="Epic",4.5,IF(B19="Legendary",7,1))))))) -> 14 | C31: =(Assumptions!$B$48*POWER(Assumptions!$B$49,C18-1))*(IF(C19="Common",1,IF(C19="Uncommon",1.4,IF(C19="Rare",2,IF(C19="Elite",3,IF(C19="Epic",4.5,IF(C19="Legendary",7,1))))))) -> 44 | D31: =(Assumptions!$B$48*POWER(Assumptions!$B$49,D18-1))*(IF(D19="Common",1,IF(D19="Uncommon",1.4,IF(D19="Rare",2,IF(D19="Elite",3,IF(D19="Epic",4.5,IF(D19="Legendary",7,1))))))) -> 145.2
A32: Monster upkeep reserved mana | B32: =B23*(Assumptions!$B$39*(1+Assumptions!$B$40*MIN(B24,Assumptions!$B$41)))*IF(B24>Assumptions!$B$41,POWER(1+Assumptions!$B$42,B24-Assumptions!$B$41),1)*(IF(B25<=1,Assumptions!$B$43,IF(B25>=3,Assumptions!$B$45,IF(B25<2,Assumptions!$B$43+(B25-1)*(Assumptions!$B$44-Assumptions!$B$43),Assumptions!$B$44+(B25-2)*(Assumptions!$B$45-Assumptions!$B$44))))) -> 25.4232 | C32: =C23*(Assumptions!$B$39*(1+Assumptions!$B$40*MIN(C24,Assumptions!$B$41)))*IF(C24>Assumptions!$B$41,POWER(1+Assumptions!$B$42,C24-Assumptions!$B$41),1)*(IF(C25<=1,Assumptions!$B$43,IF(C25>=3,Assumptions!$B$45,IF(C25<2,Assumptions!$B$43+(C25-1)*(Assumptions!$B$44-Assumptions!$B$43),Assumptions!$B$44+(C25-2)*(Assumptions!$B$45-Assumptions!$B$44))))) -> 65.34 | D32: =D23*(Assumptions!$B$39*(1+Assumptions!$B$40*MIN(D24,Assumptions!$B$41)))*IF(D24>Assumptions!$B$41,POWER(1+Assumptions!$B$42,D24-Assumptions!$B$41),1)*(IF(D25<=1,Assumptions!$B$43,IF(D25>=3,Assumptions!$B$45,IF(D25<2,Assumptions!$B$43+(D25-1)*(Assumptions!$B$44-Assumptions!$B$43),Assumptions!$B$44+(D25-2)*(Assumptions!$B$45-Assumptions!$B$44))))) -> 141.32917
A33: Total reserved mana | B33: =B32+B26+Assumptions!$B$46 -> 25.4232 | C33: =C32+C26+Assumptions!$B$46 -> 90.34 | D33: =D32+D26+Assumptions!$B$46 -> 201.32917

Sheet Simulation_48h
A1: Simulation_48h simulation for three archetypes
F2: Safe | S2: Balanced | AF2: Lethal
A3: Step start hour | B3: Day | C3: Hour in day | D3: Online (1 or 0) | E3: Step hours | F3: Heat start | G3: Heat end | H3: Heat change | I3: Parties in step | J3: Elite chance | K3: Elite parties in step | L3: Deaths in step | M3: Full survive runs in step | N3: Mana gain in step | O3: Total mana end | P3: Reserved mana | Q3: Usable mana end | S3: Heat start | T3: Heat end | U3: Heat change | V3: Parties in step | W3: Elite chance | X3: Elite parties in step | Y3: Deaths in step | Z3: Full survive runs in step | AA3: Mana gain in step | AB3: Total mana end | AC3: Reserved mana | AD3: Usable mana end | AF3: Heat start | AG3: Heat end | AH3: Heat change | AI3: Parties in step | AJ3: Elite chance | AK3: Elite parties in step | AL3: Deaths in step | AM3: Full survive runs in step | AN3: Mana gain in step | AO3: Total mana end | AP3: Reserved mana | AQ3: Usable mana end
A4: 0 | B4: =INT(A4/24)+1 -> 1 | C4: =MOD(A4,24) -> 0 | D4: =IF(C4<Assumptions!$B$10,1,0) -> 1 | E4: 1 | F4: =Archetypes!$B$8 -> 0 | G4: =MAX(Assumptions!$B$21,(F4)+(H4)) -> 7.5312 | H4: =(((Archetypes!$B$11*(IF(F4<0,1+Assumptions!$B$32*MIN(1,ABS(F4)/ABS(Assumptions!$B$21)),MAX(0.1,1-Assumptions!$B$31*(F4/50)))))-((Archetypes!$B$11*(IF(F4<0,1+Assumptions!$B$32*MIN(1,ABS(F4)/ABS(Assumptions!$B$21)),MAX(0.1,1-Assumptions!$B$31*(F4/50)))))*J4)*Archetypes!$B$15)*Assumptions!$B$22+((Archetypes!$B$11*(IF(F4<0,1+Assumptions!$B$32*MIN(1,ABS(F4)/ABS(Assumptions!$B$21)),MAX(0.1,1-Assumptions!$B$31*(F4/50)))))*J4*Archetypes!$B$15*Archetypes!$B$22)*Assumptions!$B$23+(Archetypes!$B$11*(IF(F4<0,1+Assumptions!$B$32*MIN(1,ABS(F4)/ABS(Assumptions!$B$21)),MAX(0.1,1-Assumptions!$B$31*(F4/50)))))*Assumptions!$B$24+-((Archetypes!$B$11*(IF(F4<0,1+Assumptions!$B$32*MIN(1,ABS(F4)/ABS(Assumptions!$B$21)),MAX(0.1,1-Assumptions!$B$31*(F4/50)))))*Archetypes!$B$16)*(Assumptions!$B$27*(1+Assumptions!$B$28*Archetypes!$B$14)/(1+Assumptions!$B$29*Archetypes!$B$12))+-(Archetypes!$B$11*(IF(F4<0,1+Assumptions!$B$32*MIN(1,ABS(F4)/ABS(Assumptions!$B$21)),MAX(0.1,1-Assumptions!$B$31*(F4/50)))))*Archetypes!$B$17*((Archetypes!$B$31)/100)*Assumptions!$B$30+-Assumptions!$B$25*Assumptions!$B$26)*$E4 -> 7.5312 | I4: =(Archetypes!$B$11*(IF(F4<0,1+Assumptions!$B$32*MIN(1,ABS(F4)/ABS(Assumptions!$B$21)),MAX(0.1,1-Assumptions!$B$31*(F4/50)))))*$E4 -> 10 | J4: =Archetypes!$B$30 -> 0.022 | K4: =I4*J4 -> 0.22 | L4: =((I4-K4)*Archetypes!$B$15)+(K4*Archetypes!$B$15*Archetypes!$B$22) -> 1.0044 | M4: =I4*Archetypes!$B$16 -> 7.5 | N4: =(IF(F4<0,Assumptions!$B$8,IF(F4<10,Assumptions!$B$34,IF(F4<25,Assumptions!$B$35,Assumptions!$B$36))))*((((Archetypes!$B$5*Assumptions!$B$4+Archetypes!$B$6*Assumptions!$B$5)*60))+(Assumptions!$B$6*(((Archetypes!$B$11*(IF(F4<0,1+Assumptions!$B$32*MIN(1,ABS(F4)/ABS(Assumptions!$B$21)),MAX(0.1,1-Assumptions!$B$31*(F4/50)))))-((Archetypes!$B$11*(IF(F4<0,1+Assumptions!$B$32*MIN(1,ABS(F4)/ABS(Assumptions!$B$21)),MAX(0.1,1-Assumptions!$B$31*(F4/50)))))*J4)*Archetypes!$B$20)+((Archetypes!$B$11*(IF(F4<0,1+Assumptions!$B$32*MIN(1,ABS(F4)/ABS(Assumptions!$B$21)),MAX(0.1,1-Assumptions!$B$31*(F4/50)))))*J4*Archetypes!$B$20*Archetypes!$B$21)*Assumptions!$B$18)*(IF($D4=1,1,Assumptions!$B$7)))+(((((Archetypes!$B$11*(IF(F4<0,1+Assumptions!$B$32*MIN(1,ABS(F4)/ABS(Assumptions!$B$21)),MAX(0.1,1-Assumptions!$B$31*(F4/50)))))-((Archetypes!$B$11*(IF(F4<0,1+Assumptions!$B$32*MIN(1,ABS(F4)/ABS(Assumptions!$B$21)),MAX(0.1,1-Assumptions!$B$31*(F4/50)))))*J4)*Archetypes!$B$15)*(Archetypes!$B$13*IF(F4<0,1-Assumptions!$B$33*MIN(1,ABS(F4)/ABS(Assumptions!$B$21)),1))*5)+(((Archetypes!$B$11*(IF(F4<0,1+Assumptions!$B$32*MIN(1,ABS(F4)/ABS(Assumptions!$B$21)),MAX(0.1,1-Assumptions!$B$31*(F4/50)))))*J4*Archetypes!$B$15*Archetypes!$B$22)*(Archetypes!$B$13*IF(F4<0,1-Assumptions!$B$33*MIN(1,ABS(F4)/ABS(Assumptions!$B$21)),1))*5*Assumptions!$B$18))*IF(F4<0,Assumptions!$B$9,1)))*$E4 -> 690.72 | O4: =(Archetypes!$B$7)+(N4)-(MAX(0,((Archetypes!$B$7)+(N4)-(P4)))*(IF(Archetypes!$B$27="",Assumptions!$B$11,Archetypes!$B$27))) -> 557.66064 | P4: =Archetypes!$B$33 -> 25.4232 | Q4: =MAX(0,(O4)-(P4)) -> 532.23744 | S4: =Archetypes!$C$8 -> 5 | T4: =MAX(Assumptions!$B$21,(S4)+(U4)) -> 10.139595 | U4: =(((Archetypes!$C$11*(IF(S4<0,1+Assumptions!$B$32*MIN(1,ABS(S4)/ABS(Assumptions!$B$21)),MAX(0.1,1-Assumptions!$B$31*(S4/50)))))-((Archetypes!$C$11*(IF(S4<0,1+Assumptions!$B$32*MIN(1,ABS(S4)/ABS(Assumptions!$B$21)),MAX(0.1,1-Assumptions!$B$31*(S4/50)))))*W4)*Archetypes!$C$15)*Assumptions!$B$22+((Archetypes!$C$11*(IF(S4<0,1+Assumptions!$B$32*MIN(1,ABS(S4)/ABS(Assumptions!$B$21)),MAX(0.1,1-Assumptions!$B$31*(S4/50)))))*W4*Archetypes!$C$15*Archetypes!$C$22)*Assumptions!$B$23+(Archetypes!$C$11*(IF(S4<0,1+Assumptions!$B$32*MIN(1,ABS(S4)/ABS(Assumptions!$B$21)),MAX(0.1,1-Assumptions!$B$31*(S4/50)))))*Assumptions!$B$24+-((Archetypes!$C$11*(IF(S4<0,1+Assumptions!$B$32*MIN(1,ABS(S4)/ABS(Assumptions!$B$21)),MAX(0.1,1-Assumptions!$B$31*(S4/50)))))*Archetypes!$C$16)*(Assumptions!$B$27*(1+Assumptions!$B$28*Archetypes!$C$14)/(1+Assumptions!$B$29*Archetypes!$C$12))+-(Archetypes!$C$11*(IF(S4<0,1+Assumptions!$B$32*MIN(1,ABS(S4)/ABS(Assumptions!$B$21)),MAX(0.1,1-Assumptions!$B$31*(S4/50)))))*Archetypes!$C$17*((Archetypes!$C$31)/100)*Assumptions!$B$30+-Assumptions!$B$25*Assumptions!$B$26)*$E4 -> 5.1395949 | V4: =(Archetypes!$C$11*(IF(S4<0,1+Assumptions!$B$32*MIN(1,ABS(S4)/ABS(Assumptions!$B$21)),MAX(0.1,1-Assumptions!$B$31*(S4/50)))))*$E4 -> 5.64 | W4: =Archetypes!$C$30 -> 0.038 | X4: =V4*W4 -> 0.21432 | Y4: =((V4-X4)*Archetypes!$C$15)+(X4*Archetypes!$C$15*Archetypes!$C$22) -> 2.852148 | Z4: =V4*Archetypes!$C$16 -> 2.538 | AA4: =(IF(S4<0,Assumptions!$B$8,IF(S4<10,Assumptions!$B$34,IF(S4<25,Assumptions!$B$35,Assumptions!$B$36))))*((((Archetypes!$C$5*Assumptions!$B$4+Archetypes!$C$6*Assumptions!$B$5)*60))+(Assumptions!$B$6*(((Archetypes!$C$11*(IF(S4<0,1+Assumptions!$B$32*MIN(1,ABS(S4)/ABS(Assumptions!$B$21)),MAX(0.1,1-Assumptions!$B$31*(S4/50)))))-((Archetypes!$C$11*(IF(S4<0,1+Assumptions!$B$32*MIN(1,ABS(S4)/ABS(Assumptions!$B$21)),MAX(0.1,1-Assumptions!$B$31*(S4/50)))))*W4)*Archetypes!$C$20)+((Archetypes!$C$11*(IF(S4<0,1+Assumptions!$B$32*MIN(1,ABS(S4)/ABS(Assumptions!$B$21)),MAX(0.1,1-Assumptions!$B$31*(S4/50)))))*W4*Archetypes!$C$20*Archetypes!$C$21)*Assumptions!$B$18)*(IF($D4=1,1,Assumptions!$B$7)))+(((((Archetypes!$C$11*(IF(S4<0,1+Assumptions!$B$32*MIN(1,ABS(S4)/ABS(Assumptions!$B$21)),MAX(0.1,1-Assumptions!$B$31*(S4/50)))))-((Archetypes!$C$11*(IF(S4<0,1+Assumptions!$B$32*MIN(1,ABS(S4)/ABS(Assumptions!$B$21)),MAX(0.1,1-Assumptions!$B$31*(S4/50)))))*W4)*Archetypes!$C$15)*(Archetypes!$C$13*IF(S4<0,1-Assumptions!$B$33*MIN(1,ABS(S4)/ABS(Assumptions!$B$21)),1))*5)+(((Archetypes!$C$11*(IF(S4<0,1+Assumptions!$B$32*MIN(1,ABS(S4)/ABS(Assumptions!$B$21)),MAX(0.1,1-Assumptions!$B$31*(S4/50)))))*W4*Archetypes!$C$15*Archetypes!$C$22)*(Archetypes!$C$13*IF(S4<0,1-Assumptions!$B$33*MIN(1,ABS(S4)/ABS(Assumptions!$B$21)),1))*5*Assumptions!$B$18))*IF(S4<0,Assumptions!$B$9,1)))*$E4 -> 1673.799 | AB4: =(Archetypes!$C$7)+(AA4)-(MAX(0,((Archetypes!$C$7)+(AA4)-(AC4)))*(IF(Archetypes!$C$27="",Assumptions!$B$11,Archetypes!$C$27))) -> 1277.9343 | AC4: =Archetypes!$C$33 -> 90.34 | AD4: =MAX(0,(AB4)-(AC4)) -> 1187.5943 | AF4: =Archetypes!$D$8 -> 15 | AG4: =MAX(Assumptions!$B$21,(AF4)+(AH4)) -> 18.431235 | AH4: =(((Archetypes!$D$11*(IF(AF4<0,1+Assumptions!$B$32*MIN(1,ABS(AF4)/ABS(Assumptions!$B$21)),MAX(0.1,1-Assumptions!$B$31*(AF4/50)))))-((Archetypes!$D$11*(IF(AF4<0,1+Assumptions!$B$32*MIN(1,ABS(AF4)/ABS(Assumptions!$B$21)),MAX(0.1,1-Assumptions!$B$31*(AF4/50)))))*AJ4)*Archetypes!$D$15)*Assumptions!$B$22+((Archetypes!$D$11*(IF(AF4<0,1+Assumptions!$B$32*MIN(1,ABS(AF4)/ABS(Assumptions!$B$21)),MAX(0.1,1-Assumptions!$B$31*(AF4/50)))))*AJ4*Archetypes!$D$15*Archetypes!$D$22)*Assumptions!$B$23+(Archetypes!$D$11*(IF(AF4<0,1+Assumptions!$B$32*MIN(1,ABS(AF4)/ABS(Assumptions!$B$21)),MAX(0.1,1-Assumptions!$B$31*(AF4/50)))))*Assumptions!$B$24+-((Archetypes!$D$11*(IF(AF4<0,1+Assumptions!$B$32*MIN(1,ABS(AF4)/ABS(Assumptions!$B$21)),MAX(0.1,1-Assumptions!$B$31*(AF4/50)))))*Archetypes!$D$16)*(Assumptions!$B$27*(1+Assumptions!$B$28*Archetypes!$D$14)/(1+Assumptions!$B$29*Archetypes!$D$12))+-(Archetypes!$D$11*(IF(AF4<0,1+Assumptions!$B$32*MIN(1,ABS(AF4)/ABS(Assumptions!$B$21)),MAX(0.1,1-Assumptions!$B$31*(AF4/50)))))*Archetypes!$D$17*((Archetypes!$D$31)/100)*Assumptions!$B$30+-Assumptions!$B$25*Assumptions!$B$26)*$E4 -> 3.4312352 | AI4: =(Archetypes!$D$11*(IF(AF4<0,1+Assumptions!$B$32*MIN(1,ABS(AF4)/ABS(Assumptions!$B$21)),MAX(0.1,1-Assumptions!$B$31*(AF4/50)))))*$E4 -> 2.46 | AJ4: =Archetypes!$D$30 -> 0.104 | AK4: =AI4*AJ4 -> 0.25584 | AL4: =((AI4-AK4)*Archetypes!$D$15)+(AK4*Archetypes!$D$15*Archetypes!$D$22) -> 3.843504 | AM4: =AI4*Archetypes!$D$16 -> 0.492 | AN4: =(IF(AF4<0,Assumptions!$B$8,IF(AF4<10,Assumptions!$B$34,IF(AF4<25,Assumptions!$B$35,Assumptions!$B$36))))*((((Archetypes!$D$5*Assumptions!$B$4+Archetypes!$D$6*Assumptions!$B$5)*60))+(Assumptions!$B$6*(((Archetypes!$D$11*(IF(AF4<0,1+Assumptions!$B$32*MIN(1,ABS(AF4)/ABS(Assumptions!$B$21)),MAX(0.1,1-Assumptions!$B$31*(AF4/50)))))-((Archetypes!$D$11*(IF(AF4<0,1+Assumptions!$B$32*MIN(1,ABS(AF4)/ABS(Assumptions!$B$21)),MAX(0.1,1-Assumptions!$B$31*(AF4/50)))))*AJ4)*Archetypes!$D$20)+((Archetypes!$D$11*(IF(AF4<0,1+Assumptions!$B$32*MIN(1,ABS(AF4)/ABS(Assumptions!$B$21)),MAX(0.1,1-Assumptions!$B$31*(AF4/50)))))*AJ4*Archetypes!$D$20*Archetypes!$D$21)*Assumptions!$B$18)*(IF($D4=1,1,Assumptions!$B$7)))+(((((Archetypes!$D$11*(IF(AF4<0,1+Assumptions!$B$32*MIN(1,ABS(AF4)/ABS(Assumptions!$B$21)),MAX(0.1,1-Assumptions!$B$31*(AF4/50)))))-((Archetypes!$D$11*(IF(AF4<0,1+Assumptions!$B$32*MIN(1,ABS(AF4)/ABS(Assumptions!$B$21)),MAX(0.1,1-Assumptions!$B$31*(AF4/50)))))*AJ4)*Archetypes!$D$15)*(Archetypes!$D$13*IF(AF4<0,1-Assumptions!$B$33*MIN(1,ABS(AF4)/ABS(Assumptions!$B$21)),1))*5)+(((Archetypes!$D$11*(IF(AF4<0,1+Assumptions!$B$32*MIN(1,ABS(AF4)/ABS(Assumptions!$B$21)),MAX(0.1,1-Assumptions!$B$31*(AF4/50)))))*AJ4*Archetypes!$D$15*Archetypes!$D$22)*(Archetypes!$D$13*IF(AF4<0,1-Assumptions!$B$33*MIN(1,ABS(AF4)/ABS(Assumptions!$B$21)),1))*5*Assumptions!$B$18))*IF(AF4<0,Assumptions!$B$9,1)))*$E4 -> 2733.8112 | AO4: =(Archetypes!$D$7)+(AN4)-(MAX(0,((Archetypes!$D$7)+(AN4)-(AP4)))*(IF(Archetypes!$D$27="",Assumptions!$B$11,Archetypes!$D$27))) -> 1974.0666 | AP4: =Archetypes!$D$33 -> 201.32917 | AQ4: =MAX(0,(AO4)-(AP4)) -> 1772.7374
A5: 1 | B5: =INT(A5/24)+1 -> 1 | C5: =MOD(A5,24) -> 1 | D5: =IF(C5<Assumptions!$B$10,1,0) -> 1 | E5: 1 | F5: =G4 -> 7.5312 | G5: =MAX(Assumptions!$B$21,(F5)+(H5)) -> 14.368216 | H5: =(((Archetypes!$B$11*(IF(F5<0,1+Assumptions!$B$32*MIN(1,ABS(F5)/ABS(Assumptions!$B$21)),MAX(0.1,1-Assumptions!$B$31*(F5/50)))))-((Archetypes!$B$11*(IF(F5<0,1+Assumptions!$B$32*MIN(1,ABS(F5)/ABS(Assumptions!$B$21)),MAX(0.1,1-Assumptions!$B$31*(F5/50)))))*J5)*Archetypes!$B$15)*Assumptions!$B$22+((Archetypes!$B$11*(IF(F5<0,1+Assumptions!$B$32*MIN(1,ABS(F5)/ABS(Assumptions!$B$21)),MAX(0.1,1-Assumptions!$B$31*(F5/50)))))*J5*Archetypes!$B$15*Archetypes!$B$22)*Assumptions!$B$23+(Archetypes!$B$11*(IF(F5<0,1+Assumptions!$B$32*MIN(1,ABS(F5)/ABS(Assumptions!$B$21)),MAX(0.1,1-Assumptions!$B$31*(F5/50)))))*Assumptions!$B$24+-((Archetypes!$B$11*(IF(F5<0,1+Assumptions!$B$32*MIN(1,ABS(F5)/ABS(Assumptions!$B$21)),MAX(0.1,1-Assumptions!$B$31*(F5/50)))))*Archetypes!$B$16)*(Assumptions!$B$27*(1+Assumptions!$B$28*Archetypes!$B$14)/(1+Assumptions!$B$29*Archetypes!$B$12))+-(Archetypes!$B$11*(IF(F5<0,1+Assumptions!$B$32*MIN(1,ABS(F5)/ABS(Assumptions!$B$21)),MAX(0.1,1-Assumptions!$B$31*(F5/50)))))*Archetypes!$B$17*((Archetypes!$B$31)/100)*Assumptions!$B$30+-Assumptions!$B$25*Assumptions!$B$26)*$E5 -> 6.8370162 | I5: =(Archetypes!$B$11*(IF(F5<0,1+Assumptions!$B$32*MIN(1,ABS(F5)/ABS(Assumptions!$B$21)),MAX(0.1,1-Assumptions!$B$31*(F5/50)))))*$E5 -> 9.096256 | J5: =Archetypes!$B$30 -> 0.022 | K5: =I5*J5 -> 0.20011763 | L5: =((I5-K5)*Archetypes!$B$15)+(K5*Archetypes!$B$15*Archetypes!$B$22) -> 0.91362795 | M5: =I5*Archetypes!$B$16 -> 6.822192 | N5: =(IF(F5<0,Assumptions!$B$8,IF(F5<10,Assumptions!$B$34,IF(F5<25,Assumptions!$B$35,Assumptions!$B$36))))*((((Archetypes!$B$5*Assumptions!$B$4+Archetypes!$B$6*Assumptions!$B$5)*60))+(Assumptions!$B$6*(((Archetypes!$B$11*(IF(F5<0,1+Assumptions!$B$32*MIN(1,ABS(F5)/ABS(Assumptions!$B$21)),MAX(0.1,1-Assumptions!$B$31*(F5/50)))))-((Archetypes!$B$11*(IF(F5<0,1+Assumptions!$B$32*MIN(1,ABS(F5)/ABS(Assumptions!$B$21)),MAX(0.1,1-Assumptions!$B$31*(F5/50)))))*J5)*Archetypes!$B$20)+((Archetypes!$B$11*(IF(F5<0,1+Assumptions!$B$32*MIN(1,ABS(F5)/ABS(Assumptions!$B$21)),MAX(0.1,1-Assumptions!$B$31*(F5/50)))))*J5*Archetypes!$B$20*Archetypes!$B$21)*Assumptions!$B$18)*(IF($D5=1,1,Assumptions!$B$7)))+(((((Archetypes!$B$11*(IF(F5<0,1+Assumptions!$B$32*MIN(1,ABS(F5)/ABS(Assumptions!$B$21)),MAX(0.1,1-Assumptions!$B$31*(F5/50)))))-((Archetypes!$B$11*(IF(F5<0,1+Assumptions!$B$32*MIN(1,ABS(F5)/ABS(Assumptions!$B$21)),MAX(0.1,1-Assumptions!$B$31*(F5/50)))))*J5)*Archetypes!$B$15)*(Archetypes!$B$13*IF(F5<0,1-Assumptions!$B$33*MIN(1,ABS(F5)/ABS(Assumptions!$B$21)),1))*5)+(((Archetypes!$B$11*(IF(F5<0,1+Assumptions!$B$32*MIN(1,ABS(F5)/ABS(Assumptions!$B$21)),MAX(0.1,1-Assumptions!$B$31*(F5/50)))))*J5*Archetypes!$B$15*Archetypes!$B$22)*(Archetypes!$B$13*IF(F5<0,1-Assumptions!$B$33*MIN(1,ABS(F5)/ABS(Assumptions!$B$21)),1))*5*Assumptions!$B$18))*IF(F5<0,Assumptions!$B$9,1)))*$E5 -> 644.56399 | O5: =(O4)+(N5)-(MAX(0,((O4)+(N5)-(P5)))*(IF(Archetypes!$B$27="",Assumptions!$B$11,Archetypes!$B$27))) -> 966.86434 | P5: =Archetypes!$B$33 -> 25.4232 | Q5: =MAX(0,(O5)-(P5)) -> 941.44114 | S5: =T4 -> 10.139595 | T5: =MAX(Assumptions!$B$21,(S5)+(U5)) -> 14.93213 | U5: =(((Archetypes!$C$11*(IF(S5<0,1+Assumptions!$B$32*MIN(1,ABS(S5)/ABS(Assumptions!$B$21)),MAX(0.1,1-Assumptions!$B$31*(S5/50)))))-((Archetypes!$C$11*(IF(S5<0,1+Assumptions!$B$32*MIN(1,ABS(S5)/ABS(Assumptions!$B$21)),MAX(0.1,1-Assumptions!$B$31*(S5/50)))))*W5)*Archetypes!$C$15)*Assumptions!$B$22+((Archetypes!$C$11*(IF(S5<0,1+Assumptions!$B$32*MIN(1,ABS(S5)/ABS(Assumptions!$B$21)),MAX(0.1,1-Assumptions!$B$31*(S5/50)))))*W5*Archetypes!$C$15*Archetypes!$C$22)*Assumptions!$B$23+(Archetypes!$C$11*(IF(S5<0,1+Assumptions!$B$32*MIN(1,ABS(S5)/ABS(Assumptions!$B$21)),MAX(0.1,1-Assumptions!$B$31*(S5/50)))))*Assumptions!$B$24+-((Archetypes!$C$11*(IF(S5<0,1+Assumptions!$B$32*MIN(1,ABS(S5)/ABS(Assumptions!$B$21)),MAX(0.1,1-Assumptions!$B$31*(S5/50)))))*Archetypes!$C$16)*(Assumptions!$B$27*(1+Assumptions!$B$28*Archetypes!$C$14)/(1+Assumptions!$B$29*Archetypes!$C$12))+-(Archetypes!$C$11*(IF(S5<0,1+Assumptions!$B$32*MIN(1,ABS(S5)/ABS(Assumptions!$B$21)),MAX(0.1,1-Assumptions!$B$31*(S5/50)))))*Archetypes!$C$17*((Archetypes!$C$31)/100)*Assumptions!$B$30+-Assumptions!$B$25*Assumptions!$B$26)*$E5 -> 4.7925348 | V5: =(Archetypes!$C$11*(IF(S5<0,1+Assumptions!$B$32*MIN(1,ABS(S5)/ABS(Assumptions!$B$21)),MAX(0.1,1-Assumptions!$B$31*(S5/50)))))*$E5 -> 5.2699492 | W5: =Archetypes!$C$30 -> 0.038 | X5: =V5*W5 -> 0.20025807 | Y5: =((V5-X5)*Archetypes!$C$15)+(X5*Archetypes!$C$15*Archetypes!$C$22) -> 2.6650133 | Z5: =V5*Archetypes!$C$16 -> 2.3714771 | AA5: =(IF(S5<0,Assumptions!$B$8,IF(S5<10,Assumptions!$B$34,IF(S5<25,Assumptions!$B$35,Assumptions!$B$36))))*((((Archetypes!$C$5*Assumptions!$B$4+Archetypes!$C$6*Assumptions!$B$5)*60))+(Assumptions!$B$6*(((Archetypes!$C$11*(IF(S5<0,1+Assumptions!$B$32*MIN(1,ABS(S5)/ABS(Assumptions!$B$21)),MAX(0.1,1-Assumptions!$B$31*(S5/50)))))-((Archetypes!$C$11*(IF(S5<0,1+Assumptions!$B$32*MIN(1,ABS(S5)/ABS(Assumptions!$B$21)),MAX(0.1,1-Assumptions!$B$31*(S5/50)))))*W5)*Archetypes!$C$20)+((Archetypes!$C$11*(IF(S5<0,1+Assumptions!$B$32*MIN(1,ABS(S5)/ABS(Assumptions!$B$21)),MAX(0.1,1-Assumptions!$B$31*(S5/50)))))*W5*Archetypes!$C$20*Archetypes!$C$21)*Assumptions!$B$18)*(IF($D5=1,1,Assumptions!$B$7)))+(((((Archetypes!$C$11*(IF(S5<0,1+Assumptions!$B$32*MIN(1,ABS(S5)/ABS(Assumptions!$B$21)),MAX(0.1,1-Assumptions!$B$31*(S5/50)))))-((Archetypes!$C$11*(IF(S5<0,1+Assumptions!$B$32*MIN(1,ABS(S5)/ABS(Assumptions!$B$21)),MAX(0.1,1-Assumptions!$B$31*(S5/50)))))*W5)*Archetypes!$C$15)*(Archetypes!$C$13*IF(S5<0,1-Assumptions!$B$33*MIN(1,ABS(S5)/ABS(Assumptions!$B$21)),1))*5)+(((Archetypes!$C$11*(IF(S5<0,1+Assumptions!$B$32*MIN(1,ABS(S5)/ABS(Assumptions!$B$21)),MAX(0.1,1-Assumptions!$B$31*(S5/50)))))*W5*Archetypes!$C$15*Archetypes!$C$22)*(Archetypes!$C$13*IF(S5<0,1-Assumptions!$B$33*MIN(1,ABS(S5)/ABS(Assumptions!$B$21)),1))*5*Assumptions!$B$18))*IF(S5<0,Assumptions!$B$9,1)))*$E5 -> 1534.3974 | AB5: =(AB4)+(AA5)-(MAX(0,((AB4)+(AA5)-(AC5)))*(IF(Archetypes!$C$27="",Assumptions!$B$11,Archetypes!$C$27))) -> 2131.8338 | AC5: =Archetypes!$C$33 -> 90.34 | AD5: =MAX(0,(AB5)-(AC5)) -> 2041.4938 | AF5: =AG4 -> 18.431235 | AG5: =MAX(Assumptions!$B$21,(AF5)+(AH5)) -> 21.682645 | AH5: =(((Archetypes!$D$11*(IF(AF5<0,1+Assumptions!$B$32*MIN(1,ABS(AF5)/ABS(Assumptions!$B$21)),MAX(0.1,1-Assumptions!$B$31*(AF5/50)))))-((Archetypes!$D$11*(IF(AF5<0,1+Assumptions!$B$32*MIN(1,ABS(AF5)/ABS(Assumptions!$B$21)),MAX(0.1,1-Assumptions!$B$31*(AF5/50)))))*AJ5)*Archetypes!$D$15)*Assumptions!$B$22+((Archetypes!$D$11*(IF(AF5<0,1+Assumptions!$B$32*MIN(1,ABS(AF5)/ABS(Assumptions!$B$21)),MAX(0.1,1-Assumptions!$B$31*(AF5/50)))))*AJ5*Archetypes!$D$15*Archetypes!$D$22)*Assumptions!$B$23+(Archetypes!$D$11*(IF(AF5<0,1+Assumptions!$B$32*MIN(1,ABS(AF5)/ABS(Assumptions!$B$21)),MAX(0.1,1-Assumptions!$B$31*(AF5/50)))))*Assumptions!$B$24+-((Archetypes!$D$11*(IF(AF5<0,1+Assumptions!$B$32*MIN(1,ABS(AF5)/ABS(Assumptions!$B$21)),MAX(0.1,1-Assumptions!$B$31*(AF5/50)))))*Archetypes!$D$16)*(Assumptions!$B$27*(1+Assumptions!$B$28*Archetypes!$D$14)/(1+Assumptions!$B$29*Archetypes!$D$12))+-(Archetypes!$D$11*(IF(AF5<0,1+Assumptions!$B$32*MIN(1,ABS(AF5)/ABS(Assumptions!$B$21)),MAX(0.1,1-Assumptions!$B$31*(AF5/50)))))*Archetypes!$D$17*((Archetypes!$D$31)/100)*Assumptions!$B$30+-Assumptions!$B$25*Assumptions!$B$26)*$E5 -> 3.2514099 | AI5: =(Archetypes!$D$11*(IF(AF5<0,1+Assumptions!$B$32*MIN(1,ABS(AF5)/ABS(Assumptions!$B$21)),MAX(0.1,1-Assumptions!$B$31*(AF5/50)))))*$E5 -> 2.3364755 | AJ5: =Archetypes!$D$30 -> 0.104 | AK5: =AI5*AJ5 -> 0.24299346 | AL5: =((AI5-AK5)*Archetypes!$D$15)+(AK5*Archetypes!$D$15*Archetypes!$D$22) -> 3.6505094 | AM5: =AI5*Archetypes!$D$16 -> 0.46729511 | AN5: =(IF(AF5<0,Assumptions!$B$8,IF(AF5<10,Assumptions!$B$34,IF(AF5<25,Assumptions!$B$35,Assumptions!$B$36))))*((((Archetypes!$D$5*Assumptions!$B$4+Archetypes!$D$6*Assumptions!$B$5)*60))+(Assumptions!$B$6*(((Archetypes!$D$11*(IF(AF5<0,1+Assumptions!$B$32*MIN(1,ABS(AF5)/ABS(Assumptions!$B$21)),MAX(0.1,1-Assumptions!$B$31*(AF5/50)))))-((Archetypes!$D$11*(IF(AF5<0,1+Assumptions!$B$32*MIN(1,ABS(AF5)/ABS(Assumptions!$B$21)),MAX(0.1,1-Assumptions!$B$31*(AF5/50)))))*AJ5)*Archetypes!$D$20)+((Archetypes!$D$11*(IF(AF5<0,1+Assumptions!$B$32*MIN(1,ABS(AF5)/ABS(Assumptions!$B$21)),MAX(0.1,1-Assumptions!$B$31*(AF5/50)))))*AJ5*Archetypes!$D$20*Archetypes!$D$21)*Assumptions!$B$18)*(IF($D5=1,1,Assumptions!$B$7)))+(((((Archetypes!$D$11*(IF(AF5<0,1+Assumptions!$B$32*MIN(1,ABS(AF5)/ABS(Assumptions!$B$21)),MAX(0.1,1-Assumptions!$B$31*(AF5/50)))))-((Archetypes!$D$11*(IF(AF5<0,1+Assumptions!$B$32*MIN(1,ABS(AF5)/ABS(Assumptions!$B$21)),MAX(0.1,1-Assumptions!$B$31*(AF5/50)))))*AJ5)*Archetypes!$D$15)*(Archetypes!$D$13*IF(AF5<0,1-Assumptions!$B$33*MIN(1,ABS(AF5)/ABS(Assumptions!$B$21)),1))*5)+(((Archetypes!$D$11*(IF(AF5<0,1+Assumptions!$B$32*MIN(1,ABS(AF5)/ABS(Assumptions!$B$21)),MAX(0.1,1-Assumptions!$B$31*(AF5/50)))))*AJ5*Archetypes!$D$15*Archetypes!$D$22)*(Archetypes!$D$13*IF(AF5<0,1-Assumptions!$B$33*MIN(1,ABS(AF5)/ABS(Assumptions!$B$21)),1))*5*Assumptions!$B$18))*IF(AF5<0,Assumptions!$B$9,1)))*$E5 -> 2656.643 | AO5: =(AO4)+(AN5)-(MAX(0,((AO4)+(AN5)-(AP5)))*(IF(Archetypes!$D$27="",Assumptions!$B$11,Archetypes!$D$27))) -> 3301.8955 | AP5: =Archetypes!$D$33 -> 201.32917 | AQ5: =MAX(0,(AO5)-(AP5)) -> 3100.5663
A6: 2 | B6: =INT(A6/24)+1 -> 1 | C6: =MOD(A6,24) -> 2 | D6: =IF(C6<Assumptions!$B$10,1,0) -> 0 | E6: 1 | F6: =G5 -> 14.368216 | G6: =MAX(Assumptions!$B$21,(F6)+(H6)) -> 20.575034 | H6: =(((Archetypes!$B$11*(IF(F6<0,1+Assumptions!$B$32*MIN(1,ABS(F6)/ABS(Assumptions!$B$21)),MAX(0.1,1-Assumptions!$B$31*(F6/50)))))-((Archetypes!$B$11*(IF(F6<0,1+Assumptions!$B$32*MIN(1,ABS(F6)/ABS(Assumptions!$B$21)),MAX(0.1,1-Assumptions!$B$31*(F6/50)))))*J6)*Archetypes!$B$15)*Assumptions!$B$22+((Archetypes!$B$11*(IF(F6<0,1+Assumptions!$B$32*MIN(1,ABS(F6)/ABS(Assumptions!$B$21)),MAX(0.1,1-Assumptions!$B$31*(F6/50)))))*J6*Archetypes!$B$15*Archetypes!$B$22)*Assumptions!$B$23+(Archetypes!$B$11*(IF(F6<0,1+Assumptions!$B$32*MIN(1,ABS(F6)/ABS(Assumptions!$B$21)),MAX(0.1,1-Assumptions!$B$31*(F6/50)))))*Assumptions!$B$24+-((Archetypes!$B$11*(IF(F6<0,1+Assumptions!$B$32*MIN(1,ABS(F6)/ABS(Assumptions!$B$21)),MAX(0.1,1-Assumptions!$B$31*(F6/50)))))*Archetypes!$B$16)*(Assumptions!$B$27*(1+Assumptions!$B$28*Archetypes!$B$14)/(1+Assumptions!$B$29*Archetypes!$B$12))+-(Archetypes!$B$11*(IF(F6<0,1+Assumptions!$B$32*MIN(1,ABS(F6)/ABS(Assumptions!$B$21)),MAX(0.1,1-Assumptions!$B$31*(F6/50)))))*Archetypes!$B$17*((Archetypes!$B$31)/100)*Assumptions!$B$30+-Assumptions!$B$25*Assumptions!$B$26)*$E6 -> 6.2068183 | I6: =(Archetypes!$B$11*(IF(F6<0,1+Assumptions!$B$32*MIN(1,ABS(F6)/ABS(Assumptions!$B$21)),MAX(0.1,1-Assumptions!$B$31*(F6/50)))))*$E6 -> 8.2758141 | J6: =Archetypes!$B$30 -> 0.022 | K6: =I6*J6 -> 0.18206791 | L6: =((I6-K6)*Archetypes!$B$15)+(K6*Archetypes!$B$15*Archetypes!$B$22) -> 0.83122276 | M6: =I6*Archetypes!$B$16 -> 6.2068605 | N6: =(IF(F6<0,Assumptions!$B$8,IF(F6<10,Assumptions!$B$34,IF(F6<25,Assumptions!$B$35,Assumptions!$B$36))))*((((Archetypes!$B$5*Assumptions!$B$4+Archetypes!$B$6*Assumptions!$B$5)*60))+(Assumptions!$B$6*(((Archetypes!$B$11*(IF(F6<0,1+Assumptions!$B$32*MIN(1,ABS(F6)/ABS(Assumptions!$B$21)),MAX(0.1,1-Assumptions!$B$31*(F6/50)))))-((Archetypes!$B$11*(IF(F6<0,1+Assumptions!$B$32*MIN(1,ABS(F6)/ABS(Assumptions!$B$21)),MAX(0.1,1-Assumptions!$B$31*(F6/50)))))*J6)*Archetypes!$B$20)+((Archetypes!$B$11*(IF(F6<0,1+Assumptions!$B$32*MIN(1,ABS(F6)/ABS(Assumptions!$B$21)),MAX(0.1,1-Assumptions!$B$31*(F6/50)))))*J6*Archetypes!$B$20*Archetypes!$B$21)*Assumptions!$B$18)*(IF($D6=1,1,Assumptions!$B$7)))+(((((Archetypes!$B$11*(IF(F6<0,1+Assumptions!$B$32*MIN(1,ABS(F6)/ABS(Assumptions!$B$21)),MAX(0.1,1-Assumptions!$B$31*(F6/50)))))-((Archetypes!$B$11*(IF(F6<0,1+Assumptions!$B$32*MIN(1,ABS(F6)/ABS(Assumptions!$B$21)),MAX(0.1,1-Assumptions!$B$31*(F6/50)))))*J6)*Archetypes!$B$15)*(Archetypes!$B$13*IF(F6<0,1-Assumptions!$B$33*MIN(1,ABS(F6)/ABS(Assumptions!$B$21)),1))*5)+(((Archetypes!$B$11*(IF(F6<0,1+Assumptions!$B$32*MIN(1,ABS(F6)/ABS(Assumptions!$B$21)),MAX(0.1,1-Assumptions!$B$31*(F6/50)))))*J6*Archetypes!$B$15*Archetypes!$B$22)*(Archetypes!$B$13*IF(F6<0,1-Assumptions!$B$33*MIN(1,ABS(F6)/ABS(Assumptions!$B$21)),1))*5*Assumptions!$B$18))*IF(F6<0,Assumptions!$B$9,1)))*$E6 -> 457.28772 | O6: =(O5)+(N6)-(MAX(0,((O5)+(N6)-(P6)))*(IF(Archetypes!$B$27="",Assumptions!$B$11,Archetypes!$B$27))) -> 1144.4063 | P6: =Archetypes!$B$33 -> 25.4232 | Q6: =MAX(0,(O6)-(P6)) -> 1118.9831 | S6: =T5 -> 14.93213 | T6: =MAX(Assumptions!$B$21,(S6)+(U6)) -> 19.40104 | U6: =(((Archetypes!$C$11*(IF(S6<0,1+Assumptions!$B$32*MIN(1,ABS(S6)/ABS(Assumptions!$B$21)),MAX(0.1,1-Assumptions!$B$31*(S6/50)))))-((Archetypes!$C$11*(IF(S6<0,1+Assumptions!$B$32*MIN(1,ABS(S6)/ABS(Assumptions!$B$21)),MAX(0.1,1-Assumptions!$B$31*(S6/50)))))*W6)*Archetypes!$C$15)*Assumptions!$B$22+((Archetypes!$C$11*(IF(S6<0,1+Assumptions!$B$32*MIN(1,ABS(S6)/ABS(Assumptions!$B$21)),MAX(0.1,1-Assumptions!$B$31*(S6/50)))))*W6*Archetypes!$C$15*Archetypes!$C$22)*Assumptions!$B$23+(Archetypes!$C$11*(IF(S6<0,1+Assumptions!$B$32*MIN(1,ABS(S6)/ABS(Assumptions!$B$21)),MAX(0.1,1-Assumptions!$B$31*(S6/50)))))*Assumptions!$B$24+-((Archetypes!$C$11*(IF(S6<0,1+Assumptions!$B$32*MIN(1,ABS(S6)/ABS(Assumptions!$B$21)),MAX(0.1,1-Assumptions!$B$31*(S6/50)))))*Archetypes!$C$16)*(Assumptions!$B$27*(1+Assumptions!$B$28*Archetypes!$C$14)/(1+Assumptions!$B$29*Archetypes!$C$12))+-(Archetypes!$C$11*(IF(S6<0,1+Assumptions!$B$32*MIN(1,ABS(S6)/ABS(Assumptions!$B$21)),MAX(0.1,1-Assumptions!$B$31*(S6/50)))))*Archetypes!$C$17*((Archetypes!$C$31)/100)*Assumptions!$B$30+-Assumptions!$B$25*Assumptions!$B$26)*$E6 -> 4.4689105 | V6: =(Archetypes!$C$11*(IF(S6<0,1+Assumptions!$B$32*MIN(1,ABS(S6)/ABS(Assumptions!$B$21)),MAX(0.1,1-Assumptions!$B$31*(S6/50)))))*$E6 -> 4.9248867 | W6: =Archetypes!$C$30 -> 0.038 | X6: =V6*W6 -> 0.18714569 | Y6: =((V6-X6)*Archetypes!$C$15)+(X6*Archetypes!$C$15*Archetypes!$C$22) -> 2.4905152 | Z6: =V6*Archetypes!$C$16 -> 2.216199 | AA6: =(IF(S6<0,Assumptions!$B$8,IF(S6<10,Assumptions!$B$34,IF(S6<25,Assumptions!$B$35,Assumptions!$B$36))))*((((Archetypes!$C$5*Assumptions!$B$4+Archetypes!$C$6*Assumptions!$B$5)*60))+(Assumptions!$B$6*(((Archetypes!$C$11*(IF(S6<0,1+Assumptions!$B$32*MIN(1,ABS(S6)/ABS(Assumptions!$B$21)),MAX(0.1,1-Assumptions!$B$31*(S6/50)))))-((Archetypes!$C$11*(IF(S6<0,1+Assumptions!$B$32*MIN(1,ABS(S6)/ABS(Assumptions!$B$21)),MAX(0.1,1-Assumptions!$B$31*(S6/50)))))*W6)*Archetypes!$C$20)+((Archetypes!$C$11*(IF(S6<0,1+Assumptions!$B$32*MIN(1,ABS(S6)/ABS(Assumptions!$B$21)),MAX(0.1,1-Assumptions!$B$31*(S6/50)))))*W6*Archetypes!$C$20*Archetypes!$C$21)*Assumptions!$B$18)*(IF($D6=1,1,Assumptions!$B$7)))+(((((Archetypes!$C$11*(IF(S6<0,1+Assumptions!$B$32*MIN(1,ABS(S6)/ABS(Assumptions!$B$21)),MAX(0.1,1-Assumptions!$B$31*(S6/50)))))-((Archetypes!$C$11*(IF(S6<0,1+Assumptions!$B$32*MIN(1,ABS(S6)/ABS(Assumptions!$B$21)),MAX(0.1,1-Assumptions!$B$31*(S6/50)))))*W6)*Archetypes!$C$15)*(Archetypes!$C$13*IF(S6<0,1-Assumptions!$B$33*MIN(1,ABS(S6)/ABS(Assumptions!$B$21)),1))*5)+(((Archetypes!$C$11*(IF(S6<0,1+Assumptions!$B$32*MIN(1,ABS(S6)/ABS(Assumptions!$B$21)),MAX(0.1,1-Assumptions!$B$31*(S6/50)))))*W6*Archetypes!$C$15*Archetypes!$C$22)*(Archetypes!$C$13*IF(S6<0,1-Assumptions!$B$33*MIN(1,ABS(S6)/ABS(Assumptions!$B$21)),1))*5*Assumptions!$B$18))*IF(S6<0,Assumptions!$B$9,1)))*$E6 -> 1168.3378 | AB6: =(AB5)+(AA6)-(MAX(0,((AB5)+(AA6)-(AC6)))*(IF(Archetypes!$C$27="",Assumptions!$B$11,Archetypes!$C$27))) -> 2497.7137 | AC6: =Archetypes!$C$33 -> 90.34 | AD6: =MAX(0,(AB6)-(AC6)) -> 2407.3737 | AF6: =AG5 -> 21.682645 | AG6: =MAX(Assumptions!$B$21,(AF6)+(AH6)) -> 24.763654 | AH6: =(((Archetypes!$D$11*(IF(AF6<0,1+Assumptions!$B$32*MIN(1,ABS(AF6)/ABS(Assumptions!$B$21)),MAX(0.1,1-Assumptions!$B$31*(AF6/50)))))-((Archetypes!$D$11*(IF(AF6<0,1+Assumptions!$B$32*MIN(1,ABS(AF6)/ABS(Assumptions!$B$21)),MAX(0.1,1-Assumptions!$B$31*(AF6/50)))))*AJ6)*Archetypes!$D$15)*Assumptions!$B$22+((Archetypes!$D$11*(IF(AF6<0,1+Assumptions!$B$32*MIN(1,ABS(AF6)/ABS(Assumptions!$B$21)),MAX(0.1,1-Assumptions!$B$31*(AF6/50)))))*AJ6*Archetypes!$D$15*Archetypes!$D$22)*Assumptions!$B$23+(Archetypes!$D$11*(IF(AF6<0,1+Assumptions!$B$32*MIN(1,ABS(AF6)/ABS(Assumptions!$B$21)),MAX(0.1,1-Assumptions!$B$31*(AF6/50)))))*Assumptions!$B$24+-((Archetypes!$D$11*(IF(AF6<0,1+Assumptions!$B$32*MIN(1,ABS(AF6)/ABS(Assumptions!$B$21)),MAX(0.1,1-Assumptions!$B$31*(AF6/50)))))*Archetypes!$D$16)*(Assumptions!$B$27*(1+Assumptions!$B$28*Archetypes!$D$14)/(1+Assumptions!$B$29*Archetypes!$D$12))+-(Archetypes!$D$11*(IF(AF6<0,1+Assumptions!$B$32*MIN(1,ABS(AF6)/ABS(Assumptions!$B$21)),MAX(0.1,1-Assumptions!$B$31*(AF6/50)))))*Archetypes!$D$17*((Archetypes!$D$31)/100)*Assumptions!$B$30+-Assumptions!$B$25*Assumptions!$B$26)*$E6 -> 3.081009 | AI6: =(Archetypes!$D$11*(IF(AF6<0,1+Assumptions!$B$32*MIN(1,ABS(AF6)/ABS(Assumptions!$B$21)),MAX(0.1,1-Assumptions!$B$31*(AF6/50)))))*$E6 -> 2.2194248 | AJ6: =Archetypes!$D$30 -> 0.104 | AK6: =AI6*AJ6 -> 0.23082018 | AL6: =((AI6-AK6)*Archetypes!$D$15)+(AK6*Archetypes!$D$15*Archetypes!$D$22) -> 3.4676293 | AM6: =AI6*Archetypes!$D$16 -> 0.44388496 | AN6: =(IF(AF6<0,Assumptions!$B$8,IF(AF6<10,Assumptions!$B$34,IF(AF6<25,Assumptions!$B$35,Assumptions!$B$36))))*((((Archetypes!$D$5*Assumptions!$B$4+Archetypes!$D$6*Assumptions!$B$5)*60))+(Assumptions!$B$6*(((Archetypes!$D$11*(IF(AF6<0,1+Assumptions!$B$32*MIN(1,ABS(AF6)/ABS(Assumptions!$B$21)),MAX(0.1,1-Assumptions!$B$31*(AF6/50)))))-((Archetypes!$D$11*(IF(AF6<0,1+Assumptions!$B$32*MIN(1,ABS(AF6)/ABS(Assumptions!$B$21)),MAX(0.1,1-Assumptions!$B$31*(AF6/50)))))*AJ6)*Archetypes!$D$20)+((Archetypes!$D$11*(IF(AF6<0,1+Assumptions!$B$32*MIN(1,ABS(AF6)/ABS(Assumptions!$B$21)),MAX(0.1,1-Assumptions!$B$31*(AF6/50)))))*AJ6*Archetypes!$D$20*Archetypes!$D$21)*Assumptions!$B$18)*(IF($D6=1,1,Assumptions!$B$7)))+(((((Archetypes!$D$11*(IF(AF6<0,1+Assumptions!$B$32*MIN(1,ABS(AF6)/ABS(Assumptions!$B$21)),MAX(0.1,1-Assumptions!$B$31*(AF6/50)))))-((Archetypes!$D$11*(IF(AF6<0,1+Assumptions!$B$32*MIN(1,ABS(AF6)/ABS(Assumptions!$B$21)),MAX(0.1,1-Assumptions!$B$31*(AF6/50)))))*AJ6)*Archetypes!$D$15)*(Archetypes!$D$13*IF(AF6<0,1-Assumptions!$B$33*MIN(1,ABS(AF6)/ABS(Assumptions!$B$21)),1))*5)+(((Archetypes!$D$11*(IF(AF6<0,1+Assumptions!$B$32*MIN(1,ABS(AF6)/ABS(Assumptions!$B$21)),MAX(0.1,1-Assumptions!$B$31*(AF6/50)))))*AJ6*Archetypes!$D$15*Archetypes!$D$22)*(Archetypes!$D$13*IF(AF6<0,1-Assumptions!$B$33*MIN(1,ABS(AF6)/ABS(Assumptions!$B$21)),1))*5*Assumptions!$B$18))*IF(AF6<0,Assumptions!$B$9,1)))*$E6 -> 1797.593 | AO6: =(AO5)+(AN6)-(MAX(0,((AO5)+(AN6)-(AP6)))*(IF(Archetypes!$D$27="",Assumptions!$B$11,Archetypes!$D$27))) -> 3630.0407 | AP6: =Archetypes!$D$33 -> 201.32917 | AQ6: =MAX(0,(AO6)-(AP6)) -> 3428.7115
A7: 3 | B7: =INT(A7/24)+1 -> 1 | C7: =MOD(A7,24) -> 3 | D7: =IF(C7<Assumptions!$B$10,1,0) -> 0 | E7: 1 | F7: =G6 -> 20.575034 | G7: =MAX(Assumptions!$B$21,(F7)+(H7)) -> 26.209743 | H7: =(((Archetypes!$B$11*(IF(F7<0,1+Assumptions!$B$32*MIN(1,ABS(F7)/ABS(Assumptions!$B$21)),MAX(0.1,1-Assumptions!$B$31*(F7/50)))))-((Archetypes!$B$11*(IF(F7<0,1+Assumptions!$B$32*MIN(1,ABS(F7)/ABS(Assumptions!$B$21)),MAX(0.1,1-Assumptions!$B$31*(F7/50)))))*J7)*Archetypes!$B$15)*Assumptions!$B$22+((Archetypes!$B$11*(IF(F7<0,1+Assumptions!$B$32*MIN(1,ABS(F7)/ABS(Assumptions!$B$21)),MAX(0.1,1-Assumptions!$B$31*(F7/50)))))*J7*Archetypes!$B$15*Archetypes!$B$22)*Assumptions!$B$23+(Archetypes!$B$11*(IF(F7<0,1+Assumptions!$B$32*MIN(1,ABS(F7)/ABS(Assumptions!$B$21)),MAX(0.1,1-Assumptions!$B$31*(F7/50)))))*Assumptions!$B$24+-((Archetypes!$B$11*(IF(F7<0,1+Assumptions!$B$32*MIN(1,ABS(F7)/ABS(Assumptions!$B$21)),MAX(0.1,1-Assumptions!$B$31*(F7/50)))))*Archetypes!$B$16)*(Assumptions!$B$27*(1+Assumptions!$B$28*Archetypes!$B$14)/(1+Assumptions!$B$29*Archetypes!$B$12))+-(Archetypes!$B$11*(IF(F7<0,1+Assumptions!$B$32*MIN(1,ABS(F7)/ABS(Assumptions!$B$21)),MAX(0.1,1-Assumptions!$B$31*(F7/50)))))*Archetypes!$B$17*((Archetypes!$B$31)/100)*Assumptions!$B$30+-Assumptions!$B$25*Assumptions!$B$26)*$E7 -> 5.6347085 | I7: =(Archetypes!$B$11*(IF(F7<0,1+Assumptions!$B$32*MIN(1,ABS(F7)/ABS(Assumptions!$B$21)),MAX(0.1,1-Assumptions!$B$31*(F7/50)))))*$E7 -> 7.5309959 | J7: =Archetypes!$B$30 -> 0.022 | K7: =I7*J7 -> 0.16568191 | L7: =((I7-K7)*Archetypes!$B$15)+(K7*Archetypes!$B$15*Archetypes!$B$22) -> 0.75641322 | M7: =I7*Archetypes!$B$16 -> 5.6482469 | N7: =(IF(F7<0,Assumptions!$B$8,IF(F7<10,Assumptions!$B$34,IF(F7<25,Assumptions!$B$35,Assumptions!$B$36))))*((((Archetypes!$B$5*Assumptions!$B$4+Archetypes!$B$6*Assumptions!$B$5)*60))+(Assumptions!$B$6*(((Archetypes!$B$11*(IF(F7<0,1+Assumptions!$B$32*MIN(1,ABS(F7)/ABS(Assumptions!$B$21)),MAX(0.1,1-Assumptions!$B$31*(F7/50)))))-((Archetypes!$B$11*(IF(F7<0,1+Assumptions!$B$32*MIN(1,ABS(F7)/ABS(Assumptions!$B$21)),MAX(0.1,1-Assumptions!$B$31*(F7/50)))))*J7)*Archetypes!$B$20)+((Archetypes!$B$11*(IF(F7<0,1+Assumptions!$B$32*MIN(1,ABS(F7)/ABS(Assumptions!$B$21)),MAX(0.1,1-Assumptions!$B$31*(F7/50)))))*J7*Archetypes!$B$20*Archetypes!$B$21)*Assumptions!$B$18)*(IF($D7=1,1,Assumptions!$B$7)))+(((((Archetypes!$B$11*(IF(F7<0,1+Assumptions!$B$32*MIN(1,ABS(F7)/ABS(Assumptions!$B$21)),MAX(0.1,1-Assumptions!$B$31*(F7/50)))))-((Archetypes!$B$11*(IF(F7<0,1+Assumptions!$B$32*MIN(1,ABS(F7)/ABS(Assumptions!$B$21)),MAX(0.1,1-Assumptions!$B$31*(F7/50)))))*J7)*Archetypes!$B$15)*(Archetypes!$B$13*IF(F7<0,1-Assumptions!$B$33*MIN(1,ABS(F7)/ABS(Assumptions!$B$21)),1))*5)+(((Archetypes!$B$11*(IF(F7<0,1+Assumptions!$B$32*MIN(1,ABS(F7)/ABS(Assumptions!$B$21)),MAX(0.1,1-Assumptions!$B$31*(F7/50)))))*J7*Archetypes!$B$15*Archetypes!$B$22)*(Archetypes!$B$13*IF(F7<0,1-Assumptions!$B$33*MIN(1,ABS(F7)/ABS(Assumptions!$B$21)),1))*5*Assumptions!$B$18))*IF(F7<0,Assumptions!$B$9,1)))*$E7 -> 431.522 | O7: =(O6)+(N7)-(MAX(0,((O6)+(N7)-(P7)))*(IF(Archetypes!$B$27="",Assumptions!$B$11,Archetypes!$B$27))) -> 1265.8273 | P7: =Archetypes!$B$33 -> 25.4232 | Q7: =MAX(0,(O7)-(P7)) -> 1240.4041 | S7: =T6 -> 19.40104 | T7: =MAX(Assumptions!$B$21,(S7)+(U7)) -> 23.56818 | U7: =(((Archetypes!$C$11*(IF(S7<0,1+Assumptions!$B$32*MIN(1,ABS(S7)/ABS(Assumptions!$B$21)),MAX(0.1,1-Assumptions!$B$31*(S7/50)))))-((Archetypes!$C$11*(IF(S7<0,1+Assumptions!$B$32*MIN(1,ABS(S7)/ABS(Assumptions!$B$21)),MAX(0.1,1-Assumptions!$B$31*(S7/50)))))*W7)*Archetypes!$C$15)*Assumptions!$B$22+((Archetypes!$C$11*(IF(S7<0,1+Assumptions!$B$32*MIN(1,ABS(S7)/ABS(Assumptions!$B$21)),MAX(0.1,1-Assumptions!$B$31*(S7/50)))))*W7*Archetypes!$C$15*Archetypes!$C$22)*Assumptions!$B$23+(Archetypes!$C$11*(IF(S7<0,1+Assumptions!$B$32*MIN(1,ABS(S7)/ABS(Assumptions!$B$21)),MAX(0.1,1-Assumptions!$B$31*(S7/50)))))*Assumptions!$B$24+-((Archetypes!$C$11*(IF(S7<0,1+Assumptions!$B$32*MIN(1,ABS(S7)/ABS(Assumptions!$B$21)),MAX(0.1,1-Assumptions!$B$31*(S7/50)))))*Archetypes!$C$16)*(Assumptions!$B$27*(1+Assumptions!$B$28*Archetypes!$C$14)/(1+Assumptions!$B$29*Archetypes!$C$12))+-(Archetypes!$C$11*(IF(S7<0,1+Assumptions!$B$32*MIN(1,ABS(S7)/ABS(Assumptions!$B$21)),MAX(0.1,1-Assumptions!$B$31*(S7/50)))))*Archetypes!$C$17*((Archetypes!$C$31)/100)*Assumptions!$B$30+-Assumptions!$B$25*Assumptions!$B$26)*$E7 -> 4.1671395 | V7: =(Archetypes!$C$11*(IF(S7<0,1+Assumptions!$B$32*MIN(1,ABS(S7)/ABS(Assumptions!$B$21)),MAX(0.1,1-Assumptions!$B$31*(S7/50)))))*$E7 -> 4.6031251 | W7: =Archetypes!$C$30 -> 0.038 | X7: =V7*W7 -> 0.17491875 | Y7: =((V7-X7)*Archetypes!$C$15)+(X7*Archetypes!$C$15*Archetypes!$C$22) -> 2.3278004 | Z7: =V7*Archetypes!$C$16 -> 2.0714063 | AA7: =(IF(S7<0,Assumptions!$B$8,IF(S7<10,Assumptions!$B$34,IF(S7<25,Assumptions!$B$35,Assumptions!$B$36))))*((((Archetypes!$C$5*Assumptions!$B$4+Archetypes!$C$6*Assumptions!$B$5)*60))+(Assumptions!$B$6*(((Archetypes!$C$11*(IF(S7<0,1+Assumptions!$B$32*MIN(1,ABS(S7)/ABS(Assumptions!$B$21)),MAX(0.1,1-Assumptions!$B$31*(S7/50)))))-((Archetypes!$C$11*(IF(S7<0,1+Assumptions!$B$32*MIN(1,ABS(S7)/ABS(Assumptions!$B$21)),MAX(0.1,1-Assumptions!$B$31*(S7/50)))))*W7)*Archetypes!$C$20)+((Archetypes!$C$11*(IF(S7<0,1+Assumptions!$B$32*MIN(1,ABS(S7)/ABS(Assumptions!$B$21)),MAX(0.1,1-Assumptions!$B$31*(S7/50)))))*W7*Archetypes!$C$20*Archetypes!$C$21)*Assumptions!$B$18)*(IF($D7=1,1,Assumptions!$B$7)))+(((((Archetypes!$C$11*(IF(S7<0,1+Assumptions!$B$32*MIN(1,ABS(S7)/ABS(Assumptions!$B$21)),MAX(0.1,1-Assumptions!$B$31*(S7/50)))))-((Archetypes!$C$11*(IF(S7<0,1+Assumptions!$B$32*MIN(1,ABS(S7)/ABS(Assumptions!$B$21)),MAX(0.1,1-Assumptions!$B$31*(S7/50)))))*W7)*Archetypes!$C$15)*(Archetypes!$C$13*IF(S7<0,1-Assumptions!$B$33*MIN(1,ABS(S7)/ABS(Assumptions!$B$21)),1))*5)+(((Archetypes!$C$11*(IF(S7<0,1+Assumptions!$B$32*MIN(1,ABS(S7)/ABS(Assumptions!$B$21)),MAX(0.1,1-Assumptions!$B$31*(S7/50)))))*W7*Archetypes!$C$15*Archetypes!$C$22)*(Archetypes!$C$13*IF(S7<0,1-Assumptions!$B$33*MIN(1,ABS(S7)/ABS(Assumptions!$B$21)),1))*5*Assumptions!$B$18))*IF(S7<0,Assumptions!$B$9,1)))*$E7 -> 1140.4182 | AB7: =(AB6)+(AA7)-(MAX(0,((AB6)+(AA7)-(AC7)))*(IF(Archetypes!$C$27="",Assumptions!$B$11,Archetypes!$C$27))) -> 2751.1839 | AC7: =Archetypes!$C$33 -> 90.34 | AD7: =MAX(0,(AB7)-(AC7)) -> 2660.8439 | AF7: =AG6 -> 24.763654 | AG7: =MAX(Assumptions!$B$21,(AF7)+(AH7)) -> 27.683193 | AH7: =(((Archetypes!$D$11*(IF(AF7<0,1+Assumptions!$B$32*MIN(1,ABS(AF7)/ABS(Assumptions!$B$21)),MAX(0.1,1-Assumptions!$B$31*(AF7/50)))))-((Archetypes!$D$11*(IF(AF7<0,1+Assumptions!$B$32*MIN(1,ABS(AF7)/ABS(Assumptions!$B$21)),MAX(0.1,1-Assumptions!$B$31*(AF7/50)))))*AJ7)*Archetypes!$D$15)*Assumptions!$B$22+((Archetypes!$D$11*(IF(AF7<0,1+Assumptions!$B$32*MIN(1,ABS(AF7)/ABS(Assumptions!$B$21)),MAX(0.1,1-Assumptions!$B$31*(AF7/50)))))*AJ7*Archetypes!$D$15*Archetypes!$D$22)*Assumptions!$B$23+(Archetypes!$D$11*(IF(AF7<0,1+Assumptions!$B$32*MIN(1,ABS(AF7)/ABS(Assumptions!$B$21)),MAX(0.1,1-Assumptions!$B$31*(AF7/50)))))*Assumptions!$B$24+-((Archetypes!$D$11*(IF(AF7<0,1+Assumptions!$B$32*MIN(1,ABS(AF7)/ABS(Assumptions!$B$21)),MAX(0.1,1-Assumptions!$B$31*(AF7/50)))))*Archetypes!$D$16)*(Assumptions!$B$27*(1+Assumptions!$B$28*Archetypes!$D$14)/(1+Assumptions!$B$29*Archetypes!$D$12))+-(Archetypes!$D$11*(IF(AF7<0,1+Assumptions!$B$32*MIN(1,ABS(AF7)/ABS(Assumptions!$B$21)),MAX(0.1,1-Assumptions!$B$31*(AF7/50)))))*Archetypes!$D$17*((Archetypes!$D$31)/100)*Assumptions!$B$30+-Assumptions!$B$25*Assumptions!$B$26)*$E7 -> 2.9195385 | AI7: =(Archetypes!$D$11*(IF(AF7<0,1+Assumptions!$B$32*MIN(1,ABS(AF7)/ABS(Assumptions!$B$21)),MAX(0.1,1-Assumptions!$B$31*(AF7/50)))))*$E7 -> 2.1085085 | AJ7: =Archetypes!$D$30 -> 0.104 | AK7: =AI7*AJ7 -> 0.21928488 | AL7: =((AI7-AK7)*Archetypes!$D$15)+(AK7*Archetypes!$D$15*Archetypes!$D$22) -> 3.2943336 | AM7: =AI7*Archetypes!$D$16 -> 0.42170169 | AN7: =(IF(AF7<0,Assumptions!$B$8,IF(AF7<10,Assumptions!$B$34,IF(AF7<25,Assumptions!$B$35,Assumptions!$B$36))))*((((Archetypes!$D$5*Assumptions!$B$4+Archetypes!$D$6*Assumptions!$B$5)*60))+(Assumptions!$B$6*(((Archetypes!$D$11*(IF(AF7<0,1+Assumptions!$B$32*MIN(1,ABS(AF7)/ABS(Assumptions!$B$21)),MAX(0.1,1-Assumptions!$B$31*(AF7/50)))))-((Archetypes!$D$11*(IF(AF7<0,1+Assumptions!$B$32*MIN(1,ABS(AF7)/ABS(Assumptions!$B$21)),MAX(0.1,1-Assumptions!$B$31*(AF7/50)))))*AJ7)*Archetypes!$D$20)+((Archetypes!$D$11*(IF(AF7<0,1+Assumptions!$B$32*MIN(1,ABS(AF7)/ABS(Assumptions!$B$21)),MAX(0.1,1-Assumptions!$B$31*(AF7/50)))))*AJ7*Archetypes!$D$20*Archetypes!$D$21)*Assumptions!$B$18)*(IF($D7=1,1,Assumptions!$B$7)))+(((((Archetypes!$D$11*(IF(AF7<0,1+Assumptions!$B$32*MIN(1,ABS(AF7)/ABS(Assumptions!$B$21)),MAX(0.1,1-Assumptions!$B$31*(AF7/50)))))-((Archetypes!$D$11*(IF(AF7<0,1+Assumptions!$B$32*MIN(1,ABS(AF7)/ABS(Assumptions!$B$21)),MAX(0.1,1-Assumptions!$B$31*(AF7/50)))))*AJ7)*Archetypes!$D$15)*(Archetypes!$D$13*IF(AF7<0,1-Assumptions!$B$33*MIN(1,ABS(AF7)/ABS(Assumptions!$B$21)),1))*5)+(((Archetypes!$D$11*(IF(AF7<0,1+Assumptions!$B$32*MIN(1,ABS(AF7)/ABS(Assumptions!$B$21)),MAX(0.1,1-Assumptions!$B$31*(AF7/50)))))*AJ7*Archetypes!$D$15*Archetypes!$D$22)*(Archetypes!$D$13*IF(AF7<0,1-Assumptions!$B$33*MIN(1,ABS(AF7)/ABS(Assumptions!$B$21)),1))*5*Assumptions!$B$18))*IF(AF7<0,Assumptions!$B$9,1)))*$E7 -> 1767.5782 | AO7: =(AO6)+(AN7)-(MAX(0,((AO6)+(AN7)-(AP7)))*(IF(Archetypes!$D$27="",Assumptions!$B$11,Archetypes!$D$27))) -> 3838.732 | AP7: =Archetypes!$D$33 -> 201.32917 | AQ7: =MAX(0,(AO7)-(AP7)) -> 3637.4028
A8: 4 | B8: =INT(A8/24)+1 -> 1 | C8: =MOD(A8,24) -> 4 | D8: =IF(C8<Assumptions!$B$10,1,0) -> 0 | E8: 1 | F8: =G7 -> 26.209743 | G8: =MAX(Assumptions!$B$21,(F8)+(H8)) -> 31.325076 | H8: =(((Archetypes!$B$11*(IF(F8<0,1+Assumptions!$B$32*MIN(1,ABS(F8)/ABS(Assumptions!$B$21)),MAX(0.1,1-Assumptions!$B$31*(F8/50)))))-((Archetypes!$B$11*(IF(F8<0,1+Assumptions!$B$32*MIN(1,ABS(F8)/ABS(Assumptions!$B$21)),MAX(0.1,1-Assumptions!$B$31*(F8/50)))))*J8)*Archetypes!$B$15)*Assumptions!$B$22+((Archetypes!$B$11*(IF(F8<0,1+Assumptions!$B$32*MIN(1,ABS(F8)/ABS(Assumptions!$B$21)),MAX(0.1,1-Assumptions!$B$31*(F8/50)))))*J8*Archetypes!$B$15*Archetypes!$B$22)*Assumptions!$B$23+(Archetypes!$B$11*(IF(F8<0,1+Assumptions!$B$32*MIN(1,ABS(F8)/ABS(Assumptions!$B$21)),MAX(0.1,1-Assumptions!$B$31*(F8/50)))))*Assumptions!$B$24+-((Archetypes!$B$11*(IF(F8<0,1+Assumptions!$B$32*MIN(1,ABS(F8)/ABS(Assumptions!$B$21)),MAX(0.1,1-Assumptions!$B$31*(F8/50)))))*Archetypes!$B$16)*(Assumptions!$B$27*(1+Assumptions!$B$28*Archetypes!$B$14)/(1+Assumptions!$B$29*Archetypes!$B$12))+-(Archetypes!$B$11*(IF(F8<0,1+Assumptions!$B$32*MIN(1,ABS(F8)/ABS(Assumptions!$B$21)),MAX(0.1,1-Assumptions!$B$31*(F8/50)))))*Archetypes!$B$17*((Archetypes!$B$31)/100)*Assumptions!$B$30+-Assumptions!$B$25*Assumptions!$B$26)*$E8 -> 5.1153327 | I8: =(Archetypes!$B$11*(IF(F8<0,1+Assumptions!$B$32*MIN(1,ABS(F8)/ABS(Assumptions!$B$21)),MAX(0.1,1-Assumptions!$B$31*(F8/50)))))*$E8 -> 6.8548308 | J8: =Archetypes!$B$30 -> 0.022 | K8: =I8*J8 -> 0.15080628 | L8: =((I8-K8)*Archetypes!$B$15)+(K8*Archetypes!$B$15*Archetypes!$B$22) -> 0.68849921 | M8: =I8*Archetypes!$B$16 -> 5.1411231 | N8: =(IF(F8<0,Assumptions!$B$8,IF(F8<10,Assumptions!$B$34,IF(F8<25,Assumptions!$B$35,Assumptions!$B$36))))*((((Archetypes!$B$5*Assumptions!$B$4+Archetypes!$B$6*Assumptions!$B$5)*60))+(Assumptions!$B$6*(((Archetypes!$B$11*(IF(F8<0,1+Assumptions!$B$32*MIN(1,ABS(F8)/ABS(Assumptions!$B$21)),MAX(0.1,1-Assumptions!$B$31*(F8/50)))))-((Archetypes!$B$11*(IF(F8<0,1+Assumptions!$B$32*MIN(1,ABS(F8)/ABS(Assumptions!$B$21)),MAX(0.1,1-Assumptions!$B$31*(F8/50)))))*J8)*Archetypes!$B$20)+((Archetypes!$B$11*(IF(F8<0,1+Assumptions!$B$32*MIN(1,ABS(F8)/ABS(Assumptions!$B$21)),MAX(0.1,1-Assumptions!$B$31*(F8/50)))))*J8*Archetypes!$B$20*Archetypes!$B$21)*Assumptions!$B$18)*(IF($D8=1,1,Assumptions!$B$7)))+(((((Archetypes!$B$11*(IF(F8<0,1+Assumptions!$B$32*MIN(1,ABS(F8)/ABS(Assumptions!$B$21)),MAX(0.1,1-Assumptions!$B$31*(F8/50)))))-((Archetypes!$B$11*(IF(F8<0,1+Assumptions!$B$32*MIN(1,ABS(F8)/ABS(Assumptions!$B$21)),MAX(0.1,1-Assumptions!$B$31*(F8/50)))))*J8)*Archetypes!$B$15)*(Archetypes!$B$13*IF(F8<0,1-Assumptions!$B$33*MIN(1,ABS(F8)/ABS(Assumptions!$B$21)),1))*5)+(((Archetypes!$B$11*(IF(F8<0,1+Assumptions!$B$32*MIN(1,ABS(F8)/ABS(Assumptions!$B$21)),MAX(0.1,1-Assumptions!$B$31*(F8/50)))))*J8*Archetypes!$B$15*Archetypes!$B$22)*(Archetypes!$B$13*IF(F8<0,1-Assumptions!$B$33*MIN(1,ABS(F8)/ABS(Assumptions!$B$21)),1))*5*Assumptions!$B$18))*IF(F8<0,Assumptions!$B$9,1)))*$E8 -> 365.17004 | O8: =(O7)+(N8)-(MAX(0,((O7)+(N8)-(P8)))*(IF(Archetypes!$B$27="",Assumptions!$B$11,Archetypes!$B$27))) -> 1309.8825 | P8: =Archetypes!$B$33 -> 25.4232 | Q8: =MAX(0,(O8)-(P8)) -> 1284.4593 | S8: =T7 -> 23.56818 | T8: =MAX(Assumptions!$B$21,(S8)+(U8)) -> 27.453926 | U8: =(((Archetypes!$C$11*(IF(S8<0,1+Assumptions!$B$32*MIN(1,ABS(S8)/ABS(Assumptions!$B$21)),MAX(0.1,1-Assumptions!$B$31*(S8/50)))))-((Archetypes!$C$11*(IF(S8<0,1+Assumptions!$B$32*MIN(1,ABS(S8)/ABS(Assumptions!$B$21)),MAX(0.1,1-Assumptions!$B$31*(S8/50)))))*W8)*Archetypes!$C$15)*Assumptions!$B$22+((Archetypes!$C$11*(IF(S8<0,1+Assumptions!$B$32*MIN(1,ABS(S8)/ABS(Assumptions!$B$21)),MAX(0.1,1-Assumptions!$B$31*(S8/50)))))*W8*Archetypes!$C$15*Archetypes!$C$22)*Assumptions!$B$23+(Archetypes!$C$11*(IF(S8<0,1+Assumptions!$B$32*MIN(1,ABS(S8)/ABS(Assumptions!$B$21)),MAX(0.1,1-Assumptions!$B$31*(S8/50)))))*Assumptions!$B$24+-((Archetypes!$C$11*(IF(S8<0,1+Assumptions!$B$32*MIN(1,ABS(S8)/ABS(Assumptions!$B$21)),MAX(0.1,1-Assumptions!$B$31*(S8/50)))))*Archetypes!$C$16)*(Assumptions!$B$27*(1+Assumptions!$B$28*Archetypes!$C$14)/(1+Assumptions!$B$29*Archetypes!$C$12))+-(Archetypes!$C$11*(IF(S8<0,1+Assumptions!$B$32*MIN(1,ABS(S8)/ABS(Assumptions!$B$21)),MAX(0.1,1-Assumptions!$B$31*(S8/50)))))*Archetypes!$C$17*((Archetypes!$C$31)/100)*Assumptions!$B$30+-Assumptions!$B$25*Assumptions!$B$26)*$E8 -> 3.8857462 | V8: =(Archetypes!$C$11*(IF(S8<0,1+Assumptions!$B$32*MIN(1,ABS(S8)/ABS(Assumptions!$B$21)),MAX(0.1,1-Assumptions!$B$31*(S8/50)))))*$E8 -> 4.3030911 | W8: =Archetypes!$C$30 -> 0.038 | X8: =V8*W8 -> 0.16351746 | Y8: =((V8-X8)*Archetypes!$C$15)+(X8*Archetypes!$C$15*Archetypes!$C$22) -> 2.1760732 | Z8: =V8*Archetypes!$C$16 -> 1.936391 | AA8: =(IF(S8<0,Assumptions!$B$8,IF(S8<10,Assumptions!$B$34,IF(S8<25,Assumptions!$B$35,Assumptions!$B$36))))*((((Archetypes!$C$5*Assumptions!$B$4+Archetypes!$C$6*Assumptions!$B$5)*60))+(Assumptions!$B$6*(((Archetypes!$C$11*(IF(S8<0,1+Assumptions!$B$32*MIN(1,ABS(S8)/ABS(Assumptions!$B$21)),MAX(0.1,1-Assumptions!$B$31*(S8/50)))))-((Archetypes!$C$11*(IF(S8<0,1+Assumptions!$B$32*MIN(1,ABS(S8)/ABS(Assumptions!$B$21)),MAX(0.1,1-Assumptions!$B$31*(S8/50)))))*W8)*Archetypes!$C$20)+((Archetypes!$C$11*(IF(S8<0,1+Assumptions!$B$32*MIN(1,ABS(S8)/ABS(Assumptions!$B$21)),MAX(0.1,1-Assumptions!$B$31*(S8/50)))))*W8*Archetypes!$C$20*Archetypes!$C$21)*Assumptions!$B$18)*(IF($D8=1,1,Assumptions!$B$7)))+(((((Archetypes!$C$11*(IF(S8<0,1+Assumptions!$B$32*MIN(1,ABS(S8)/ABS(Assumptions!$B$21)),MAX(0.1,1-Assumptions!$B$31*(S8/50)))))-((Archetypes!$C$11*(IF(S8<0,1+Assumptions!$B$32*MIN(1,ABS(S8)/ABS(Assumptions!$B$21)),MAX(0.1,1-Assumptions!$B$31*(S8/50)))))*W8)*Archetypes!$C$15)*(Archetypes!$C$13*IF(S8<0,1-Assumptions!$B$33*MIN(1,ABS(S8)/ABS(Assumptions!$B$21)),1))*5)+(((Archetypes!$C$11*(IF(S8<0,1+Assumptions!$B$32*MIN(1,ABS(S8)/ABS(Assumptions!$B$21)),MAX(0.1,1-Assumptions!$B$31*(S8/50)))))*W8*Archetypes!$C$15*Archetypes!$C$22)*(Archetypes!$C$13*IF(S8<0,1-Assumptions!$B$33*MIN(1,ABS(S8)/ABS(Assumptions!$B$21)),1))*5*Assumptions!$B$18))*IF(S8<0,Assumptions!$B$9,1)))*$E8 -> 1114.3839 | AB8: =(AB7)+(AA8)-(MAX(0,((AB7)+(AA8)-(AC8)))*(IF(Archetypes!$C$27="",Assumptions!$B$11,Archetypes!$C$27))) -> 2921.7609 | AC8: =Archetypes!$C$33 -> 90.34 | AD8: =MAX(0,(AB8)-(AC8)) -> 2831.4209 | AF8: =AG7 -> 27.683193 | AG8: =MAX(Assumptions!$B$21,(AF8)+(AH8)) -> 30.449723 | AH8: =(((Archetypes!$D$11*(IF(AF8<0,1+Assumptions!$B$32*MIN(1,ABS(AF8)/ABS(Assumptions!$B$21)),MAX(0.1,1-Assumptions!$B$31*(AF8/50)))))-((Archetypes!$D$11*(IF(AF8<0,1+Assumptions!$B$32*MIN(1,ABS(AF8)/ABS(Assumptions!$B$21)),MAX(0.1,1-Assumptions!$B$31*(AF8/50)))))*AJ8)*Archetypes!$D$15)*Assumptions!$B$22+((Archetypes!$D$11*(IF(AF8<0,1+Assumptions!$B$32*MIN(1,ABS(AF8)/ABS(Assumptions!$B$21)),MAX(0.1,1-Assumptions!$B$31*(AF8/50)))))*AJ8*Archetypes!$D$15*Archetypes!$D$22)*Assumptions!$B$23+(Archetypes!$D$11*(IF(AF8<0,1+Assumptions!$B$32*MIN(1,ABS(AF8)/ABS(Assumptions!$B$21)),MAX(0.1,1-Assumptions!$B$31*(AF8/50)))))*Assumptions!$B$24+-((Archetypes!$D$11*(IF(AF8<0,1+Assumptions!$B$32*MIN(1,ABS(AF8)/ABS(Assumptions!$B$21)),MAX(0.1,1-Assumptions!$B$31*(AF8/50)))))*Archetypes!$D$16)*(Assumptions!$B$27*(1+Assumptions!$B$28*Archetypes!$D$14)/(1+Assumptions!$B$29*Archetypes!$D$12))+-(Archetypes!$D$11*(IF(AF8<0,1+Assumptions!$B$32*MIN(1,ABS(AF8)/ABS(Assumptions!$B$21)),MAX(0.1,1-Assumptions!$B$31*(AF8/50)))))*Archetypes!$D$17*((Archetypes!$D$31)/100)*Assumptions!$B$30+-Assumptions!$B$25*Assumptions!$B$26)*$E8 -> 2.7665304 | AI8: =(Archetypes!$D$11*(IF(AF8<0,1+Assumptions!$B$32*MIN(1,ABS(AF8)/ABS(Assumptions!$B$21)),MAX(0.1,1-Assumptions!$B$31*(AF8/50)))))*$E8 -> 2.0034051 | AJ8: =Archetypes!$D$30 -> 0.104 | AK8: =AI8*AJ8 -> 0.20835413 | AL8: =((AI8-AK8)*Archetypes!$D$15)+(AK8*Archetypes!$D$15*Archetypes!$D$22) -> 3.1301201 | AM8: =AI8*Archetypes!$D$16 -> 0.40068101 | AN8: =(IF(AF8<0,Assumptions!$B$8,IF(AF8<10,Assumptions!$B$34,IF(AF8<25,Assumptions!$B$35,Assumptions!$B$36))))*((((Archetypes!$D$5*Assumptions!$B$4+Archetypes!$D$6*Assumptions!$B$5)*60))+(Assumptions!$B$6*(((Archetypes!$D$11*(IF(AF8<0,1+Assumptions!$B$32*MIN(1,ABS(AF8)/ABS(Assumptions!$B$21)),MAX(0.1,1-Assumptions!$B$31*(AF8/50)))))-((Archetypes!$D$11*(IF(AF8<0,1+Assumptions!$B$32*MIN(1,ABS(AF8)/ABS(Assumptions!$B$21)),MAX(0.1,1-Assumptions!$B$31*(AF8/50)))))*AJ8)*Archetypes!$D$20)+((Archetypes!$D$11*(IF(AF8<0,1+Assumptions!$B$32*MIN(1,ABS(AF8)/ABS(Assumptions!$B$21)),MAX(0.1,1-Assumptions!$B$31*(AF8/50)))))*AJ8*Archetypes!$D$20*Archetypes!$D$21)*Assumptions!$B$18)*(IF($D8=1,1,Assumptions!$B$7)))+(((((Archetypes!$D$11*(IF(AF8<0,1+Assumptions!$B$32*MIN(1,ABS(AF8)/ABS(Assumptions!$B$21)),MAX(0.1,1-Assumptions!$B$31*(AF8/50)))))-((Archetypes!$D$11*(IF(AF8<0,1+Assumptions!$B$32*MIN(1,ABS(AF8)/ABS(Assumptions!$B$21)),MAX(0.1,1-Assumptions!$B$31*(AF8/50)))))*AJ8)*Archetypes!$D$15)*(Archetypes!$D$13*IF(AF8<0,1-Assumptions!$B$33*MIN(1,ABS(AF8)/ABS(Assumptions!$B$21)),1))*5)+(((Archetypes!$D$11*(IF(AF8<0,1+Assumptions!$B$32*MIN(1,ABS(AF8)/ABS(Assumptions!$B$21)),MAX(0.1,1-Assumptions!$B$31*(AF8/50)))))*AJ8*Archetypes!$D$15*Archetypes!$D$22)*(Archetypes!$D$13*IF(AF8<0,1-Assumptions!$B$33*MIN(1,ABS(AF8)/ABS(Assumptions!$B$21)),1))*5*Assumptions!$B$18))*IF(AF8<0,Assumptions!$B$9,1)))*$E8 -> 1556.0694 | AO8: =(AO7)+(AN8)-(MAX(0,((AO7)+(AN8)-(AP8)))*(IF(Archetypes!$D$27="",Assumptions!$B$11,Archetypes!$D$27))) -> 3836.7597 | AP8: =Archetypes!$D$33 -> 201.32917 | AQ8: =MAX(0,(AO8)-(AP8)) -> 3635.4306
A9: 5 | B9: =INT(A9/24)+1 -> 1 | C9: =MOD(A9,24) -> 5 | D9: =IF(C9<Assumptions!$B$10,1,0) -> 0 | E9: 1 | F9: =G8 -> 31.325076 | G9: =MAX(Assumptions!$B$21,(F9)+(H9)) -> 35.968906 | H9: =(((Archetypes!$B$11*(IF(F9<0,1+Assumptions!$B$32*MIN(1,ABS(F9)/ABS(Assumptions!$B$21)),MAX(0.1,1-Assumptions!$B$31*(F9/50)))))-((Archetypes!$B$11*(IF(F9<0,1+Assumptions!$B$32*MIN(1,ABS(F9)/ABS(Assumptions!$B$21)),MAX(0.1,1-Assumptions!$B$31*(F9/50)))))*J9)*Archetypes!$B$15)*Assumptions!$B$22+((Archetypes!$B$11*(IF(F9<0,1+Assumptions!$B$32*MIN(1,ABS(F9)/ABS(Assumptions!$B$21)),MAX(0.1,1-Assumptions!$B$31*(F9/50)))))*J9*Archetypes!$B$15*Archetypes!$B$22)*Assumptions!$B$23+(Archetypes!$B$11*(IF(F9<0,1+Assumptions!$B$32*MIN(1,ABS(F9)/ABS(Assumptions!$B$21)),MAX(0.1,1-Assumptions!$B$31*(F9/50)))))*Assumptions!$B$24+-((Archetypes!$B$11*(IF(F9<0,1+Assumptions!$B$32*MIN(1,ABS(F9)/ABS(Assumptions!$B$21)),MAX(0.1,1-Assumptions!$B$31*(F9/50)))))*Archetypes!$B$16)*(Assumptions!$B$27*(1+Assumptions!$B$28*Archetypes!$B$14)/(1+Assumptions!$B$29*Archetypes!$B$12))+-(Archetypes!$B$11*(IF(F9<0,1+Assumptions!$B$32*MIN(1,ABS(F9)/ABS(Assumptions!$B$21)),MAX(0.1,1-Assumptions!$B$31*(F9/50)))))*Archetypes!$B$17*((Archetypes!$B$31)/100)*Assumptions!$B$30+-Assumptions!$B$25*Assumptions!$B$26)*$E9 -> 4.6438299 | I9: =(Archetypes!$B$11*(IF(F9<0,1+Assumptions!$B$32*MIN(1,ABS(F9)/ABS(Assumptions!$B$21)),MAX(0.1,1-Assumptions!$B$31*(F9/50)))))*$E9 -> 6.2409909 | J9: =Archetypes!$B$30 -> 0.022 | K9: =I9*J9 -> 0.1373018 | L9: =((I9-K9)*Archetypes!$B$15)+(K9*Archetypes!$B$15*Archetypes!$B$22) -> 0.62684513 | M9: =I9*Archetypes!$B$16 -> 4.6807432 | N9: =(IF(F9<0,Assumptions!$B$8,IF(F9<10,Assumptions!$B$34,IF(F9<25,Assumptions!$B$35,Assumptions!$B$36))))*((((Archetypes!$B$5*Assumptions!$B$4+Archetypes!$B$6*Assumptions!$B$5)*60))+(Assumptions!$B$6*(((Archetypes!$B$11*(IF(F9<0,1+Assumptions!$B$32*MIN(1,ABS(F9)/ABS(Assumptions!$B$21)),MAX(0.1,1-Assumptions!$B$31*(F9/50)))))-((Archetypes!$B$11*(IF(F9<0,1+Assumptions!$B$32*MIN(1,ABS(F9)/ABS(Assumptions!$B$21)),MAX(0.1,1-Assumptions!$B$31*(F9/50)))))*J9)*Archetypes!$B$20)+((Archetypes!$B$11*(IF(F9<0,1+Assumptions!$B$32*MIN(1,ABS(F9)/ABS(Assumptions!$B$21)),MAX(0.1,1-Assumptions!$B$31*(F9/50)))))*J9*Archetypes!$B$20*Archetypes!$B$21)*Assumptions!$B$18)*(IF($D9=1,1,Assumptions!$B$7)))+(((((Archetypes!$B$11*(IF(F9<0,1+Assumptions!$B$32*MIN(1,ABS(F9)/ABS(Assumptions!$B$21)),MAX(0.1,1-Assumptions!$B$31*(F9/50)))))-((Archetypes!$B$11*(IF(F9<0,1+Assumptions!$B$32*MIN(1,ABS(F9)/ABS(Assumptions!$B$21)),MAX(0.1,1-Assumptions!$B$31*(F9/50)))))*J9)*Archetypes!$B$15)*(Archetypes!$B$13*IF(F9<0,1-Assumptions!$B$33*MIN(1,ABS(F9)/ABS(Assumptions!$B$21)),1))*5)+(((Archetypes!$B$11*(IF(F9<0,1+Assumptions!$B$32*MIN(1,ABS(F9)/ABS(Assumptions!$B$21)),MAX(0.1,1-Assumptions!$B$31*(F9/50)))))*J9*Archetypes!$B$15*Archetypes!$B$22)*(Archetypes!$B$13*IF(F9<0,1-Assumptions!$B$33*MIN(1,ABS(F9)/ABS(Assumptions!$B$21)),1))*5*Assumptions!$B$18))*IF(F9<0,Assumptions!$B$9,1)))*$E9 -> 346.17053 | O9: =(O8)+(N9)-(MAX(0,((O8)+(N9)-(P9)))*(IF(Archetypes!$B$27="",Assumptions!$B$11,Archetypes!$B$27))) -> 1329.9271 | P9: =Archetypes!$B$33 -> 25.4232 | Q9: =MAX(0,(O9)-(P9)) -> 1304.5039 | S9: =T8 -> 27.453926 | T9: =MAX(Assumptions!$B$21,(S9)+(U9)) -> 31.07728 | U9: =(((Archetypes!$C$11*(IF(S9<0,1+Assumptions!$B$32*MIN(1,ABS(S9)/ABS(Assumptions!$B$21)),MAX(0.1,1-Assumptions!$B$31*(S9/50)))))-((Archetypes!$C$11*(IF(S9<0,1+Assumptions!$B$32*MIN(1,ABS(S9)/ABS(Assumptions!$B$21)),MAX(0.1,1-Assumptions!$B$31*(S9/50)))))*W9)*Archetypes!$C$15)*Assumptions!$B$22+((Archetypes!$C$11*(IF(S9<0,1+Assumptions!$B$32*MIN(1,ABS(S9)/ABS(Assumptions!$B$21)),MAX(0.1,1-Assumptions!$B$31*(S9/50)))))*W9*Archetypes!$C$15*Archetypes!$C$22)*Assumptions!$B$23+(Archetypes!$C$11*(IF(S9<0,1+Assumptions!$B$32*MIN(1,ABS(S9)/ABS(Assumptions!$B$21)),MAX(0.1,1-Assumptions!$B$31*(S9/50)))))*Assumptions!$B$24+-((Archetypes!$C$11*(IF(S9<0,1+Assumptions!$B$32*MIN(1,ABS(S9)/ABS(Assumptions!$B$21)),MAX(0.1,1-Assumptions!$B$31*(S9/50)))))*Archetypes!$C$16)*(Assumptions!$B$27*(1+Assumptions!$B$28*Archetypes!$C$14)/(1+Assumptions!$B$29*Archetypes!$C$12))+-(Archetypes!$C$11*(IF(S9<0,1+Assumptions!$B$32*MIN(1,ABS(S9)/ABS(Assumptions!$B$21)),MAX(0.1,1-Assumptions!$B$31*(S9/50)))))*Archetypes!$C$17*((Archetypes!$C$31)/100)*Assumptions!$B$30+-Assumptions!$B$25*Assumptions!$B$26)*$E9 -> 3.6233544 | V9: =(Archetypes!$C$11*(IF(S9<0,1+Assumptions!$B$32*MIN(1,ABS(S9)/ABS(Assumptions!$B$21)),MAX(0.1,1-Assumptions!$B$31*(S9/50)))))*$E9 -> 4.0233173 | W9: =Archetypes!$C$30 -> 0.038 | X9: =V9*W9 -> 0.15288606 | Y9: =((V9-X9)*Archetypes!$C$15)+(X9*Archetypes!$C$15*Archetypes!$C$22) -> 2.0345916 | Z9: =V9*Archetypes!$C$16 -> 1.8104928 | AA9: =(IF(S9<0,Assumptions!$B$8,IF(S9<10,Assumptions!$B$34,IF(S9<25,Assumptions!$B$35,Assumptions!$B$36))))*((((Archetypes!$C$5*Assumptions!$B$4+Archetypes!$C$6*Assumptions!$B$5)*60))+(Assumptions!$B$6*(((Archetypes!$C$11*(IF(S9<0,1+Assumptions!$B$32*MIN(1,ABS(S9)/ABS(Assumptions!$B$21)),MAX(0.1,1-Assumptions!$B$31*(S9/50)))))-((Archetypes!$C$11*(IF(S9<0,1+Assumptions!$B$32*MIN(1,ABS(S9)/ABS(Assumptions!$B$21)),MAX(0.1,1-Assumptions!$B$31*(S9/50)))))*W9)*Archetypes!$C$20)+((Archetypes!$C$11*(IF(S9<0,1+Assumptions!$B$32*MIN(1,ABS(S9)/ABS(Assumptions!$B$21)),MAX(0.1,1-Assumptions!$B$31*(S9/50)))))*W9*Archetypes!$C$20*Archetypes!$C$21)*Assumptions!$B$18)*(IF($D9=1,1,Assumptions!$B$7)))+(((((Archetypes!$C$11*(IF(S9<0,1+Assumptions!$B$32*MIN(1,ABS(S9)/ABS(Assumptions!$B$21)),MAX(0.1,1-Assumptions!$B$31*(S9/50)))))-((Archetypes!$C$11*(IF(S9<0,1+Assumptions!$B$32*MIN(1,ABS(S9)/ABS(Assumptions!$B$21)),MAX(0.1,1-Assumptions!$B$31*(S9/50)))))*W9)*Archetypes!$C$15)*(Archetypes!$C$13*IF(S9<0,1-Assumptions!$B$33*MIN(1,ABS(S9)/ABS(Assumptions!$B$21)),1))*5)+(((Archetypes!$C$11*(IF(S9<0,1+Assumptions!$B$32*MIN(1,ABS(S9)/ABS(Assumptions!$B$21)),MAX(0.1,1-Assumptions!$B$31*(S9/50)))))*W9*Archetypes!$C$15*Archetypes!$C$22)*(Archetypes!$C$13*IF(S9<0,1-Assumptions!$B$33*MIN(1,ABS(S9)/ABS(Assumptions!$B$21)),1))*5*Assumptions!$B$18))*IF(S9<0,Assumptions!$B$9,1)))*$E9 -> 975.3595 | AB9: =(AB8)+(AA9)-(MAX(0,((AB8)+(AA9)-(AC9)))*(IF(Archetypes!$C$27="",Assumptions!$B$11,Archetypes!$C$27))) -> 2945.4253 | AC9: =Archetypes!$C$33 -> 90.34 | AD9: =MAX(0,(AB9)-(AC9)) -> 2855.0853 | AF9: =AG8 -> 30.449723 | AG9: =MAX(Assumptions!$B$21,(AF9)+(AH9)) -> 33.071264 | AH9: =(((Archetypes!$D$11*(IF(AF9<0,1+Assumptions!$B$32*MIN(1,ABS(AF9)/ABS(Assumptions!$B$21)),MAX(0.1,1-Assumptions!$B$31*(AF9/50)))))-((Archetypes!$D$11*(IF(AF9<0,1+Assumptions!$B$32*MIN(1,ABS(AF9)/ABS(Assumptions!$B$21)),MAX(0.1,1-Assumptions!$B$31*(AF9/50)))))*AJ9)*Archetypes!$D$15)*Assumptions!$B$22+((Archetypes!$D$11*(IF(AF9<0,1+Assumptions!$B$32*MIN(1,ABS(AF9)/ABS(Assumptions!$B$21)),MAX(0.1,1-Assumptions!$B$31*(AF9/50)))))*AJ9*Archetypes!$D$15*Archetypes!$D$22)*Assumptions!$B$23+(Archetypes!$D$11*(IF(AF9<0,1+Assumptions!$B$32*MIN(1,ABS(AF9)/ABS(Assumptions!$B$21)),MAX(0.1,1-Assumptions!$B$31*(AF9/50)))))*Assumptions!$B$24+-((Archetypes!$D$11*(IF(AF9<0,1+Assumptions!$B$32*MIN(1,ABS(AF9)/ABS(Assumptions!$B$21)),MAX(0.1,1-Assumptions!$B$31*(AF9/50)))))*Archetypes!$D$16)*(Assumptions!$B$27*(1+Assumptions!$B$28*Archetypes!$D$14)/(1+Assumptions!$B$29*Archetypes!$D$12))+-(Archetypes!$D$11*(IF(AF9<0,1+Assumptions!$B$32*MIN(1,ABS(AF9)/ABS(Assumptions!$B$21)),MAX(0.1,1-Assumptions!$B$31*(AF9/50)))))*Archetypes!$D$17*((Archetypes!$D$31)/100)*Assumptions!$B$30+-Assumptions!$B$25*Assumptions!$B$26)*$E9 -> 2.6215412 | AI9: =(Archetypes!$D$11*(IF(AF9<0,1+Assumptions!$B$32*MIN(1,ABS(AF9)/ABS(Assumptions!$B$21)),MAX(0.1,1-Assumptions!$B$31*(AF9/50)))))*$E9 -> 1.90381 | AJ9: =Archetypes!$D$30 -> 0.104 | AK9: =AI9*AJ9 -> 0.19799624 | AL9: =((AI9-AK9)*Archetypes!$D$15)+(AK9*Archetypes!$D$15*Archetypes!$D$22) -> 2.9745127 | AM9: =AI9*Archetypes!$D$16 -> 0.38076199 | AN9: =(IF(AF9<0,Assumptions!$B$8,IF(AF9<10,Assumptions!$B$34,IF(AF9<25,Assumptions!$B$35,Assumptions!$B$36))))*((((Archetypes!$D$5*Assumptions!$B$4+Archetypes!$D$6*Assumptions!$B$5)*60))+(Assumptions!$B$6*(((Archetypes!$D$11*(IF(AF9<0,1+Assumptions!$B$32*MIN(1,ABS(AF9)/ABS(Assumptions!$B$21)),MAX(0.1,1-Assumptions!$B$31*(AF9/50)))))-((Archetypes!$D$11*(IF(AF9<0,1+Assumptions!$B$32*MIN(1,ABS(AF9)/ABS(Assumptions!$B$21)),MAX(0.1,1-Assumptions!$B$31*(AF9/50)))))*AJ9)*Archetypes!$D$20)+((Archetypes!$D$11*(IF(AF9<0,1+Assumptions!$B$32*MIN(1,ABS(AF9)/ABS(Assumptions!$B$21)),MAX(0.1,1-Assumptions!$B$31*(AF9/50)))))*AJ9*Archetypes!$D$20*Archetypes!$D$21)*Assumptions!$B$18)*(IF($D9=1,1,Assumptions!$B$7)))+(((((Archetypes!$D$11*(IF(AF9<0,1+Assumptions!$B$32*MIN(1,ABS(AF9)/ABS(Assumptions!$B$21)),MAX(0.1,1-Assumptions!$B$31*(AF9/50)))))-((Archetypes!$D$11*(IF(AF9<0,1+Assumptions!$B$32*MIN(1,ABS(AF9)/ABS(Assumptions!$B$21)),MAX(0.1,1-Assumptions!$B$31*(AF9/50)))))*AJ9)*Archetypes!$D$15)*(Archetypes!$D$13*IF(AF9<0,1-Assumptions!$B$33*MIN(1,ABS(AF9)/ABS(Assumptions!$B$21)),1))*5)+(((Archetypes!$D$11*(IF(AF9<0,1+Assumptions!$B$32*MIN(1,ABS(AF9)/ABS(Assumptions!$B$21)),MAX(0.1,1-Assumptions!$B$31*(AF9/50)))))*AJ9*Archetypes!$D$15*Archetypes!$D$22)*(Archetypes!$D$13*IF(AF9<0,1-Assumptions!$B$33*MIN(1,ABS(AF9)/ABS(Assumptions!$B$21)),1))*5*Assumptions!$B$18))*IF(AF9<0,Assumptions!$B$9,1)))*$E9 -> 1531.9552 | AO9: =(AO8)+(AN9)-(MAX(0,((AO8)+(AN9)-(AP9)))*(IF(Archetypes!$D$27="",Assumptions!$B$11,Archetypes!$D$27))) -> 3818.4992 | AP9: =Archetypes!$D$33 -> 201.32917 | AQ9: =MAX(0,(AO9)-(AP9)) -> 3617.1701
A10: 6 | B10: =INT(A10/24)+1 -> 1 | C10: =MOD(A10,24) -> 6 | D10: =IF(C10<Assumptions!$B$10,1,0) -> 0 | E10: 1 | F10: =G9 -> 35.968906 | G10: =MAX(Assumptions!$B$21,(F10)+(H10)) -> 40.184693 | H10: =(((Archetypes!$B$11*(IF(F10<0,1+Assumptions!$B$32*MIN(1,ABS(F10)/ABS(Assumptions!$B$21)),MAX(0.1,1-Assumptions!$B$31*(F10/50)))))-((Archetypes!$B$11*(IF(F10<0,1+Assumptions!$B$32*MIN(1,ABS(F10)/ABS(Assumptions!$B$21)),MAX(0.1,1-Assumptions!$B$31*(F10/50)))))*J10)*Archetypes!$B$15)*Assumptions!$B$22+((Archetypes!$B$11*(IF(F10<0,1+Assumptions!$B$32*MIN(1,ABS(F10)/ABS(Assumptions!$B$21)),MAX(0.1,1-Assumptions!$B$31*(F10/50)))))*J10*Archetypes!$B$15*Archetypes!$B$22)*Assumptions!$B$23+(Archetypes!$B$11*(IF(F10<0,1+Assumptions!$B$32*MIN(1,ABS(F10)/ABS(Assumptions!$B$21)),MAX(0.1,1-Assumptions!$B$31*(F10/50)))))*Assumptions!$B$24+-((Archetypes!$B$11*(IF(F10<0,1+Assumptions!$B$32*MIN(1,ABS(F10)/ABS(Assumptions!$B$21)),MAX(0.1,1-Assumptions!$B$31*(F10/50)))))*Archetypes!$B$16)*(Assumptions!$B$27*(1+Assumptions!$B$28*Archetypes!$B$14)/(1+Assumptions!$B$29*Archetypes!$B$12))+-(Archetypes!$B$11*(IF(F10<0,1+Assumptions!$B$32*MIN(1,ABS(F10)/ABS(Assumptions!$B$21)),MAX(0.1,1-Assumptions!$B$31*(F10/50)))))*Archetypes!$B$17*((Archetypes!$B$31)/100)*Assumptions!$B$30+-Assumptions!$B$25*Assumptions!$B$26)*$E10 -> 4.2157877 | I10: =(Archetypes!$B$11*(IF(F10<0,1+Assumptions!$B$32*MIN(1,ABS(F10)/ABS(Assumptions!$B$21)),MAX(0.1,1-Assumptions!$B$31*(F10/50)))))*$E10 -> 5.6837313 | J10: =Archetypes!$B$30 -> 0.022 | K10: =I10*J10 -> 0.12504209 | L10: =((I10-K10)*Archetypes!$B$15)+(K10*Archetypes!$B$15*Archetypes!$B$22) -> 0.57087397 | M10: =I10*Archetypes!$B$16 -> 4.2627985 | N10: =(IF(F10<0,Assumptions!$B$8,IF(F10<10,Assumptions!$B$34,IF(F10<25,Assumptions!$B$35,Assumptions!$B$36))))*((((Archetypes!$B$5*Assumptions!$B$4+Archetypes!$B$6*Assumptions!$B$5)*60))+(Assumptions!$B$6*(((Archetypes!$B$11*(IF(F10<0,1+Assumptions!$B$32*MIN(1,ABS(F10)/ABS(Assumptions!$B$21)),MAX(0.1,1-Assumptions!$B$31*(F10/50)))))-((Archetypes!$B$11*(IF(F10<0,1+Assumptions!$B$32*MIN(1,ABS(F10)/ABS(Assumptions!$B$21)),MAX(0.1,1-Assumptions!$B$31*(F10/50)))))*J10)*Archetypes!$B$20)+((Archetypes!$B$11*(IF(F10<0,1+Assumptions!$B$32*MIN(1,ABS(F10)/ABS(Assumptions!$B$21)),MAX(0.1,1-Assumptions!$B$31*(F10/50)))))*J10*Archetypes!$B$20*Archetypes!$B$21)*Assumptions!$B$18)*(IF($D10=1,1,Assumptions!$B$7)))+(((((Archetypes!$B$11*(IF(F10<0,1+Assumptions!$B$32*MIN(1,ABS(F10)/ABS(Assumptions!$B$21)),MAX(0.1,1-Assumptions!$B$31*(F10/50)))))-((Archetypes!$B$11*(IF(F10<0,1+Assumptions!$B$32*MIN(1,ABS(F10)/ABS(Assumptions!$B$21)),MAX(0.1,1-Assumptions!$B$31*(F10/50)))))*J10)*Archetypes!$B$15)*(Archetypes!$B$13*IF(F10<0,1-Assumptions!$B$33*MIN(1,ABS(F10)/ABS(Assumptions!$B$21)),1))*5)+(((Archetypes!$B$11*(IF(F10<0,1+Assumptions!$B$32*MIN(1,ABS(F10)/ABS(Assumptions!$B$21)),MAX(0.1,1-Assumptions!$B$31*(F10/50)))))*J10*Archetypes!$B$15*Archetypes!$B$22)*(Archetypes!$B$13*IF(F10<0,1-Assumptions!$B$33*MIN(1,ABS(F10)/ABS(Assumptions!$B$21)),1))*5*Assumptions!$B$18))*IF(F10<0,Assumptions!$B$9,1)))*$E10 -> 328.92228 | O10: =(O9)+(N10)-(MAX(0,((O9)+(N10)-(P10)))*(IF(Archetypes!$B$27="",Assumptions!$B$11,Archetypes!$B$27))) -> 1332.1641 | P10: =Archetypes!$B$33 -> 25.4232 | Q10: =MAX(0,(O10)-(P10)) -> 1306.7409 | S10: =T9 -> 31.07728 | T10: =MAX(Assumptions!$B$21,(S10)+(U10)) -> 34.455961 | U10: =(((Archetypes!$C$11*(IF(S10<0,1+Assumptions!$B$32*MIN(1,ABS(S10)/ABS(Assumptions!$B$21)),MAX(0.1,1-Assumptions!$B$31*(S10/50)))))-((Archetypes!$C$11*(IF(S10<0,1+Assumptions!$B$32*MIN(1,ABS(S10)/ABS(Assumptions!$B$21)),MAX(0.1,1-Assumptions!$B$31*(S10/50)))))*W10)*Archetypes!$C$15)*Assumptions!$B$22+((Archetypes!$C$11*(IF(S10<0,1+Assumptions!$B$32*MIN(1,ABS(S10)/ABS(Assumptions!$B$21)),MAX(0.1,1-Assumptions!$B$31*(S10/50)))))*W10*Archetypes!$C$15*Archetypes!$C$22)*Assumptions!$B$23+(Archetypes!$C$11*(IF(S10<0,1+Assumptions!$B$32*MIN(1,ABS(S10)/ABS(Assumptions!$B$21)),MAX(0.1,1-Assumptions!$B$31*(S10/50)))))*Assumptions!$B$24+-((Archetypes!$C$11*(IF(S10<0,1+Assumptions!$B$32*MIN(1,ABS(S10)/ABS(Assumptions!$B$21)),MAX(0.1,1-Assumptions!$B$31*(S10/50)))))*Archetypes!$C$16)*(Assumptions!$B$27*(1+Assumptions!$B$28*Archetypes!$C$14)/(1+Assumptions!$B$29*Archetypes!$C$12))+-(Archetypes!$C$11*(IF(S10<0,1+Assumptions!$B$32*MIN(1,ABS(S10)/ABS(Assumptions!$B$21)),MAX(0.1,1-Assumptions!$B$31*(S10/50)))))*Archetypes!$C$17*((Archetypes!$C$31)/100)*Assumptions!$B$30+-Assumptions!$B$25*Assumptions!$B$26)*$E10 -> 3.3786811 | V10: =(Archetypes!$C$11*(IF(S10<0,1+Assumptions!$B$32*MIN(1,ABS(S10)/ABS(Assumptions!$B$21)),MAX(0.1,1-Assumptions!$B$31*(S10/50)))))*$E10 -> 3.7624358 | W10: =Archetypes!$C$30 -> 0.038 | X10: =V10*W10 -> 0.14297256 | Y10: =((V10-X10)*Archetypes!$C$15)+(X10*Archetypes!$C$15*Archetypes!$C$22) -> 1.9026638 | Z10: =V10*Archetypes!$C$16 -> 1.6930961 | AA10: =(IF(S10<0,Assumptions!$B$8,IF(S10<10,Assumptions!$B$34,IF(S10<25,Assumptions!$B$35,Assumptions!$B$36))))*((((Archetypes!$C$5*Assumptions!$B$4+Archetypes!$C$6*Assumptions!$B$5)*60))+(Assumptions!$B$6*(((Archetypes!$C$11*(IF(S10<0,1+Assumptions!$B$32*MIN(1,ABS(S10)/ABS(Assumptions!$B$21)),MAX(0.1,1-Assumptions!$B$31*(S10/50)))))-((Archetypes!$C$11*(IF(S10<0,1+Assumptions!$B$32*MIN(1,ABS(S10)/ABS(Assumptions!$B$21)),MAX(0.1,1-Assumptions!$B$31*(S10/50)))))*W10)*Archetypes!$C$20)+((Archetypes!$C$11*(IF(S10<0,1+Assumptions!$B$32*MIN(1,ABS(S10)/ABS(Assumptions!$B$21)),MAX(0.1,1-Assumptions!$B$31*(S10/50)))))*W10*Archetypes!$C$20*Archetypes!$C$21)*Assumptions!$B$18)*(IF($D10=1,1,Assumptions!$B$7)))+(((((Archetypes!$C$11*(IF(S10<0,1+Assumptions!$B$32*MIN(1,ABS(S10)/ABS(Assumptions!$B$21)),MAX(0.1,1-Assumptions!$B$31*(S10/50)))))-((Archetypes!$C$11*(IF(S10<0,1+Assumptions!$B$32*MIN(1,ABS(S10)/ABS(Assumptions!$B$21)),MAX(0.1,1-Assumptions!$B$31*(S10/50)))))*W10)*Archetypes!$C$15)*(Archetypes!$C$13*IF(S10<0,1-Assumptions!$B$33*MIN(1,ABS(S10)/ABS(Assumptions!$B$21)),1))*5)+(((Archetypes!$C$11*(IF(S10<0,1+Assumptions!$B$32*MIN(1,ABS(S10)/ABS(Assumptions!$B$21)),MAX(0.1,1-Assumptions!$B$31*(S10/50)))))*W10*Archetypes!$C$15*Archetypes!$C$22)*(Archetypes!$C$13*IF(S10<0,1-Assumptions!$B$33*MIN(1,ABS(S10)/ABS(Assumptions!$B$21)),1))*5*Assumptions!$B$18))*IF(S10<0,Assumptions!$B$9,1)))*$E10 -> 955.10536 | AB10: =(AB9)+(AA10)-(MAX(0,((AB9)+(AA10)-(AC10)))*(IF(Archetypes!$C$27="",Assumptions!$B$11,Archetypes!$C$27))) -> 2947.983 | AC10: =Archetypes!$C$33 -> 90.34 | AD10: =MAX(0,(AB10)-(AC10)) -> 2857.643 | AF10: =AG9 -> 33.071264 | AG10: =MAX(Assumptions!$B$21,(AF10)+(AH10)) -> 35.555415 | AH10: =(((Archetypes!$D$11*(IF(AF10<0,1+Assumptions!$B$32*MIN(1,ABS(AF10)/ABS(Assumptions!$B$21)),MAX(0.1,1-Assumptions!$B$31*(AF10/50)))))-((Archetypes!$D$11*(IF(AF10<0,1+Assumptions!$B$32*MIN(1,ABS(AF10)/ABS(Assumptions!$B$21)),MAX(0.1,1-Assumptions!$B$31*(AF10/50)))))*AJ10)*Archetypes!$D$15)*Assumptions!$B$22+((Archetypes!$D$11*(IF(AF10<0,1+Assumptions!$B$32*MIN(1,ABS(AF10)/ABS(Assumptions!$B$21)),MAX(0.1,1-Assumptions!$B$31*(AF10/50)))))*AJ10*Archetypes!$D$15*Archetypes!$D$22)*Assumptions!$B$23+(Archetypes!$D$11*(IF(AF10<0,1+Assumptions!$B$32*MIN(1,ABS(AF10)/ABS(Assumptions!$B$21)),MAX(0.1,1-Assumptions!$B$31*(AF10/50)))))*Assumptions!$B$24+-((Archetypes!$D$11*(IF(AF10<0,1+Assumptions!$B$32*MIN(1,ABS(AF10)/ABS(Assumptions!$B$21)),MAX(0.1,1-Assumptions!$B$31*(AF10/50)))))*Archetypes!$D$16)*(Assumptions!$B$27*(1+Assumptions!$B$28*Archetypes!$D$14)/(1+Assumptions!$B$29*Archetypes!$D$12))+-(Archetypes!$D$11*(IF(AF10<0,1+Assumptions!$B$32*MIN(1,ABS(AF10)/ABS(Assumptions!$B$21)),MAX(0.1,1-Assumptions!$B$31*(AF10/50)))))*Archetypes!$D$17*((Archetypes!$D$31)/100)*Assumptions!$B$30+-Assumptions!$B$25*Assumptions!$B$26)*$E10 -> 2.4841506 | AI10: =(Archetypes!$D$11*(IF(AF10<0,1+Assumptions!$B$32*MIN(1,ABS(AF10)/ABS(Assumptions!$B$21)),MAX(0.1,1-Assumptions!$B$31*(AF10/50)))))*$E10 -> 1.8094345 | AJ10: =Archetypes!$D$30 -> 0.104 | AK10: =AI10*AJ10 -> 0.18818119 | AL10: =((AI10-AK10)*Archetypes!$D$15)+(AK10*Archetypes!$D$15*Archetypes!$D$22) -> 2.8270604 | AM10: =AI10*Archetypes!$D$16 -> 0.3618869 | AN10: =(IF(AF10<0,Assumptions!$B$8,IF(AF10<10,Assumptions!$B$34,IF(AF10<25,Assumptions!$B$35,Assumptions!$B$36))))*((((Archetypes!$D$5*Assumptions!$B$4+Archetypes!$D$6*Assumptions!$B$5)*60))+(Assumptions!$B$6*(((Archetypes!$D$11*(IF(AF10<0,1+Assumptions!$B$32*MIN(1,ABS(AF10)/ABS(Assumptions!$B$21)),MAX(0.1,1-Assumptions!$B$31*(AF10/50)))))-((Archetypes!$D$11*(IF(AF10<0,1+Assumptions!$B$32*MIN(1,ABS(AF10)/ABS(Assumptions!$B$21)),MAX(0.1,1-Assumptions!$B$31*(AF10/50)))))*AJ10)*Archetypes!$D$20)+((Archetypes!$D$11*(IF(AF10<0,1+Assumptions!$B$32*MIN(1,ABS(AF10)/ABS(Assumptions!$B$21)),MAX(0.1,1-Assumptions!$B$31*(AF10/50)))))*AJ10*Archetypes!$D$20*Archetypes!$D$21)*Assumptions!$B$18)*(IF($D10=1,1,Assumptions!$B$7)))+(((((Archetypes!$D$11*(IF(AF10<0,1+Assumptions!$B$32*MIN(1,ABS(AF10)/ABS(Assumptions!$B$21)),MAX(0.1,1-Assumptions!$B$31*(AF10/50)))))-((Archetypes!$D$11*(IF(AF10<0,1+Assumptions!$B$32*MIN(1,ABS(AF10)/ABS(Assumptions!$B$21)),MAX(0.1,1-Assumptions!$B$31*(AF10/50)))))*AJ10)*Archetypes!$D$15)*(Archetypes!$D$13*IF(AF10<0,1-Assumptions!$B$33*MIN(1,ABS(AF10)/ABS(Assumptions!$B$21)),1))*5)+(((Archetypes!$D$11*(IF(AF10<0,1+Assumptions!$B$32*MIN(1,ABS(AF10)/ABS(Assumptions!$B$21)),MAX(0.1,1-Assumptions!$B$31*(AF10/50)))))*AJ10*Archetypes!$D$15*Archetypes!$D$22)*(Archetypes!$D$13*IF(AF10<0,1-Assumptions!$B$33*MIN(1,ABS(AF10)/ABS(Assumptions!$B$21)),1))*5*Assumptions!$B$18))*IF(AF10<0,Assumptions!$B$9,1)))*$E10 -> 1509.1048 | AO10: =(AO9)+(AN10)-(MAX(0,((AO9)+(AN10)-(AP10)))*(IF(Archetypes!$D$27="",Assumptions!$B$11,Archetypes!$D$27))) -> 3789.7216 | AP10: =Archetypes!$D$33 -> 201.32917 | AQ10: =MAX(0,(AO10)-(AP10)) -> 3588.3924
A11: 7 | B11: =INT(A11/24)+1 -> 1 | C11: =MOD(A11,24) -> 7 | D11: =IF(C11<Assumptions!$B$10,1,0) -> 0 | E11: 1 | F11: =G10 -> 40.184693 | G11: =MAX(Assumptions!$B$21,(F11)+(H11)) -> 44.011893 | H11: =(((Archetypes!$B$11*(IF(F11<0,1+Assumptions!$B$32*MIN(1,ABS(F11)/ABS(Assumptions!$B$21)),MAX(0.1,1-Assumptions!$B$31*(F11/50)))))-((Archetypes!$B$11*(IF(F11<0,1+Assumptions!$B$32*MIN(1,ABS(F11)/ABS(Assumptions!$B$21)),MAX(0.1,1-Assumptions!$B$31*(F11/50)))))*J11)*Archetypes!$B$15)*Assumptions!$B$22+((Archetypes!$B$11*(IF(F11<0,1+Assumptions!$B$32*MIN(1,ABS(F11)/ABS(Assumptions!$B$21)),MAX(0.1,1-Assumptions!$B$31*(F11/50)))))*J11*Archetypes!$B$15*Archetypes!$B$22)*Assumptions!$B$23+(Archetypes!$B$11*(IF(F11<0,1+Assumptions!$B$32*MIN(1,ABS(F11)/ABS(Assumptions!$B$21)),MAX(0.1,1-Assumptions!$B$31*(F11/50)))))*Assumptions!$B$24+-((Archetypes!$B$11*(IF(F11<0,1+Assumptions!$B$32*MIN(1,ABS(F11)/ABS(Assumptions!$B$21)),MAX(0.1,1-Assumptions!$B$31*(F11/50)))))*Archetypes!$B$16)*(Assumptions!$B$27*(1+Assumptions!$B$28*Archetypes!$B$14)/(1+Assumptions!$B$29*Archetypes!$B$12))+-(Archetypes!$B$11*(IF(F11<0,1+Assumptions!$B$32*MIN(1,ABS(F11)/ABS(Assumptions!$B$21)),MAX(0.1,1-Assumptions!$B$31*(F11/50)))))*Archetypes!$B$17*((Archetypes!$B$31)/100)*Assumptions!$B$30+-Assumptions!$B$25*Assumptions!$B$26)*$E11 -> 3.8272 | I11: =(Archetypes!$B$11*(IF(F11<0,1+Assumptions!$B$32*MIN(1,ABS(F11)/ABS(Assumptions!$B$21)),MAX(0.1,1-Assumptions!$B$31*(F11/50)))))*$E11 -> 5.1778368 | J11: =Archetypes!$B$30 -> 0.022 | K11: =I11*J11 -> 0.11391241 | L11: =((I11-K11)*Archetypes!$B$15)+(K11*Archetypes!$B$15*Archetypes!$B$22) -> 0.52006193 | M11: =I11*Archetypes!$B$16 -> 3.8833776 | N11: =(IF(F11<0,Assumptions!$B$8,IF(F11<10,Assumptions!$B$34,IF(F11<25,Assumptions!$B$35,Assumptions!$B$36))))*((((Archetypes!$B$5*Assumptions!$B$4+Archetypes!$B$6*Assumptions!$B$5)*60))+(Assumptions!$B$6*(((Archetypes!$B$11*(IF(F11<0,1+Assumptions!$B$32*MIN(1,ABS(F11)/ABS(Assumptions!$B$21)),MAX(0.1,1-Assumptions!$B$31*(F11/50)))))-((Archetypes!$B$11*(IF(F11<0,1+Assumptions!$B$32*MIN(1,ABS(F11)/ABS(Assumptions!$B$21)),MAX(0.1,1-Assumptions!$B$31*(F11/50)))))*J11)*Archetypes!$B$20)+((Archetypes!$B$11*(IF(F11<0,1+Assumptions!$B$32*MIN(1,ABS(F11)/ABS(Assumptions!$B$21)),MAX(0.1,1-Assumptions!$B$31*(F11/50)))))*J11*Archetypes!$B$20*Archetypes!$B$21)*Assumptions!$B$18)*(IF($D11=1,1,Assumptions!$B$7)))+(((((Archetypes!$B$11*(IF(F11<0,1+Assumptions!$B$32*MIN(1,ABS(F11)/ABS(Assumptions!$B$21)),MAX(0.1,1-Assumptions!$B$31*(F11/50)))))-((Archetypes!$B$11*(IF(F11<0,1+Assumptions!$B$32*MIN(1,ABS(F11)/ABS(Assumptions!$B$21)),MAX(0.1,1-Assumptions!$B$31*(F11/50)))))*J11)*Archetypes!$B$15)*(Archetypes!$B$13*IF(F11<0,1-Assumptions!$B$33*MIN(1,ABS(F11)/ABS(Assumptions!$B$21)),1))*5)+(((Archetypes!$B$11*(IF(F11<0,1+Assumptions!$B$32*MIN(1,ABS(F11)/ABS(Assumptions!$B$21)),MAX(0.1,1-Assumptions!$B$31*(F11/50)))))*J11*Archetypes!$B$15*Archetypes!$B$22)*(Archetypes!$B$13*IF(F11<0,1-Assumptions!$B$33*MIN(1,ABS(F11)/ABS(Assumptions!$B$21)),1))*5*Assumptions!$B$18))*IF(F11<0,Assumptions!$B$9,1)))*$E11 -> 313.26389 | O11: =(O10)+(N11)-(MAX(0,((O10)+(N11)-(P11)))*(IF(Archetypes!$B$27="",Assumptions!$B$11,Archetypes!$B$27))) -> 1321.427 | P11: =Archetypes!$B$33 -> 25.4232 | Q11: =MAX(0,(O11)-(P11)) -> 1296.0038 | S11: =T10 -> 34.455961 | T11: =MAX(Assumptions!$B$21,(S11)+(U11)) -> 37.606491 | U11: =(((Archetypes!$C$11*(IF(S11<0,1+Assumptions!$B$32*MIN(1,ABS(S11)/ABS(Assumptions!$B$21)),MAX(0.1,1-Assumptions!$B$31*(S11/50)))))-((Archetypes!$C$11*(IF(S11<0,1+Assumptions!$B$32*MIN(1,ABS(S11)/ABS(Assumptions!$B$21)),MAX(0.1,1-Assumptions!$B$31*(S11/50)))))*W11)*Archetypes!$C$15)*Assumptions!$B$22+((Archetypes!$C$11*(IF(S11<0,1+Assumptions!$B$32*MIN(1,ABS(S11)/ABS(Assumptions!$B$21)),MAX(0.1,1-Assumptions!$B$31*(S11/50)))))*W11*Archetypes!$C$15*Archetypes!$C$22)*Assumptions!$B$23+(Archetypes!$C$11*(IF(S11<0,1+Assumptions!$B$32*MIN(1,ABS(S11)/ABS(Assumptions!$B$21)),MAX(0.1,1-Assumptions!$B$31*(S11/50)))))*Assumptions!$B$24+-((Archetypes!$C$11*(IF(S11<0,1+Assumptions!$B$32*MIN(1,ABS(S11)/ABS(Assumptions!$B$21)),MAX(0.1,1-Assumptions!$B$31*(S11/50)))))*Archetypes!$C$16)*(Assumptions!$B$27*(1+Assumptions!$B$28*Archetypes!$C$14)/(1+Assumptions!$B$29*Archetypes!$C$12))+-(Archetypes!$C$11*(IF(S11<0,1+Assumptions!$B$32*MIN(1,ABS(S11)/ABS(Assumptions!$B$21)),MAX(0.1,1-Assumptions!$B$31*(S11/50)))))*Archetypes!$C$17*((Archetypes!$C$31)/100)*Assumptions!$B$30+-Assumptions!$B$25*Assumptions!$B$26)*$E11 -> 3.1505297 | V11: =(Archetypes!$C$11*(IF(S11<0,1+Assumptions!$B$32*MIN(1,ABS(S11)/ABS(Assumptions!$B$21)),MAX(0.1,1-Assumptions!$B$31*(S11/50)))))*$E11 -> 3.5191708 | W11: =Archetypes!$C$30 -> 0.038 | X11: =V11*W11 -> 0.13372849 | Y11: =((V11-X11)*Archetypes!$C$15)+(X11*Archetypes!$C$15*Archetypes!$C$22) -> 1.7796447 | Z11: =V11*Archetypes!$C$16 -> 1.5836269 | AA11: =(IF(S11<0,Assumptions!$B$8,IF(S11<10,Assumptions!$B$34,IF(S11<25,Assumptions!$B$35,Assumptions!$B$36))))*((((Archetypes!$C$5*Assumptions!$B$4+Archetypes!$C$6*Assumptions!$B$5)*60))+(Assumptions!$B$6*(((Archetypes!$C$11*(IF(S11<0,1+Assumptions!$B$32*MIN(1,ABS(S11)/ABS(Assumptions!$B$21)),MAX(0.1,1-Assumptions!$B$31*(S11/50)))))-((Archetypes!$C$11*(IF(S11<0,1+Assumptions!$B$32*MIN(1,ABS(S11)/ABS(Assumptions!$B$21)),MAX(0.1,1-Assumptions!$B$31*(S11/50)))))*W11)*Archetypes!$C$20)+((Archetypes!$C$11*(IF(S11<0,1+Assumptions!$B$32*MIN(1,ABS(S11)/ABS(Assumptions!$B$21)),MAX(0.1,1-Assumptions!$B$31*(S11/50)))))*W11*Archetypes!$C$20*Archetypes!$C$21)*Assumptions!$B$18)*(IF($D11=1,1,Assumptions!$B$7)))+(((((Archetypes!$C$11*(IF(S11<0,1+Assumptions!$B$32*MIN(1,ABS(S11)/ABS(Assumptions!$B$21)),MAX(0.1,1-Assumptions!$B$31*(S11/50)))))-((Archetypes!$C$11*(IF(S11<0,1+Assumptions!$B$32*MIN(1,ABS(S11)/ABS(Assumptions!$B$21)),MAX(0.1,1-Assumptions!$B$31*(S11/50)))))*W11)*Archetypes!$C$15)*(Archetypes!$C$13*IF(S11<0,1-Assumptions!$B$33*MIN(1,ABS(S11)/ABS(Assumptions!$B$21)),1))*5)+(((Archetypes!$C$11*(IF(S11<0,1+Assumptions!$B$32*MIN(1,ABS(S11)/ABS(Assumptions!$B$21)),MAX(0.1,1-Assumptions!$B$31*(S11/50)))))*W11*Archetypes!$C$15*Archetypes!$C$22)*(Archetypes!$C$13*IF(S11<0,1-Assumptions!$B$33*MIN(1,ABS(S11)/ABS(Assumptions!$B$21)),1))*5*Assumptions!$B$18))*IF(S11<0,Assumptions!$B$9,1)))*$E11 -> 936.21892 | AB11: =(AB10)+(AA11)-(MAX(0,((AB10)+(AA11)-(AC11)))*(IF(Archetypes!$C$27="",Assumptions!$B$11,Archetypes!$C$27))) -> 2935.7364 | AC11: =Archetypes!$C$33 -> 90.34 | AD11: =MAX(0,(AB11)-(AC11)) -> 2845.3964 | AF11: =AG10 -> 35.555415 | AG11: =MAX(Assumptions!$B$21,(AF11)+(AH11)) -> 37.909375 | AH11: =(((Archetypes!$D$11*(IF(AF11<0,1+Assumptions!$B$32*MIN(1,ABS(AF11)/ABS(Assumptions!$B$21)),MAX(0.1,1-Assumptions!$B$31*(AF11/50)))))-((Archetypes!$D$11*(IF(AF11<0,1+Assumptions!$B$32*MIN(1,ABS(AF11)/ABS(Assumptions!$B$21)),MAX(0.1,1-Assumptions!$B$31*(AF11/50)))))*AJ11)*Archetypes!$D$15)*Assumptions!$B$22+((Archetypes!$D$11*(IF(AF11<0,1+Assumptions!$B$32*MIN(1,ABS(AF11)/ABS(Assumptions!$B$21)),MAX(0.1,1-Assumptions!$B$31*(AF11/50)))))*AJ11*Archetypes!$D$15*Archetypes!$D$22)*Assumptions!$B$23+(Archetypes!$D$11*(IF(AF11<0,1+Assumptions!$B$32*MIN(1,ABS(AF11)/ABS(Assumptions!$B$21)),MAX(0.1,1-Assumptions!$B$31*(AF11/50)))))*Assumptions!$B$24+-((Archetypes!$D$11*(IF(AF11<0,1+Assumptions!$B$32*MIN(1,ABS(AF11)/ABS(Assumptions!$B$21)),MAX(0.1,1-Assumptions!$B$31*(AF11/50)))))*Archetypes!$D$16)*(Assumptions!$B$27*(1+Assumptions!$B$28*Archetypes!$D$14)/(1+Assumptions!$B$29*Archetypes!$D$12))+-(Archetypes!$D$11*(IF(AF11<0,1+Assumptions!$B$32*MIN(1,ABS(AF11)/ABS(Assumptions!$B$21)),MAX(0.1,1-Assumptions!$B$31*(AF11/50)))))*Archetypes!$D$17*((Archetypes!$D$31)/100)*Assumptions!$B$30+-Assumptions!$B$25*Assumptions!$B$26)*$E11 -> 2.3539604 | AI11: =(Archetypes!$D$11*(IF(AF11<0,1+Assumptions!$B$32*MIN(1,ABS(AF11)/ABS(Assumptions!$B$21)),MAX(0.1,1-Assumptions!$B$31*(AF11/50)))))*$E11 -> 1.7200051 | AJ11: =Archetypes!$D$30 -> 0.104 | AK11: =AI11*AJ11 -> 0.17888053 | AL11: =((AI11-AK11)*Archetypes!$D$15)+(AK11*Archetypes!$D$15*Archetypes!$D$22) -> 2.6873359 | AM11: =AI11*Archetypes!$D$16 -> 0.34400101 | AN11: =(IF(AF11<0,Assumptions!$B$8,IF(AF11<10,Assumptions!$B$34,IF(AF11<25,Assumptions!$B$35,Assumptions!$B$36))))*((((Archetypes!$D$5*Assumptions!$B$4+Archetypes!$D$6*Assumptions!$B$5)*60))+(Assumptions!$B$6*(((Archetypes!$D$11*(IF(AF11<0,1+Assumptions!$B$32*MIN(1,ABS(AF11)/ABS(Assumptions!$B$21)),MAX(0.1,1-Assumptions!$B$31*(AF11/50)))))-((Archetypes!$D$11*(IF(AF11<0,1+Assumptions!$B$32*MIN(1,ABS(AF11)/ABS(Assumptions!$B$21)),MAX(0.1,1-Assumptions!$B$31*(AF11/50)))))*AJ11)*Archetypes!$D$20)+((Archetypes!$D$11*(IF(AF11<0,1+Assumptions!$B$32*MIN(1,ABS(AF11)/ABS(Assumptions!$B$21)),MAX(0.1,1-Assumptions!$B$31*(AF11/50)))))*AJ11*Archetypes!$D$20*Archetypes!$D$21)*Assumptions!$B$18)*(IF($D11=1,1,Assumptions!$B$7)))+(((((Archetypes!$D$11*(IF(AF11<0,1+Assumptions!$B$32*MIN(1,ABS(AF11)/ABS(Assumptions!$B$21)),MAX(0.1,1-Assumptions!$B$31*(AF11/50)))))-((Archetypes!$D$11*(IF(AF11<0,1+Assumptions!$B$32*MIN(1,ABS(AF11)/ABS(Assumptions!$B$21)),MAX(0.1,1-Assumptions!$B$31*(AF11/50)))))*AJ11)*Archetypes!$D$15)*(Archetypes!$D$13*IF(AF11<0,1-Assumptions!$B$33*MIN(1,ABS(AF11)/ABS(Assumptions!$B$21)),1))*5)+(((Archetypes!$D$11*(IF(AF11<0,1+Assumptions!$B$32*MIN(1,ABS(AF11)/ABS(Assumptions!$B$21)),MAX(0.1,1-Assumptions!$B$31*(AF11/50)))))*AJ11*Archetypes!$D$15*Archetypes!$D$22)*(Archetypes!$D$13*IF(AF11<0,1-Assumptions!$B$33*MIN(1,ABS(AF11)/ABS(Assumptions!$B$21)),1))*5*Assumptions!$B$18))*IF(AF11<0,Assumptions!$B$9,1)))*$E11 -> 1487.4519 | AO11: =(AO10)+(AN11)-(MAX(0,((AO10)+(AN11)-(AP11)))*(IF(Archetypes!$D$27="",Assumptions!$B$11,Archetypes!$D$27))) -> 3754.4202 | AP11: =Archetypes!$D$33 -> 201.32917 | AQ11: =MAX(0,(AO11)-(AP11)) -> 3553.091
A12: 8 | B12: =INT(A12/24)+1 -> 1 | C12: =MOD(A12,24) -> 8 | D12: =IF(C12<Assumptions!$B$10,1,0) -> 0 | E12: 1 | F12: =G11 -> 44.011893 | G12: =MAX(Assumptions!$B$21,(F12)+(H12)) -> 47.486323 | H12: =(((Archetypes!$B$11*(IF(F12<0,1+Assumptions!$B$32*MIN(1,ABS(F12)/ABS(Assumptions!$B$21)),MAX(0.1,1-Assumptions!$B$31*(F12/50)))))-((Archetypes!$B$11*(IF(F12<0,1+Assumptions!$B$32*MIN(1,ABS(F12)/ABS(Assumptions!$B$21)),MAX(0.1,1-Assumptions!$B$31*(F12/50)))))*J12)*Archetypes!$B$15)*Assumptions!$B$22+((Archetypes!$B$11*(IF(F12<0,1+Assumptions!$B$32*MIN(1,ABS(F12)/ABS(Assumptions!$B$21)),MAX(0.1,1-Assumptions!$B$31*(F12/50)))))*J12*Archetypes!$B$15*Archetypes!$B$22)*Assumptions!$B$23+(Archetypes!$B$11*(IF(F12<0,1+Assumptions!$B$32*MIN(1,ABS(F12)/ABS(Assumptions!$B$21)),MAX(0.1,1-Assumptions!$B$31*(F12/50)))))*Assumptions!$B$24+-((Archetypes!$B$11*(IF(F12<0,1+Assumptions!$B$32*MIN(1,ABS(F12)/ABS(Assumptions!$B$21)),MAX(0.1,1-Assumptions!$B$31*(F12/50)))))*Archetypes!$B$16)*(Assumptions!$B$27*(1+Assumptions!$B$28*Archetypes!$B$14)/(1+Assumptions!$B$29*Archetypes!$B$12))+-(Archetypes!$B$11*(IF(F12<0,1+Assumptions!$B$32*MIN(1,ABS(F12)/ABS(Assumptions!$B$21)),MAX(0.1,1-Assumptions!$B$31*(F12/50)))))*Archetypes!$B$17*((Archetypes!$B$31)/100)*Assumptions!$B$30+-Assumptions!$B$25*Assumptions!$B$26)*$E12 -> 3.4744301 | I12: =(Archetypes!$B$11*(IF(F12<0,1+Assumptions!$B$32*MIN(1,ABS(F12)/ABS(Assumptions!$B$21)),MAX(0.1,1-Assumptions!$B$31*(F12/50)))))*$E12 -> 4.7185728 | J12: =Archetypes!$B$30 -> 0.022 | K12: =I12*J12 -> 0.1038086 | L12: =((I12-K12)*Archetypes!$B$15)+(K12*Archetypes!$B$15*Archetypes!$B$22) -> 0.47393345 | M12: =I12*Archetypes!$B$16 -> 3.5389296 | N12: =(IF(F12<0,Assumptions!$B$8,IF(F12<10,Assumptions!$B$34,IF(F12<25,Assumptions!$B$35,Assumptions!$B$36))))*((((Archetypes!$B$5*Assumptions!$B$4+Archetypes!$B$6*Assumptions!$B$5)*60))+(Assumptions!$B$6*(((Archetypes!$B$11*(IF(F12<0,1+Assumptions!$B$32*MIN(1,ABS(F12)/ABS(Assumptions!$B$21)),MAX(0.1,1-Assumptions!$B$31*(F12/50)))))-((Archetypes!$B$11*(IF(F12<0,1+Assumptions!$B$32*MIN(1,ABS(F12)/ABS(Assumptions!$B$21)),MAX(0.1,1-Assumptions!$B$31*(F12/50)))))*J12)*Archetypes!$B$20)+((Archetypes!$B$11*(IF(F12<0,1+Assumptions!$B$32*MIN(1,ABS(F12)/ABS(Assumptions!$B$21)),MAX(0.1,1-Assumptions!$B$31*(F12/50)))))*J12*Archetypes!$B$20*Archetypes!$B$21)*Assumptions!$B$18)*(IF($D12=1,1,Assumptions!$B$7)))+(((((Archetypes!$B$11*(IF(F12<0,1+Assumptions!$B$32*MIN(1,ABS(F12)/ABS(Assumptions!$B$21)),MAX(0.1,1-Assumptions!$B$31*(F12/50)))))-((Archetypes!$B$11*(IF(F12<0,1+Assumptions!$B$32*MIN(1,ABS(F12)/ABS(Assumptions!$B$21)),MAX(0.1,1-Assumptions!$B$31*(F12/50)))))*J12)*Archetypes!$B$15)*(Archetypes!$B$13*IF(F12<0,1-Assumptions!$B$33*MIN(1,ABS(F12)/ABS(Assumptions!$B$21)),1))*5)+(((Archetypes!$B$11*(IF(F12<0,1+Assumptions!$B$32*MIN(1,ABS(F12)/ABS(Assumptions!$B$21)),MAX(0.1,1-Assumptions!$B$31*(F12/50)))))*J12*Archetypes!$B$15*Archetypes!$B$22)*(Archetypes!$B$13*IF(F12<0,1-Assumptions!$B$33*MIN(1,ABS(F12)/ABS(Assumptions!$B$21)),1))*5*Assumptions!$B$18))*IF(F12<0,Assumptions!$B$9,1)))*$E12 -> 299.04879 | O12: =(O11)+(N12)-(MAX(0,((O11)+(N12)-(P12)))*(IF(Archetypes!$B$27="",Assumptions!$B$11,Archetypes!$B$27))) -> 1301.4653 | P12: =Archetypes!$B$33 -> 25.4232 | Q12: =MAX(0,(O12)-(P12)) -> 1276.0421 | S12: =T11 -> 37.606491 | T12: =MAX(Assumptions!$B$21,(S12)+(U12)) -> 40.544276 | U12: =(((Archetypes!$C$11*(IF(S12<0,1+Assumptions!$B$32*MIN(1,ABS(S12)/ABS(Assumptions!$B$21)),MAX(0.1,1-Assumptions!$B$31*(S12/50)))))-((Archetypes!$C$11*(IF(S12<0,1+Assumptions!$B$32*MIN(1,ABS(S12)/ABS(Assumptions!$B$21)),MAX(0.1,1-Assumptions!$B$31*(S12/50)))))*W12)*Archetypes!$C$15)*Assumptions!$B$22+((Archetypes!$C$11*(IF(S12<0,1+Assumptions!$B$32*MIN(1,ABS(S12)/ABS(Assumptions!$B$21)),MAX(0.1,1-Assumptions!$B$31*(S12/50)))))*W12*Archetypes!$C$15*Archetypes!$C$22)*Assumptions!$B$23+(Archetypes!$C$11*(IF(S12<0,1+Assumptions!$B$32*MIN(1,ABS(S12)/ABS(Assumptions!$B$21)),MAX(0.1,1-Assumptions!$B$31*(S12/50)))))*Assumptions!$B$24+-((Archetypes!$C$11*(IF(S12<0,1+Assumptions!$B$32*MIN(1,ABS(S12)/ABS(Assumptions!$B$21)),MAX(0.1,1-Assumptions!$B$31*(S12/50)))))*Archetypes!$C$16)*(Assumptions!$B$27*(1+Assumptions!$B$28*Archetypes!$C$14)/(1+Assumptions!$B$29*Archetypes!$C$12))+-(Archetypes!$C$11*(IF(S12<0,1+Assumptions!$B$32*MIN(1,ABS(S12)/ABS(Assumptions!$B$21)),MAX(0.1,1-Assumptions!$B$31*(S12/50)))))*Archetypes!$C$17*((Archetypes!$C$31)/100)*Assumptions!$B$30+-Assumptions!$B$25*Assumptions!$B$26)*$E12 -> 2.9377847 | V12: =(Archetypes!$C$11*(IF(S12<0,1+Assumptions!$B$32*MIN(1,ABS(S12)/ABS(Assumptions!$B$21)),MAX(0.1,1-Assumptions!$B$31*(S12/50)))))*$E12 -> 3.2923326 | W12: =Archetypes!$C$30 -> 0.038 | X12: =V12*W12 -> 0.12510864 | Y12: =((V12-X12)*Archetypes!$C$15)+(X12*Archetypes!$C$15*Archetypes!$C$22) -> 1.6649326 | Z12: =V12*Archetypes!$C$16 -> 1.4815497 | AA12: =(IF(S12<0,Assumptions!$B$8,IF(S12<10,Assumptions!$B$34,IF(S12<25,Assumptions!$B$35,Assumptions!$B$36))))*((((Archetypes!$C$5*Assumptions!$B$4+Archetypes!$C$6*Assumptions!$B$5)*60))+(Assumptions!$B$6*(((Archetypes!$C$11*(IF(S12<0,1+Assumptions!$B$32*MIN(1,ABS(S12)/ABS(Assumptions!$B$21)),MAX(0.1,1-Assumptions!$B$31*(S12/50)))))-((Archetypes!$C$11*(IF(S12<0,1+Assumptions!$B$32*MIN(1,ABS(S12)/ABS(Assumptions!$B$21)),MAX(0.1,1-Assumptions!$B$31*(S12/50)))))*W12)*Archetypes!$C$20)+((Archetypes!$C$11*(IF(S12<0,1+Assumptions!$B$32*MIN(1,ABS(S12)/ABS(Assumptions!$B$21)),MAX(0.1,1-Assumptions!$B$31*(S12/50)))))*W12*Archetypes!$C$20*Archetypes!$C$21)*Assumptions!$B$18)*(IF($D12=1,1,Assumptions!$B$7)))+(((((Archetypes!$C$11*(IF(S12<0,1+Assumptions!$B$32*MIN(1,ABS(S12)/ABS(Assumptions!$B$21)),MAX(0.1,1-Assumptions!$B$31*(S12/50)))))-((Archetypes!$C$11*(IF(S12<0,1+Assumptions!$B$32*MIN(1,ABS(S12)/ABS(Assumptions!$B$21)),MAX(0.1,1-Assumptions!$B$31*(S12/50)))))*W12)*Archetypes!$C$15)*(Archetypes!$C$13*IF(S12<0,1-Assumptions!$B$33*MIN(1,ABS(S12)/ABS(Assumptions!$B$21)),1))*5)+(((Archetypes!$C$11*(IF(S12<0,1+Assumptions!$B$32*MIN(1,ABS(S12)/ABS(Assumptions!$B$21)),MAX(0.1,1-Assumptions!$B$31*(S12/50)))))*W12*Archetypes!$C$15*Archetypes!$C$22)*(Archetypes!$C$13*IF(S12<0,1-Assumptions!$B$33*MIN(1,ABS(S12)/ABS(Assumptions!$B$21)),1))*5*Assumptions!$B$18))*IF(S12<0,Assumptions!$B$9,1)))*$E12 -> 918.60782 | AB12: =(AB11)+(AA12)-(MAX(0,((AB11)+(AA12)-(AC12)))*(IF(Archetypes!$C$27="",Assumptions!$B$11,Archetypes!$C$27))) -> 2913.3432 | AC12: =Archetypes!$C$33 -> 90.34 | AD12: =MAX(0,(AB12)-(AC12)) -> 2823.0032 | AF12: =AG11 -> 37.909375 | AG12: =MAX(Assumptions!$B$21,(AF12)+(AH12)) -> 40.139969 | AH12: =(((Archetypes!$D$11*(IF(AF12<0,1+Assumptions!$B$32*MIN(1,ABS(AF12)/ABS(Assumptions!$B$21)),MAX(0.1,1-Assumptions!$B$31*(AF12/50)))))-((Archetypes!$D$11*(IF(AF12<0,1+Assumptions!$B$32*MIN(1,ABS(AF12)/ABS(Assumptions!$B$21)),MAX(0.1,1-Assumptions!$B$31*(AF12/50)))))*AJ12)*Archetypes!$D$15)*Assumptions!$B$22+((Archetypes!$D$11*(IF(AF12<0,1+Assumptions!$B$32*MIN(1,ABS(AF12)/ABS(Assumptions!$B$21)),MAX(0.1,1-Assumptions!$B$31*(AF12/50)))))*AJ12*Archetypes!$D$15*Archetypes!$D$22)*Assumptions!$B$23+(Archetypes!$D$11*(IF(AF12<0,1+Assumptions!$B$32*MIN(1,ABS(AF12)/ABS(Assumptions!$B$21)),MAX(0.1,1-Assumptions!$B$31*(AF12/50)))))*Assumptions!$B$24+-((Archetypes!$D$11*(IF(AF12<0,1+Assumptions!$B$32*MIN(1,ABS(AF12)/ABS(Assumptions!$B$21)),MAX(0.1,1-Assumptions!$B$31*(AF12/50)))))*Archetypes!$D$16)*(Assumptions!$B$27*(1+Assumptions!$B$28*Archetypes!$D$14)/(1+Assumptions!$B$29*Archetypes!$D$12))+-(Archetypes!$D$11*(IF(AF12<0,1+Assumptions!$B$32*MIN(1,ABS(AF12)/ABS(Assumptions!$B$21)),MAX(0.1,1-Assumptions!$B$31*(AF12/50)))))*Archetypes!$D$17*((Archetypes!$D$31)/100)*Assumptions!$B$30+-Assumptions!$B$25*Assumptions!$B$26)*$E12 -> 2.2305933 | AI12: =(Archetypes!$D$11*(IF(AF12<0,1+Assumptions!$B$32*MIN(1,ABS(AF12)/ABS(Assumptions!$B$21)),MAX(0.1,1-Assumptions!$B$31*(AF12/50)))))*$E12 -> 1.6352625 | AJ12: =Archetypes!$D$30 -> 0.104 | AK12: =AI12*AJ12 -> 0.1700673 | AL12: =((AI12-AK12)*Archetypes!$D$15)+(AK12*Archetypes!$D$15*Archetypes!$D$22) -> 2.5549341 | AM12: =AI12*Archetypes!$D$16 -> 0.3270525 | AN12: =(IF(AF12<0,Assumptions!$B$8,IF(AF12<10,Assumptions!$B$34,IF(AF12<25,Assumptions!$B$35,Assumptions!$B$36))))*((((Archetypes!$D$5*Assumptions!$B$4+Archetypes!$D$6*Assumptions!$B$5)*60))+(Assumptions!$B$6*(((Archetypes!$D$11*(IF(AF12<0,1+Assumptions!$B$32*MIN(1,ABS(AF12)/ABS(Assumptions!$B$21)),MAX(0.1,1-Assumptions!$B$31*(AF12/50)))))-((Archetypes!$D$11*(IF(AF12<0,1+Assumptions!$B$32*MIN(1,ABS(AF12)/ABS(Assumptions!$B$21)),MAX(0.1,1-Assumptions!$B$31*(AF12/50)))))*AJ12)*Archetypes!$D$20)+((Archetypes!$D$11*(IF(AF12<0,1+Assumptions!$B$32*MIN(1,ABS(AF12)/ABS(Assumptions!$B$21)),MAX(0.1,1-Assumptions!$B$31*(AF12/50)))))*AJ12*Archetypes!$D$20*Archetypes!$D$21)*Assumptions!$B$18)*(IF($D12=1,1,Assumptions!$B$7)))+(((((Archetypes!$D$11*(IF(AF12<0,1+Assumptions!$B$32*MIN(1,ABS(AF12)/ABS(Assumptions!$B$21)),MAX(0.1,1-Assumptions!$B$31*(AF12/50)))))-((Archetypes!$D$11*(IF(AF12<0,1+Assumptions!$B$32*MIN(1,ABS(AF12)/ABS(Assumptions!$B$21)),MAX(0.1,1-Assumptions!$B$31*(AF12/50)))))*AJ12)*Archetypes!$D$15)*(Archetypes!$D$13*IF(AF12<0,1-Assumptions!$B$33*MIN(1,ABS(AF12)/ABS(Assumptions!$B$21)),1))*5)+(((Archetypes!$D$11*(IF(AF12<0,1+Assumptions!$B$32*MIN(1,ABS(AF12)/ABS(Assumptions!$B$21)),MAX(0.1,1-Assumptions!$B$31*(AF12/50)))))*AJ12*Archetypes!$D$15*Archetypes!$D$22)*(Archetypes!$D$13*IF(AF12<0,1-Assumptions!$B$33*MIN(1,ABS(AF12)/ABS(Assumptions!$B$21)),1))*5*Assumptions!$B$18))*IF(AF12<0,Assumptions!$B$9,1)))*$E12 -> 1466.9338 | AO12: =(AO11)+(AN12)-(MAX(0,((AO11)+(AN12)-(AP12)))*(IF(Archetypes!$D$27="",Assumptions!$B$11,Archetypes!$D$27))) -> 3715.3466 | AP12: =Archetypes!$D$33 -> 201.32917 | AQ12: =MAX(0,(AO12)-(AP12)) -> 3514.0174
A13: 9 | B13: =INT(A13/24)+1 -> 1 | C13: =MOD(A13,24) -> 9 | D13: =IF(C13<Assumptions!$B$10,1,0) -> 0 | E13: 1 | F13: =G12 -> 47.486323 | G13: =MAX(Assumptions!$B$21,(F13)+(H13)) -> 50.6405 | H13: =(((Archetypes!$B$11*(IF(F13<0,1+Assumptions!$B$32*MIN(1,ABS(F13)/ABS(Assumptions!$B$21)),MAX(0.1,1-Assumptions!$B$31*(F13/50)))))-((Archetypes!$B$11*(IF(F13<0,1+Assumptions!$B$32*MIN(1,ABS(F13)/ABS(Assumptions!$B$21)),MAX(0.1,1-Assumptions!$B$31*(F13/50)))))*J13)*Archetypes!$B$15)*Assumptions!$B$22+((Archetypes!$B$11*(IF(F13<0,1+Assumptions!$B$32*MIN(1,ABS(F13)/ABS(Assumptions!$B$21)),MAX(0.1,1-Assumptions!$B$31*(F13/50)))))*J13*Archetypes!$B$15*Archetypes!$B$22)*Assumptions!$B$23+(Archetypes!$B$11*(IF(F13<0,1+Assumptions!$B$32*MIN(1,ABS(F13)/ABS(Assumptions!$B$21)),MAX(0.1,1-Assumptions!$B$31*(F13/50)))))*Assumptions!$B$24+-((Archetypes!$B$11*(IF(F13<0,1+Assumptions!$B$32*MIN(1,ABS(F13)/ABS(Assumptions!$B$21)),MAX(0.1,1-Assumptions!$B$31*(F13/50)))))*Archetypes!$B$16)*(Assumptions!$B$27*(1+Assumptions!$B$28*Archetypes!$B$14)/(1+Assumptions!$B$29*Archetypes!$B$12))+-(Archetypes!$B$11*(IF(F13<0,1+Assumptions!$B$32*MIN(1,ABS(F13)/ABS(Assumptions!$B$21)),MAX(0.1,1-Assumptions!$B$31*(F13/50)))))*Archetypes!$B$17*((Archetypes!$B$31)/100)*Assumptions!$B$30+-Assumptions!$B$25*Assumptions!$B$26)*$E13 -> 3.1541766 | I13: =(Archetypes!$B$11*(IF(F13<0,1+Assumptions!$B$32*MIN(1,ABS(F13)/ABS(Assumptions!$B$21)),MAX(0.1,1-Assumptions!$B$31*(F13/50)))))*$E13 -> 4.3016412 | J13: =Archetypes!$B$30 -> 0.022 | K13: =I13*J13 -> 0.094636106 | L13: =((I13-K13)*Archetypes!$B$15)+(K13*Archetypes!$B$15*Archetypes!$B$22) -> 0.43205684 | M13: =I13*Archetypes!$B$16 -> 3.2262309 | N13: =(IF(F13<0,Assumptions!$B$8,IF(F13<10,Assumptions!$B$34,IF(F13<25,Assumptions!$B$35,Assumptions!$B$36))))*((((Archetypes!$B$5*Assumptions!$B$4+Archetypes!$B$6*Assumptions!$B$5)*60))+(Assumptions!$B$6*(((Archetypes!$B$11*(IF(F13<0,1+Assumptions!$B$32*MIN(1,ABS(F13)/ABS(Assumptions!$B$21)),MAX(0.1,1-Assumptions!$B$31*(F13/50)))))-((Archetypes!$B$11*(IF(F13<0,1+Assumptions!$B$32*MIN(1,ABS(F13)/ABS(Assumptions!$B$21)),MAX(0.1,1-Assumptions!$B$31*(F13/50)))))*J13)*Archetypes!$B$20)+((Archetypes!$B$11*(IF(F13<0,1+Assumptions!$B$32*MIN(1,ABS(F13)/ABS(Assumptions!$B$21)),MAX(0.1,1-Assumptions!$B$31*(F13/50)))))*J13*Archetypes!$B$20*Archetypes!$B$21)*Assumptions!$B$18)*(IF($D13=1,1,Assumptions!$B$7)))+(((((Archetypes!$B$11*(IF(F13<0,1+Assumptions!$B$32*MIN(1,ABS(F13)/ABS(Assumptions!$B$21)),MAX(0.1,1-Assumptions!$B$31*(F13/50)))))-((Archetypes!$B$11*(IF(F13<0,1+Assumptions!$B$32*MIN(1,ABS(F13)/ABS(Assumptions!$B$21)),MAX(0.1,1-Assumptions!$B$31*(F13/50)))))*J13)*Archetypes!$B$15)*(Archetypes!$B$13*IF(F13<0,1-Assumptions!$B$33*MIN(1,ABS(F13)/ABS(Assumptions!$B$21)),1))*5)+(((Archetypes!$B$11*(IF(F13<0,1+Assumptions!$B$32*MIN(1,ABS(F13)/ABS(Assumptions!$B$21)),MAX(0.1,1-Assumptions!$B$31*(F13/50)))))*J13*Archetypes!$B$15*Archetypes!$B$22)*(Archetypes!$B$13*IF(F13<0,1-Assumptions!$B$33*MIN(1,ABS(F13)/ABS(Assumptions!$B$21)),1))*5*Assumptions!$B$18))*IF(F13<0,Assumptions!$B$9,1)))*$E13 -> 286.14397 | O13: =(O12)+(N13)-(MAX(0,((O12)+(N13)-(P13)))*(IF(Archetypes!$B$27="",Assumptions!$B$11,Archetypes!$B$27))) -> 1275.1721 | P13: =Archetypes!$B$33 -> 25.4232 | Q13: =MAX(0,(O13)-(P13)) -> 1249.7489 | S13: =T12 -> 40.544276 | T13: =MAX(Assumptions!$B$21,(S13)+(U13)) -> 43.283681 | U13: =(((Archetypes!$C$11*(IF(S13<0,1+Assumptions!$B$32*MIN(1,ABS(S13)/ABS(Assumptions!$B$21)),MAX(0.1,1-Assumptions!$B$31*(S13/50)))))-((Archetypes!$C$11*(IF(S13<0,1+Assumptions!$B$32*MIN(1,ABS(S13)/ABS(Assumptions!$B$21)),MAX(0.1,1-Assumptions!$B$31*(S13/50)))))*W13)*Archetypes!$C$15)*Assumptions!$B$22+((Archetypes!$C$11*(IF(S13<0,1+Assumptions!$B$32*MIN(1,ABS(S13)/ABS(Assumptions!$B$21)),MAX(0.1,1-Assumptions!$B$31*(S13/50)))))*W13*Archetypes!$C$15*Archetypes!$C$22)*Assumptions!$B$23+(Archetypes!$C$11*(IF(S13<0,1+Assumptions!$B$32*MIN(1,ABS(S13)/ABS(Assumptions!$B$21)),MAX(0.1,1-Assumptions!$B$31*(S13/50)))))*Assumptions!$B$24+-((Archetypes!$C$11*(IF(S13<0,1+Assumptions!$B$32*MIN(1,ABS(S13)/ABS(Assumptions!$B$21)),MAX(0.1,1-Assumptions!$B$31*(S13/50)))))*Archetypes!$C$16)*(Assumptions!$B$27*(1+Assumptions!$B$28*Archetypes!$C$14)/(1+Assumptions!$B$29*Archetypes!$C$12))+-(Archetypes!$C$11*(IF(S13<0,1+Assumptions!$B$32*MIN(1,ABS(S13)/ABS(Assumptions!$B$21)),MAX(0.1,1-Assumptions!$B$31*(S13/50)))))*Archetypes!$C$17*((Archetypes!$C$31)/100)*Assumptions!$B$30+-Assumptions!$B$25*Assumptions!$B$26)*$E13 -> 2.7394057 | V13: =(Archetypes!$C$11*(IF(S13<0,1+Assumptions!$B$32*MIN(1,ABS(S13)/ABS(Assumptions!$B$21)),MAX(0.1,1-Assumptions!$B$31*(S13/50)))))*$E13 -> 3.0808121 | W13: =Archetypes!$C$30 -> 0.038 | X13: =V13*W13 -> 0.11707086 | Y13: =((V13-X13)*Archetypes!$C$15)+(X13*Archetypes!$C$15*Archetypes!$C$22) -> 1.5579667 | Z13: =V13*Archetypes!$C$16 -> 1.3863655 | AA13: =(IF(S13<0,Assumptions!$B$8,IF(S13<10,Assumptions!$B$34,IF(S13<25,Assumptions!$B$35,Assumptions!$B$36))))*((((Archetypes!$C$5*Assumptions!$B$4+Archetypes!$C$6*Assumptions!$B$5)*60))+(Assumptions!$B$6*(((Archetypes!$C$11*(IF(S13<0,1+Assumptions!$B$32*MIN(1,ABS(S13)/ABS(Assumptions!$B$21)),MAX(0.1,1-Assumptions!$B$31*(S13/50)))))-((Archetypes!$C$11*(IF(S13<0,1+Assumptions!$B$32*MIN(1,ABS(S13)/ABS(Assumptions!$B$21)),MAX(0.1,1-Assumptions!$B$31*(S13/50)))))*W13)*Archetypes!$C$20)+((Archetypes!$C$11*(IF(S13<0,1+Assumptions!$B$32*MIN(1,ABS(S13)/ABS(Assumptions!$B$21)),MAX(0.1,1-Assumptions!$B$31*(S13/50)))))*W13*Archetypes!$C$20*Archetypes!$C$21)*Assumptions!$B$18)*(IF($D13=1,1,Assumptions!$B$7)))+(((((Archetypes!$C$11*(IF(S13<0,1+Assumptions!$B$32*MIN(1,ABS(S13)/ABS(Assumptions!$B$21)),MAX(0.1,1-Assumptions!$B$31*(S13/50)))))-((Archetypes!$C$11*(IF(S13<0,1+Assumptions!$B$32*MIN(1,ABS(S13)/ABS(Assumptions!$B$21)),MAX(0.1,1-Assumptions!$B$31*(S13/50)))))*W13)*Archetypes!$C$15)*(Archetypes!$C$13*IF(S13<0,1-Assumptions!$B$33*MIN(1,ABS(S13)/ABS(Assumptions!$B$21)),1))*5)+(((Archetypes!$C$11*(IF(S13<0,1+Assumptions!$B$32*MIN(1,ABS(S13)/ABS(Assumptions!$B$21)),MAX(0.1,1-Assumptions!$B$31*(S13/50)))))*W13*Archetypes!$C$15*Archetypes!$C$22)*(Archetypes!$C$13*IF(S13<0,1-Assumptions!$B$33*MIN(1,ABS(S13)/ABS(Assumptions!$B$21)),1))*5*Assumptions!$B$18))*IF(S13<0,Assumptions!$B$9,1)))*$E13 -> 902.18594 | AB13: =(AB12)+(AA13)-(MAX(0,((AB12)+(AA13)-(AC13)))*(IF(Archetypes!$C$27="",Assumptions!$B$11,Archetypes!$C$27))) -> 2884.2318 | AC13: =Archetypes!$C$33 -> 90.34 | AD13: =MAX(0,(AB13)-(AC13)) -> 2793.8918 | AF13: =AG12 -> 40.139969 | AG13: =MAX(Assumptions!$B$21,(AF13)+(AH13)) -> 42.25366 | AH13: =(((Archetypes!$D$11*(IF(AF13<0,1+Assumptions!$B$32*MIN(1,ABS(AF13)/ABS(Assumptions!$B$21)),MAX(0.1,1-Assumptions!$B$31*(AF13/50)))))-((Archetypes!$D$11*(IF(AF13<0,1+Assumptions!$B$32*MIN(1,ABS(AF13)/ABS(Assumptions!$B$21)),MAX(0.1,1-Assumptions!$B$31*(AF13/50)))))*AJ13)*Archetypes!$D$15)*Assumptions!$B$22+((Archetypes!$D$11*(IF(AF13<0,1+Assumptions!$B$32*MIN(1,ABS(AF13)/ABS(Assumptions!$B$21)),MAX(0.1,1-Assumptions!$B$31*(AF13/50)))))*AJ13*Archetypes!$D$15*Archetypes!$D$22)*Assumptions!$B$23+(Archetypes!$D$11*(IF(AF13<0,1+Assumptions!$B$32*MIN(1,ABS(AF13)/ABS(Assumptions!$B$21)),MAX(0.1,1-Assumptions!$B$31*(AF13/50)))))*Assumptions!$B$24+-((Archetypes!$D$11*(IF(AF13<0,1+Assumptions!$B$32*MIN(1,ABS(AF13)/ABS(Assumptions!$B$21)),MAX(0.1,1-Assumptions!$B$31*(AF13/50)))))*Archetypes!$D$16)*(Assumptions!$B$27*(1+Assumptions!$B$28*Archetypes!$D$14)/(1+Assumptions!$B$29*Archetypes!$D$12))+-(Archetypes!$D$11*(IF(AF13<0,1+Assumptions!$B$32*MIN(1,ABS(AF13)/ABS(Assumptions!$B$21)),MAX(0.1,1-Assumptions!$B$31*(AF13/50)))))*Archetypes!$D$17*((Archetypes!$D$31)/100)*Assumptions!$B$30+-Assumptions!$B$25*Assumptions!$B$26)*$E13 -> 2.1136917 | AI13: =(Archetypes!$D$11*(IF(AF13<0,1+Assumptions!$B$32*MIN(1,ABS(AF13)/ABS(Assumptions!$B$21)),MAX(0.1,1-Assumptions!$B$31*(AF13/50)))))*$E13 -> 1.5549611 | AJ13: =Archetypes!$D$30 -> 0.104 | AK13: =AI13*AJ13 -> 0.16171596 | AL13: =((AI13-AK13)*Archetypes!$D$15)+(AK13*Archetypes!$D$15*Archetypes!$D$22) -> 2.4294713 | AM13: =AI13*Archetypes!$D$16 -> 0.31099223 | AN13: =(IF(AF13<0,Assumptions!$B$8,IF(AF13<10,Assumptions!$B$34,IF(AF13<25,Assumptions!$B$35,Assumptions!$B$36))))*((((Archetypes!$D$5*Assumptions!$B$4+Archetypes!$D$6*Assumptions!$B$5)*60))+(Assumptions!$B$6*(((Archetypes!$D$11*(IF(AF13<0,1+Assumptions!$B$32*MIN(1,ABS(AF13)/ABS(Assumptions!$B$21)),MAX(0.1,1-Assumptions!$B$31*(AF13/50)))))-((Archetypes!$D$11*(IF(AF13<0,1+Assumptions!$B$32*MIN(1,ABS(AF13)/ABS(Assumptions!$B$21)),MAX(0.1,1-Assumptions!$B$31*(AF13/50)))))*AJ13)*Archetypes!$D$20)+((Archetypes!$D$11*(IF(AF13<0,1+Assumptions!$B$32*MIN(1,ABS(AF13)/ABS(Assumptions!$B$21)),MAX(0.1,1-Assumptions!$B$31*(AF13/50)))))*AJ13*Archetypes!$D$20*Archetypes!$D$21)*Assumptions!$B$18)*(IF($D13=1,1,Assumptions!$B$7)))+(((((Archetypes!$D$11*(IF(AF13<0,1+Assumptions!$B$32*MIN(1,ABS(AF13)/ABS(Assumptions!$B$21)),MAX(0.1,1-Assumptions!$B$31*(AF13/50)))))-((Archetypes!$D$11*(IF(AF13<0,1+Assumptions!$B$32*MIN(1,ABS(AF13)/ABS(Assumptions!$B$21)),MAX(0.1,1-Assumptions!$B$31*(AF13/50)))))*AJ13)*Archetypes!$D$15)*(Archetypes!$D$13*IF(AF13<0,1-Assumptions!$B$33*MIN(1,ABS(AF13)/ABS(Assumptions!$B$21)),1))*5)+(((Archetypes!$D$11*(IF(AF13<0,1+Assumptions!$B$32*MIN(1,ABS(AF13)/ABS(Assumptions!$B$21)),MAX(0.1,1-Assumptions!$B$31*(AF13/50)))))*AJ13*Archetypes!$D$15*Archetypes!$D$22)*(Archetypes!$D$13*IF(AF13<0,1-Assumptions!$B$33*MIN(1,ABS(AF13)/ABS(Assumptions!$B$21)),1))*5*Assumptions!$B$18))*IF(AF13<0,Assumptions!$B$9,1)))*$E13 -> 1447.4911 | AO13: =(AO12)+(AN13)-(MAX(0,((AO12)+(AN13)-(AP13)))*(IF(Archetypes!$D$27="",Assumptions!$B$11,Archetypes!$D$27))) -> 3674.3851 | AP13: =Archetypes!$D$33 -> 201.32917 | AQ13: =MAX(0,(AO13)-(AP13)) -> 3473.0559
A14: 10 | B14: =INT(A14/24)+1 -> 1 | C14: =MOD(A14,24) -> 10 | D14: =IF(C14<Assumptions!$B$10,1,0) -> 0 | E14: 1 | F14: =G13 -> 50.6405 | G14: =MAX(Assumptions!$B$21,(F14)+(H14)) -> 53.503942 | H14: =(((Archetypes!$B$11*(IF(F14<0,1+Assumptions!$B$32*MIN(1,ABS(F14)/ABS(Assumptions!$B$21)),MAX(0.1,1-Assumptions!$B$31*(F14/50)))))-((Archetypes!$B$11*(IF(F14<0,1+Assumptions!$B$32*MIN(1,ABS(F14)/ABS(Assumptions!$B$21)),MAX(0.1,1-Assumptions!$B$31*(F14/50)))))*J14)*Archetypes!$B$15)*Assumptions!$B$22+((Archetypes!$B$11*(IF(F14<0,1+Assumptions!$B$32*MIN(1,ABS(F14)/ABS(Assumptions!$B$21)),MAX(0.1,1-Assumptions!$B$31*(F14/50)))))*J14*Archetypes!$B$15*Archetypes!$B$22)*Assumptions!$B$23+(Archetypes!$B$11*(IF(F14<0,1+Assumptions!$B$32*MIN(1,ABS(F14)/ABS(Assumptions!$B$21)),MAX(0.1,1-Assumptions!$B$31*(F14/50)))))*Assumptions!$B$24+-((Archetypes!$B$11*(IF(F14<0,1+Assumptions!$B$32*MIN(1,ABS(F14)/ABS(Assumptions!$B$21)),MAX(0.1,1-Assumptions!$B$31*(F14/50)))))*Archetypes!$B$16)*(Assumptions!$B$27*(1+Assumptions!$B$28*Archetypes!$B$14)/(1+Assumptions!$B$29*Archetypes!$B$12))+-(Archetypes!$B$11*(IF(F14<0,1+Assumptions!$B$32*MIN(1,ABS(F14)/ABS(Assumptions!$B$21)),MAX(0.1,1-Assumptions!$B$31*(F14/50)))))*Archetypes!$B$17*((Archetypes!$B$31)/100)*Assumptions!$B$30+-Assumptions!$B$25*Assumptions!$B$26)*$E14 -> 2.8634423 | I14: =(Archetypes!$B$11*(IF(F14<0,1+Assumptions!$B$32*MIN(1,ABS(F14)/ABS(Assumptions!$B$21)),MAX(0.1,1-Assumptions!$B$31*(F14/50)))))*$E14 -> 3.92314 | J14: =Archetypes!$B$30 -> 0.022 | K14: =I14*J14 -> 0.08630908 | L14: =((I14-K14)*Archetypes!$B$15)+(K14*Archetypes!$B$15*Archetypes!$B$22) -> 0.39404018 | M14: =I14*Archetypes!$B$16 -> 2.942355 | N14: =(IF(F14<0,Assumptions!$B$8,IF(F14<10,Assumptions!$B$34,IF(F14<25,Assumptions!$B$35,Assumptions!$B$36))))*((((Archetypes!$B$5*Assumptions!$B$4+Archetypes!$B$6*Assumptions!$B$5)*60))+(Assumptions!$B$6*(((Archetypes!$B$11*(IF(F14<0,1+Assumptions!$B$32*MIN(1,ABS(F14)/ABS(Assumptions!$B$21)),MAX(0.1,1-Assumptions!$B$31*(F14/50)))))-((Archetypes!$B$11*(IF(F14<0,1+Assumptions!$B$32*MIN(1,ABS(F14)/ABS(Assumptions!$B$21)),MAX(0.1,1-Assumptions!$B$31*(F14/50)))))*J14)*Archetypes!$B$20)+((Archetypes!$B$11*(IF(F14<0,1+Assumptions!$B$32*MIN(1,ABS(F14)/ABS(Assumptions!$B$21)),MAX(0.1,1-Assumptions!$B$31*(F14/50)))))*J14*Archetypes!$B$20*Archetypes!$B$21)*Assumptions!$B$18)*(IF($D14=1,1,Assumptions!$B$7)))+(((((Archetypes!$B$11*(IF(F14<0,1+Assumptions!$B$32*MIN(1,ABS(F14)/ABS(Assumptions!$B$21)),MAX(0.1,1-Assumptions!$B$31*(F14/50)))))-((Archetypes!$B$11*(IF(F14<0,1+Assumptions!$B$32*MIN(1,ABS(F14)/ABS(Assumptions!$B$21)),MAX(0.1,1-Assumptions!$B$31*(F14/50)))))*J14)*Archetypes!$B$15)*(Archetypes!$B$13*IF(F14<0,1-Assumptions!$B$33*MIN(1,ABS(F14)/ABS(Assumptions!$B$21)),1))*5)+(((Archetypes!$B$11*(IF(F14<0,1+Assumptions!$B$32*MIN(1,ABS(F14)/ABS(Assumptions!$B$21)),MAX(0.1,1-Assumptions!$B$31*(F14/50)))))*J14*Archetypes!$B$15*Archetypes!$B$22)*(Archetypes!$B$13*IF(F14<0,1-Assumptions!$B$33*MIN(1,ABS(F14)/ABS(Assumptions!$B$21)),1))*5*Assumptions!$B$18))*IF(F14<0,Assumptions!$B$9,1)))*$E14 -> 274.42864 | O14: =(O13)+(N14)-(MAX(0,((O13)+(N14)-(P14)))*(IF(Archetypes!$B$27="",Assumptions!$B$11,Archetypes!$B$27))) -> 1244.7652 | P14: =Archetypes!$B$33 -> 25.4232 | Q14: =MAX(0,(O14)-(P14)) -> 1219.342 | S14: =T13 -> 43.283681 | T14: =MAX(Assumptions!$B$21,(S14)+(U14)) -> 45.838104 | U14: =(((Archetypes!$C$11*(IF(S14<0,1+Assumptions!$B$32*MIN(1,ABS(S14)/ABS(Assumptions!$B$21)),MAX(0.1,1-Assumptions!$B$31*(S14/50)))))-((Archetypes!$C$11*(IF(S14<0,1+Assumptions!$B$32*MIN(1,ABS(S14)/ABS(Assumptions!$B$21)),MAX(0.1,1-Assumptions!$B$31*(S14/50)))))*W14)*Archetypes!$C$15)*Assumptions!$B$22+((Archetypes!$C$11*(IF(S14<0,1+Assumptions!$B$32*MIN(1,ABS(S14)/ABS(Assumptions!$B$21)),MAX(0.1,1-Assumptions!$B$31*(S14/50)))))*W14*Archetypes!$C$15*Archetypes!$C$22)*Assumptions!$B$23+(Archetypes!$C$11*(IF(S14<0,1+Assumptions!$B$32*MIN(1,ABS(S14)/ABS(Assumptions!$B$21)),MAX(0.1,1-Assumptions!$B$31*(S14/50)))))*Assumptions!$B$24+-((Archetypes!$C$11*(IF(S14<0,1+Assumptions!$B$32*MIN(1,ABS(S14)/ABS(Assumptions!$B$21)),MAX(0.1,1-Assumptions!$B$31*(S14/50)))))*Archetypes!$C$16)*(Assumptions!$B$27*(1+Assumptions!$B$28*Archetypes!$C$14)/(1+Assumptions!$B$29*Archetypes!$C$12))+-(Archetypes!$C$11*(IF(S14<0,1+Assumptions!$B$32*MIN(1,ABS(S14)/ABS(Assumptions!$B$21)),MAX(0.1,1-Assumptions!$B$31*(S14/50)))))*Archetypes!$C$17*((Archetypes!$C$31)/100)*Assumptions!$B$30+-Assumptions!$B$25*Assumptions!$B$26)*$E14 -> 2.5544225 | V14: =(Archetypes!$C$11*(IF(S14<0,1+Assumptions!$B$32*MIN(1,ABS(S14)/ABS(Assumptions!$B$21)),MAX(0.1,1-Assumptions!$B$31*(S14/50)))))*$E14 -> 2.8835749 | W14: =Archetypes!$C$30 -> 0.038 | X14: =V14*W14 -> 0.10957585 | Y14: =((V14-X14)*Archetypes!$C$15)+(X14*Archetypes!$C$15*Archetypes!$C$22) -> 1.4582238 | Z14: =V14*Archetypes!$C$16 -> 1.2976087 | AA14: =(IF(S14<0,Assumptions!$B$8,IF(S14<10,Assumptions!$B$34,IF(S14<25,Assumptions!$B$35,Assumptions!$B$36))))*((((Archetypes!$C$5*Assumptions!$B$4+Archetypes!$C$6*Assumptions!$B$5)*60))+(Assumptions!$B$6*(((Archetypes!$C$11*(IF(S14<0,1+Assumptions!$B$32*MIN(1,ABS(S14)/ABS(Assumptions!$B$21)),MAX(0.1,1-Assumptions!$B$31*(S14/50)))))-((Archetypes!$C$11*(IF(S14<0,1+Assumptions!$B$32*MIN(1,ABS(S14)/ABS(Assumptions!$B$21)),MAX(0.1,1-Assumptions!$B$31*(S14/50)))))*W14)*Archetypes!$C$20)+((Archetypes!$C$11*(IF(S14<0,1+Assumptions!$B$32*MIN(1,ABS(S14)/ABS(Assumptions!$B$21)),MAX(0.1,1-Assumptions!$B$31*(S14/50)))))*W14*Archetypes!$C$20*Archetypes!$C$21)*Assumptions!$B$18)*(IF($D14=1,1,Assumptions!$B$7)))+(((((Archetypes!$C$11*(IF(S14<0,1+Assumptions!$B$32*MIN(1,ABS(S14)/ABS(Assumptions!$B$21)),MAX(0.1,1-Assumptions!$B$31*(S14/50)))))-((Archetypes!$C$11*(IF(S14<0,1+Assumptions!$B$32*MIN(1,ABS(S14)/ABS(Assumptions!$B$21)),MAX(0.1,1-Assumptions!$B$31*(S14/50)))))*W14)*Archetypes!$C$15)*(Archetypes!$C$13*IF(S14<0,1-Assumptions!$B$33*MIN(1,ABS(S14)/ABS(Assumptions!$B$21)),1))*5)+(((Archetypes!$C$11*(IF(S14<0,1+Assumptions!$B$32*MIN(1,ABS(S14)/ABS(Assumptions!$B$21)),MAX(0.1,1-Assumptions!$B$31*(S14/50)))))*W14*Archetypes!$C$15*Archetypes!$C$22)*(Archetypes!$C$13*IF(S14<0,1-Assumptions!$B$33*MIN(1,ABS(S14)/ABS(Assumptions!$B$21)),1))*5*Assumptions!$B$18))*IF(S14<0,Assumptions!$B$9,1)))*$E14 -> 886.87297 | AB14: =(AB13)+(AA14)-(MAX(0,((AB13)+(AA14)-(AC14)))*(IF(Archetypes!$C$27="",Assumptions!$B$11,Archetypes!$C$27))) -> 2850.9136 | AC14: =Archetypes!$C$33 -> 90.34 | AD14: =MAX(0,(AB14)-(AC14)) -> 2760.5736 | AF14: =AG13 -> 42.25366 | AG14: =MAX(Assumptions!$B$21,(AF14)+(AH14)) -> 44.256577 | AH14: =(((Archetypes!$D$11*(IF(AF14<0,1+Assumptions!$B$32*MIN(1,ABS(AF14)/ABS(Assumptions!$B$21)),MAX(0.1,1-Assumptions!$B$31*(AF14/50)))))-((Archetypes!$D$11*(IF(AF14<0,1+Assumptions!$B$32*MIN(1,ABS(AF14)/ABS(Assumptions!$B$21)),MAX(0.1,1-Assumptions!$B$31*(AF14/50)))))*AJ14)*Archetypes!$D$15)*Assumptions!$B$22+((Archetypes!$D$11*(IF(AF14<0,1+Assumptions!$B$32*MIN(1,ABS(AF14)/ABS(Assumptions!$B$21)),MAX(0.1,1-Assumptions!$B$31*(AF14/50)))))*AJ14*Archetypes!$D$15*Archetypes!$D$22)*Assumptions!$B$23+(Archetypes!$D$11*(IF(AF14<0,1+Assumptions!$B$32*MIN(1,ABS(AF14)/ABS(Assumptions!$B$21)),MAX(0.1,1-Assumptions!$B$31*(AF14/50)))))*Assumptions!$B$24+-((Archetypes!$D$11*(IF(AF14<0,1+Assumptions!$B$32*MIN(1,ABS(AF14)/ABS(Assumptions!$B$21)),MAX(0.1,1-Assumptions!$B$31*(AF14/50)))))*Archetypes!$D$16)*(Assumptions!$B$27*(1+Assumptions!$B$28*Archetypes!$D$14)/(1+Assumptions!$B$29*Archetypes!$D$12))+-(Archetypes!$D$11*(IF(AF14<0,1+Assumptions!$B$32*MIN(1,ABS(AF14)/ABS(Assumptions!$B$21)),MAX(0.1,1-Assumptions!$B$31*(AF14/50)))))*Archetypes!$D$17*((Archetypes!$D$31)/100)*Assumptions!$B$30+-Assumptions!$B$25*Assumptions!$B$26)*$E14 -> 2.0029167 | AI14: =(Archetypes!$D$11*(IF(AF14<0,1+Assumptions!$B$32*MIN(1,ABS(AF14)/ABS(Assumptions!$B$21)),MAX(0.1,1-Assumptions!$B$31*(AF14/50)))))*$E14 -> 1.4788682 | AJ14: =Archetypes!$D$30 -> 0.104 | AK14: =AI14*AJ14 -> 0.1538023 | AL14: =((AI14-AK14)*Archetypes!$D$15)+(AK14*Archetypes!$D$15*Archetypes!$D$22) -> 2.3105837 | AM14: =AI14*Archetypes!$D$16 -> 0.29577365 | AN14: =(IF(AF14<0,Assumptions!$B$8,IF(AF14<10,Assumptions!$B$34,IF(AF14<25,Assumptions!$B$35,Assumptions!$B$36))))*((((Archetypes!$D$5*Assumptions!$B$4+Archetypes!$D$6*Assumptions!$B$5)*60))+(Assumptions!$B$6*(((Archetypes!$D$11*(IF(AF14<0,1+Assumptions!$B$32*MIN(1,ABS(AF14)/ABS(Assumptions!$B$21)),MAX(0.1,1-Assumptions!$B$31*(AF14/50)))))-((Archetypes!$D$11*(IF(AF14<0,1+Assumptions!$B$32*MIN(1,ABS(AF14)/ABS(Assumptions!$B$21)),MAX(0.1,1-Assumptions!$B$31*(AF14/50)))))*AJ14)*Archetypes!$D$20)+((Archetypes!$D$11*(IF(AF14<0,1+Assumptions!$B$32*MIN(1,ABS(AF14)/ABS(Assumptions!$B$21)),MAX(0.1,1-Assumptions!$B$31*(AF14/50)))))*AJ14*Archetypes!$D$20*Archetypes!$D$21)*Assumptions!$B$18)*(IF($D14=1,1,Assumptions!$B$7)))+(((((Archetypes!$D$11*(IF(AF14<0,1+Assumptions!$B$32*MIN(1,ABS(AF14)/ABS(Assumptions!$B$21)),MAX(0.1,1-Assumptions!$B$31*(AF14/50)))))-((Archetypes!$D$11*(IF(AF14<0,1+Assumptions!$B$32*MIN(1,ABS(AF14)/ABS(Assumptions!$B$21)),MAX(0.1,1-Assumptions!$B$31*(AF14/50)))))*AJ14)*Archetypes!$D$15)*(Archetypes!$D$13*IF(AF14<0,1-Assumptions!$B$33*MIN(1,ABS(AF14)/ABS(Assumptions!$B$21)),1))*5)+(((Archetypes!$D$11*(IF(AF14<0,1+Assumptions!$B$32*MIN(1,ABS(AF14)/ABS(Assumptions!$B$21)),MAX(0.1,1-Assumptions!$B$31*(AF14/50)))))*AJ14*Archetypes!$D$15*Archetypes!$D$22)*(Archetypes!$D$13*IF(AF14<0,1-Assumptions!$B$33*MIN(1,ABS(AF14)/ABS(Assumptions!$B$21)),1))*5*Assumptions!$B$18))*IF(AF14<0,Assumptions!$B$9,1)))*$E14 -> 1429.0673 | AO14: =(AO13)+(AN14)-(MAX(0,((AO13)+(AN14)-(AP14)))*(IF(Archetypes!$D$27="",Assumptions!$B$11,Archetypes!$D$27))) -> 3632.8154 | AP14: =Archetypes!$D$33 -> 201.32917 | AQ14: =MAX(0,(AO14)-(AP14)) -> 3431.4862
A15: 11 | B15: =INT(A15/24)+1 -> 1 | C15: =MOD(A15,24) -> 11 | D15: =IF(C15<Assumptions!$B$10,1,0) -> 0 | E15: 1 | F15: =G14 -> 53.503942 | G15: =MAX(Assumptions!$B$21,(F15)+(H15)) -> 56.103449 | H15: =(((Archetypes!$B$11*(IF(F15<0,1+Assumptions!$B$32*MIN(1,ABS(F15)/ABS(Assumptions!$B$21)),MAX(0.1,1-Assumptions!$B$31*(F15/50)))))-((Archetypes!$B$11*(IF(F15<0,1+Assumptions!$B$32*MIN(1,ABS(F15)/ABS(Assumptions!$B$21)),MAX(0.1,1-Assumptions!$B$31*(F15/50)))))*J15)*Archetypes!$B$15)*Assumptions!$B$22+((Archetypes!$B$11*(IF(F15<0,1+Assumptions!$B$32*MIN(1,ABS(F15)/ABS(Assumptions!$B$21)),MAX(0.1,1-Assumptions!$B$31*(F15/50)))))*J15*Archetypes!$B$15*Archetypes!$B$22)*Assumptions!$B$23+(Archetypes!$B$11*(IF(F15<0,1+Assumptions!$B$32*MIN(1,ABS(F15)/ABS(Assumptions!$B$21)),MAX(0.1,1-Assumptions!$B$31*(F15/50)))))*Assumptions!$B$24+-((Archetypes!$B$11*(IF(F15<0,1+Assumptions!$B$32*MIN(1,ABS(F15)/ABS(Assumptions!$B$21)),MAX(0.1,1-Assumptions!$B$31*(F15/50)))))*Archetypes!$B$16)*(Assumptions!$B$27*(1+Assumptions!$B$28*Archetypes!$B$14)/(1+Assumptions!$B$29*Archetypes!$B$12))+-(Archetypes!$B$11*(IF(F15<0,1+Assumptions!$B$32*MIN(1,ABS(F15)/ABS(Assumptions!$B$21)),MAX(0.1,1-Assumptions!$B$31*(F15/50)))))*Archetypes!$B$17*((Archetypes!$B$31)/100)*Assumptions!$B$30+-Assumptions!$B$25*Assumptions!$B$26)*$E15 -> 2.5995062 | I15: =(Archetypes!$B$11*(IF(F15<0,1+Assumptions!$B$32*MIN(1,ABS(F15)/ABS(Assumptions!$B$21)),MAX(0.1,1-Assumptions!$B$31*(F15/50)))))*$E15 -> 3.5795269 | J15: =Archetypes!$B$30 -> 0.022 | K15: =I15*J15 -> 0.078749592 | L15: =((I15-K15)*Archetypes!$B$15)+(K15*Archetypes!$B$15*Archetypes!$B$22) -> 0.35952768 | M15: =I15*Archetypes!$B$16 -> 2.6846452 | N15: =(IF(F15<0,Assumptions!$B$8,IF(F15<10,Assumptions!$B$34,IF(F15<25,Assumptions!$B$35,Assumptions!$B$36))))*((((Archetypes!$B$5*Assumptions!$B$4+Archetypes!$B$6*Assumptions!$B$5)*60))+(Assumptions!$B$6*(((Archetypes!$B$11*(IF(F15<0,1+Assumptions!$B$32*MIN(1,ABS(F15)/ABS(Assumptions!$B$21)),MAX(0.1,1-Assumptions!$B$31*(F15/50)))))-((Archetypes!$B$11*(IF(F15<0,1+Assumptions!$B$32*MIN(1,ABS(F15)/ABS(Assumptions!$B$21)),MAX(0.1,1-Assumptions!$B$31*(F15/50)))))*J15)*Archetypes!$B$20)+((Archetypes!$B$11*(IF(F15<0,1+Assumptions!$B$32*MIN(1,ABS(F15)/ABS(Assumptions!$B$21)),MAX(0.1,1-Assumptions!$B$31*(F15/50)))))*J15*Archetypes!$B$20*Archetypes!$B$21)*Assumptions!$B$18)*(IF($D15=1,1,Assumptions!$B$7)))+(((((Archetypes!$B$11*(IF(F15<0,1+Assumptions!$B$32*MIN(1,ABS(F15)/ABS(Assumptions!$B$21)),MAX(0.1,1-Assumptions!$B$31*(F15/50)))))-((Archetypes!$B$11*(IF(F15<0,1+Assumptions!$B$32*MIN(1,ABS(F15)/ABS(Assumptions!$B$21)),MAX(0.1,1-Assumptions!$B$31*(F15/50)))))*J15)*Archetypes!$B$15)*(Archetypes!$B$13*IF(F15<0,1-Assumptions!$B$33*MIN(1,ABS(F15)/ABS(Assumptions!$B$21)),1))*5)+(((Archetypes!$B$11*(IF(F15<0,1+Assumptions!$B$32*MIN(1,ABS(F15)/ABS(Assumptions!$B$21)),MAX(0.1,1-Assumptions!$B$31*(F15/50)))))*J15*Archetypes!$B$15*Archetypes!$B$22)*(Archetypes!$B$13*IF(F15<0,1-Assumptions!$B$33*MIN(1,ABS(F15)/ABS(Assumptions!$B$21)),1))*5*Assumptions!$B$18))*IF(F15<0,Assumptions!$B$9,1)))*$E15 -> 263.79316 | O15: =(O14)+(N15)-(MAX(0,((O14)+(N15)-(P15)))*(IF(Archetypes!$B$27="",Assumptions!$B$11,Archetypes!$B$27))) -> 1211.9313 | P15: =Archetypes!$B$33 -> 25.4232 | Q15: =MAX(0,(O15)-(P15)) -> 1186.5081 | S15: =T14 -> 45.838104 | T15: =MAX(Assumptions!$B$21,(S15)+(U15)) -> 48.220035 | U15: =(((Archetypes!$C$11*(IF(S15<0,1+Assumptions!$B$32*MIN(1,ABS(S15)/ABS(Assumptions!$B$21)),MAX(0.1,1-Assumptions!$B$31*(S15/50)))))-((Archetypes!$C$11*(IF(S15<0,1+Assumptions!$B$32*MIN(1,ABS(S15)/ABS(Assumptions!$B$21)),MAX(0.1,1-Assumptions!$B$31*(S15/50)))))*W15)*Archetypes!$C$15)*Assumptions!$B$22+((Archetypes!$C$11*(IF(S15<0,1+Assumptions!$B$32*MIN(1,ABS(S15)/ABS(Assumptions!$B$21)),MAX(0.1,1-Assumptions!$B$31*(S15/50)))))*W15*Archetypes!$C$15*Archetypes!$C$22)*Assumptions!$B$23+(Archetypes!$C$11*(IF(S15<0,1+Assumptions!$B$32*MIN(1,ABS(S15)/ABS(Assumptions!$B$21)),MAX(0.1,1-Assumptions!$B$31*(S15/50)))))*Assumptions!$B$24+-((Archetypes!$C$11*(IF(S15<0,1+Assumptions!$B$32*MIN(1,ABS(S15)/ABS(Assumptions!$B$21)),MAX(0.1,1-Assumptions!$B$31*(S15/50)))))*Archetypes!$C$16)*(Assumptions!$B$27*(1+Assumptions!$B$28*Archetypes!$C$14)/(1+Assumptions!$B$29*Archetypes!$C$12))+-(Archetypes!$C$11*(IF(S15<0,1+Assumptions!$B$32*MIN(1,ABS(S15)/ABS(Assumptions!$B$21)),MAX(0.1,1-Assumptions!$B$31*(S15/50)))))*Archetypes!$C$17*((Archetypes!$C$31)/100)*Assumptions!$B$30+-Assumptions!$B$25*Assumptions!$B$26)*$E15 -> 2.3819307 | V15: =(Archetypes!$C$11*(IF(S15<0,1+Assumptions!$B$32*MIN(1,ABS(S15)/ABS(Assumptions!$B$21)),MAX(0.1,1-Assumptions!$B$31*(S15/50)))))*$E15 -> 2.6996565 | W15: =Archetypes!$C$30 -> 0.038 | X15: =V15*W15 -> 0.10258695 | Y15: =((V15-X15)*Archetypes!$C$15)+(X15*Archetypes!$C$15*Archetypes!$C$22) -> 1.3652163 | Z15: =V15*Archetypes!$C$16 -> 1.2148454 | AA15: =(IF(S15<0,Assumptions!$B$8,IF(S15<10,Assumptions!$B$34,IF(S15<25,Assumptions!$B$35,Assumptions!$B$36))))*((((Archetypes!$C$5*Assumptions!$B$4+Archetypes!$C$6*Assumptions!$B$5)*60))+(Assumptions!$B$6*(((Archetypes!$C$11*(IF(S15<0,1+Assumptions!$B$32*MIN(1,ABS(S15)/ABS(Assumptions!$B$21)),MAX(0.1,1-Assumptions!$B$31*(S15/50)))))-((Archetypes!$C$11*(IF(S15<0,1+Assumptions!$B$32*MIN(1,ABS(S15)/ABS(Assumptions!$B$21)),MAX(0.1,1-Assumptions!$B$31*(S15/50)))))*W15)*Archetypes!$C$20)+((Archetypes!$C$11*(IF(S15<0,1+Assumptions!$B$32*MIN(1,ABS(S15)/ABS(Assumptions!$B$21)),MAX(0.1,1-Assumptions!$B$31*(S15/50)))))*W15*Archetypes!$C$20*Archetypes!$C$21)*Assumptions!$B$18)*(IF($D15=1,1,Assumptions!$B$7)))+(((((Archetypes!$C$11*(IF(S15<0,1+Assumptions!$B$32*MIN(1,ABS(S15)/ABS(Assumptions!$B$21)),MAX(0.1,1-Assumptions!$B$31*(S15/50)))))-((Archetypes!$C$11*(IF(S15<0,1+Assumptions!$B$32*MIN(1,ABS(S15)/ABS(Assumptions!$B$21)),MAX(0.1,1-Assumptions!$B$31*(S15/50)))))*W15)*Archetypes!$C$15)*(Archetypes!$C$13*IF(S15<0,1-Assumptions!$B$33*MIN(1,ABS(S15)/ABS(Assumptions!$B$21)),1))*5)+(((Archetypes!$C$11*(IF(S15<0,1+Assumptions!$B$32*MIN(1,ABS(S15)/ABS(Assumptions!$B$21)),MAX(0.1,1-Assumptions!$B$31*(S15/50)))))*W15*Archetypes!$C$15*Archetypes!$C$22)*(Archetypes!$C$13*IF(S15<0,1-Assumptions!$B$33*MIN(1,ABS(S15)/ABS(Assumptions!$B$21)),1))*5*Assumptions!$B$18))*IF(S15<0,Assumptions!$B$9,1)))*$E15 -> 872.59404 | AB15: =(AB14)+(AA15)-(MAX(0,((AB14)+(AA15)-(AC15)))*(IF(Archetypes!$C$27="",Assumptions!$B$11,Archetypes!$C$27))) -> 2815.2157 | AC15: =Archetypes!$C$33 -> 90.34 | AD15: =MAX(0,(AB15)-(AC15)) -> 2724.8757 | AF15: =AG14 -> 44.256577 | AG15: =MAX(Assumptions!$B$21,(AF15)+(AH15)) -> 46.154524 | AH15: =(((Archetypes!$D$11*(IF(AF15<0,1+Assumptions!$B$32*MIN(1,ABS(AF15)/ABS(Assumptions!$B$21)),MAX(0.1,1-Assumptions!$B$31*(AF15/50)))))-((Archetypes!$D$11*(IF(AF15<0,1+Assumptions!$B$32*MIN(1,ABS(AF15)/ABS(Assumptions!$B$21)),MAX(0.1,1-Assumptions!$B$31*(AF15/50)))))*AJ15)*Archetypes!$D$15)*Assumptions!$B$22+((Archetypes!$D$11*(IF(AF15<0,1+Assumptions!$B$32*MIN(1,ABS(AF15)/ABS(Assumptions!$B$21)),MAX(0.1,1-Assumptions!$B$31*(AF15/50)))))*AJ15*Archetypes!$D$15*Archetypes!$D$22)*Assumptions!$B$23+(Archetypes!$D$11*(IF(AF15<0,1+Assumptions!$B$32*MIN(1,ABS(AF15)/ABS(Assumptions!$B$21)),MAX(0.1,1-Assumptions!$B$31*(AF15/50)))))*Assumptions!$B$24+-((Archetypes!$D$11*(IF(AF15<0,1+Assumptions!$B$32*MIN(1,ABS(AF15)/ABS(Assumptions!$B$21)),MAX(0.1,1-Assumptions!$B$31*(AF15/50)))))*Archetypes!$D$16)*(Assumptions!$B$27*(1+Assumptions!$B$28*Archetypes!$D$14)/(1+Assumptions!$B$29*Archetypes!$D$12))+-(Archetypes!$D$11*(IF(AF15<0,1+Assumptions!$B$32*MIN(1,ABS(AF15)/ABS(Assumptions!$B$21)),MAX(0.1,1-Assumptions!$B$31*(AF15/50)))))*Archetypes!$D$17*((Archetypes!$D$31)/100)*Assumptions!$B$30+-Assumptions!$B$25*Assumptions!$B$26)*$E15 -> 1.8979472 | AI15: =(Archetypes!$D$11*(IF(AF15<0,1+Assumptions!$B$32*MIN(1,ABS(AF15)/ABS(Assumptions!$B$21)),MAX(0.1,1-Assumptions!$B$31*(AF15/50)))))*$E15 -> 1.4067632 | AJ15: =Archetypes!$D$30 -> 0.104 | AK15: =AI15*AJ15 -> 0.14630338 | AL15: =((AI15-AK15)*Archetypes!$D$15)+(AK15*Archetypes!$D$15*Archetypes!$D$22) -> 2.1979269 | AM15: =AI15*Archetypes!$D$16 -> 0.28135265 | AN15: =(IF(AF15<0,Assumptions!$B$8,IF(AF15<10,Assumptions!$B$34,IF(AF15<25,Assumptions!$B$35,Assumptions!$B$36))))*((((Archetypes!$D$5*Assumptions!$B$4+Archetypes!$D$6*Assumptions!$B$5)*60))+(Assumptions!$B$6*(((Archetypes!$D$11*(IF(AF15<0,1+Assumptions!$B$32*MIN(1,ABS(AF15)/ABS(Assumptions!$B$21)),MAX(0.1,1-Assumptions!$B$31*(AF15/50)))))-((Archetypes!$D$11*(IF(AF15<0,1+Assumptions!$B$32*MIN(1,ABS(AF15)/ABS(Assumptions!$B$21)),MAX(0.1,1-Assumptions!$B$31*(AF15/50)))))*AJ15)*Archetypes!$D$20)+((Archetypes!$D$11*(IF(AF15<0,1+Assumptions!$B$32*MIN(1,ABS(AF15)/ABS(Assumptions!$B$21)),MAX(0.1,1-Assumptions!$B$31*(AF15/50)))))*AJ15*Archetypes!$D$20*Archetypes!$D$21)*Assumptions!$B$18)*(IF($D15=1,1,Assumptions!$B$7)))+(((((Archetypes!$D$11*(IF(AF15<0,1+Assumptions!$B$32*MIN(1,ABS(AF15)/ABS(Assumptions!$B$21)),MAX(0.1,1-Assumptions!$B$31*(AF15/50)))))-((Archetypes!$D$11*(IF(AF15<0,1+Assumptions!$B$32*MIN(1,ABS(AF15)/ABS(Assumptions!$B$21)),MAX(0.1,1-Assumptions!$B$31*(AF15/50)))))*AJ15)*Archetypes!$D$15)*(Archetypes!$D$13*IF(AF15<0,1-Assumptions!$B$33*MIN(1,ABS(AF15)/ABS(Assumptions!$B$21)),1))*5)+(((Archetypes!$D$11*(IF(AF15<0,1+Assumptions!$B$32*MIN(1,ABS(AF15)/ABS(Assumptions!$B$21)),MAX(0.1,1-Assumptions!$B$31*(AF15/50)))))*AJ15*Archetypes!$D$15*Archetypes!$D$22)*(Archetypes!$D$13*IF(AF15<0,1-Assumptions!$B$33*MIN(1,ABS(AF15)/ABS(Assumptions!$B$21)),1))*5*Assumptions!$B$18))*IF(AF15<0,Assumptions!$B$9,1)))*$E15 -> 1411.609 | AO15: =(AO14)+(AN15)-(MAX(0,((AO14)+(AN15)-(AP15)))*(IF(Archetypes!$D$27="",Assumptions!$B$11,Archetypes!$D$27))) -> 3591.4959 | AP15: =Archetypes!$D$33 -> 201.32917 | AQ15: =MAX(0,(AO15)-(AP15)) -> 3390.1667
A16: 12 | B16: =INT(A16/24)+1 -> 1 | C16: =MOD(A16,24) -> 12 | D16: =IF(C16<Assumptions!$B$10,1,0) -> 0 | E16: 1 | F16: =G15 -> 56.103449 | G16: =MAX(Assumptions!$B$21,(F16)+(H16)) -> 58.463347 | H16: =(((Archetypes!$B$11*(IF(F16<0,1+Assumptions!$B$32*MIN(1,ABS(F16)/ABS(Assumptions!$B$21)),MAX(0.1,1-Assumptions!$B$31*(F16/50)))))-((Archetypes!$B$11*(IF(F16<0,1+Assumptions!$B$32*MIN(1,ABS(F16)/ABS(Assumptions!$B$21)),MAX(0.1,1-Assumptions!$B$31*(F16/50)))))*J16)*Archetypes!$B$15)*Assumptions!$B$22+((Archetypes!$B$11*(IF(F16<0,1+Assumptions!$B$32*MIN(1,ABS(F16)/ABS(Assumptions!$B$21)),MAX(0.1,1-Assumptions!$B$31*(F16/50)))))*J16*Archetypes!$B$15*Archetypes!$B$22)*Assumptions!$B$23+(Archetypes!$B$11*(IF(F16<0,1+Assumptions!$B$32*MIN(1,ABS(F16)/ABS(Assumptions!$B$21)),MAX(0.1,1-Assumptions!$B$31*(F16/50)))))*Assumptions!$B$24+-((Archetypes!$B$11*(IF(F16<0,1+Assumptions!$B$32*MIN(1,ABS(F16)/ABS(Assumptions!$B$21)),MAX(0.1,1-Assumptions!$B$31*(F16/50)))))*Archetypes!$B$16)*(Assumptions!$B$27*(1+Assumptions!$B$28*Archetypes!$B$14)/(1+Assumptions!$B$29*Archetypes!$B$12))+-(Archetypes!$B$11*(IF(F16<0,1+Assumptions!$B$32*MIN(1,ABS(F16)/ABS(Assumptions!$B$21)),MAX(0.1,1-Assumptions!$B$31*(F16/50)))))*Archetypes!$B$17*((Archetypes!$B$31)/100)*Assumptions!$B$30+-Assumptions!$B$25*Assumptions!$B$26)*$E16 -> 2.3598983 | I16: =(Archetypes!$B$11*(IF(F16<0,1+Assumptions!$B$32*MIN(1,ABS(F16)/ABS(Assumptions!$B$21)),MAX(0.1,1-Assumptions!$B$31*(F16/50)))))*$E16 -> 3.2675862 | J16: =Archetypes!$B$30 -> 0.022 | K16: =I16*J16 -> 0.071886896 | L16: =((I16-K16)*Archetypes!$B$15)+(K16*Archetypes!$B$15*Archetypes!$B$22) -> 0.32819635 | M16: =I16*Archetypes!$B$16 -> 2.4506896 | N16: =(IF(F16<0,Assumptions!$B$8,IF(F16<10,Assumptions!$B$34,IF(F16<25,Assumptions!$B$35,Assumptions!$B$36))))*((((Archetypes!$B$5*Assumptions!$B$4+Archetypes!$B$6*Assumptions!$B$5)*60))+(Assumptions!$B$6*(((Archetypes!$B$11*(IF(F16<0,1+Assumptions!$B$32*MIN(1,ABS(F16)/ABS(Assumptions!$B$21)),MAX(0.1,1-Assumptions!$B$31*(F16/50)))))-((Archetypes!$B$11*(IF(F16<0,1+Assumptions!$B$32*MIN(1,ABS(F16)/ABS(Assumptions!$B$21)),MAX(0.1,1-Assumptions!$B$31*(F16/50)))))*J16)*Archetypes!$B$20)+((Archetypes!$B$11*(IF(F16<0,1+Assumptions!$B$32*MIN(1,ABS(F16)/ABS(Assumptions!$B$21)),MAX(0.1,1-Assumptions!$B$31*(F16/50)))))*J16*Archetypes!$B$20*Archetypes!$B$21)*Assumptions!$B$18)*(IF($D16=1,1,Assumptions!$B$7)))+(((((Archetypes!$B$11*(IF(F16<0,1+Assumptions!$B$32*MIN(1,ABS(F16)/ABS(Assumptions!$B$21)),MAX(0.1,1-Assumptions!$B$31*(F16/50)))))-((Archetypes!$B$11*(IF(F16<0,1+Assumptions!$B$32*MIN(1,ABS(F16)/ABS(Assumptions!$B$21)),MAX(0.1,1-Assumptions!$B$31*(F16/50)))))*J16)*Archetypes!$B$15)*(Archetypes!$B$13*IF(F16<0,1-Assumptions!$B$33*MIN(1,ABS(F16)/ABS(Assumptions!$B$21)),1))*5)+(((Archetypes!$B$11*(IF(F16<0,1+Assumptions!$B$32*MIN(1,ABS(F16)/ABS(Assumptions!$B$21)),MAX(0.1,1-Assumptions!$B$31*(F16/50)))))*J16*Archetypes!$B$15*Archetypes!$B$22)*(Archetypes!$B$13*IF(F16<0,1-Assumptions!$B$33*MIN(1,ABS(F16)/ABS(Assumptions!$B$21)),1))*5*Assumptions!$B$18))*IF(F16<0,Assumptions!$B$9,1)))*$E16 -> 254.138 | O16: =(O15)+(N16)-(MAX(0,((O15)+(N16)-(P16)))*(IF(Archetypes!$B$27="",Assumptions!$B$11,Archetypes!$B$27))) -> 1177.9401 | P16: =Archetypes!$B$33 -> 25.4232 | Q16: =MAX(0,(O16)-(P16)) -> 1152.5169 | S16: =T15 -> 48.220035 | T16: =MAX(Assumptions!$B$21,(S16)+(U16)) -> 50.441121 | U16: =(((Archetypes!$C$11*(IF(S16<0,1+Assumptions!$B$32*MIN(1,ABS(S16)/ABS(Assumptions!$B$21)),MAX(0.1,1-Assumptions!$B$31*(S16/50)))))-((Archetypes!$C$11*(IF(S16<0,1+Assumptions!$B$32*MIN(1,ABS(S16)/ABS(Assumptions!$B$21)),MAX(0.1,1-Assumptions!$B$31*(S16/50)))))*W16)*Archetypes!$C$15)*Assumptions!$B$22+((Archetypes!$C$11*(IF(S16<0,1+Assumptions!$B$32*MIN(1,ABS(S16)/ABS(Assumptions!$B$21)),MAX(0.1,1-Assumptions!$B$31*(S16/50)))))*W16*Archetypes!$C$15*Archetypes!$C$22)*Assumptions!$B$23+(Archetypes!$C$11*(IF(S16<0,1+Assumptions!$B$32*MIN(1,ABS(S16)/ABS(Assumptions!$B$21)),MAX(0.1,1-Assumptions!$B$31*(S16/50)))))*Assumptions!$B$24+-((Archetypes!$C$11*(IF(S16<0,1+Assumptions!$B$32*MIN(1,ABS(S16)/ABS(Assumptions!$B$21)),MAX(0.1,1-Assumptions!$B$31*(S16/50)))))*Archetypes!$C$16)*(Assumptions!$B$27*(1+Assumptions!$B$28*Archetypes!$C$14)/(1+Assumptions!$B$29*Archetypes!$C$12))+-(Archetypes!$C$11*(IF(S16<0,1+Assumptions!$B$32*MIN(1,ABS(S16)/ABS(Assumptions!$B$21)),MAX(0.1,1-Assumptions!$B$31*(S16/50)))))*Archetypes!$C$17*((Archetypes!$C$31)/100)*Assumptions!$B$30+-Assumptions!$B$25*Assumptions!$B$26)*$E16 -> 2.2210867 | V16: =(Archetypes!$C$11*(IF(S16<0,1+Assumptions!$B$32*MIN(1,ABS(S16)/ABS(Assumptions!$B$21)),MAX(0.1,1-Assumptions!$B$31*(S16/50)))))*$E16 -> 2.5281575 | W16: =Archetypes!$C$30 -> 0.038 | X16: =V16*W16 -> 0.096069985 | Y16: =((V16-X16)*Archetypes!$C$15)+(X16*Archetypes!$C$15*Archetypes!$C$22) -> 1.2784893 | Z16: =V16*Archetypes!$C$16 -> 1.1376709 | AA16: =(IF(S16<0,Assumptions!$B$8,IF(S16<10,Assumptions!$B$34,IF(S16<25,Assumptions!$B$35,Assumptions!$B$36))))*((((Archetypes!$C$5*Assumptions!$B$4+Archetypes!$C$6*Assumptions!$B$5)*60))+(Assumptions!$B$6*(((Archetypes!$C$11*(IF(S16<0,1+Assumptions!$B$32*MIN(1,ABS(S16)/ABS(Assumptions!$B$21)),MAX(0.1,1-Assumptions!$B$31*(S16/50)))))-((Archetypes!$C$11*(IF(S16<0,1+Assumptions!$B$32*MIN(1,ABS(S16)/ABS(Assumptions!$B$21)),MAX(0.1,1-Assumptions!$B$31*(S16/50)))))*W16)*Archetypes!$C$20)+((Archetypes!$C$11*(IF(S16<0,1+Assumptions!$B$32*MIN(1,ABS(S16)/ABS(Assumptions!$B$21)),MAX(0.1,1-Assumptions!$B$31*(S16/50)))))*W16*Archetypes!$C$20*Archetypes!$C$21)*Assumptions!$B$18)*(IF($D16=1,1,Assumptions!$B$7)))+(((((Archetypes!$C$11*(IF(S16<0,1+Assumptions!$B$32*MIN(1,ABS(S16)/ABS(Assumptions!$B$21)),MAX(0.1,1-Assumptions!$B$31*(S16/50)))))-((Archetypes!$C$11*(IF(S16<0,1+Assumptions!$B$32*MIN(1,ABS(S16)/ABS(Assumptions!$B$21)),MAX(0.1,1-Assumptions!$B$31*(S16/50)))))*W16)*Archetypes!$C$15)*(Archetypes!$C$13*IF(S16<0,1-Assumptions!$B$33*MIN(1,ABS(S16)/ABS(Assumptions!$B$21)),1))*5)+(((Archetypes!$C$11*(IF(S16<0,1+Assumptions!$B$32*MIN(1,ABS(S16)/ABS(Assumptions!$B$21)),MAX(0.1,1-Assumptions!$B$31*(S16/50)))))*W16*Archetypes!$C$15*Archetypes!$C$22)*(Archetypes!$C$13*IF(S16<0,1-Assumptions!$B$33*MIN(1,ABS(S16)/ABS(Assumptions!$B$21)),1))*5*Assumptions!$B$18))*IF(S16<0,Assumptions!$B$9,1)))*$E16 -> 859.27932 | AB16: =(AB15)+(AA16)-(MAX(0,((AB15)+(AA16)-(AC16)))*(IF(Archetypes!$C$27="",Assumptions!$B$11,Archetypes!$C$27))) -> 2778.4563 | AC16: =Archetypes!$C$33 -> 90.34 | AD16: =MAX(0,(AB16)-(AC16)) -> 2688.1163 | AF16: =AG15 -> 46.154524 | AG16: =MAX(Assumptions!$B$21,(AF16)+(AH16)) -> 47.953003 | AH16: =(((Archetypes!$D$11*(IF(AF16<0,1+Assumptions!$B$32*MIN(1,ABS(AF16)/ABS(Assumptions!$B$21)),MAX(0.1,1-Assumptions!$B$31*(AF16/50)))))-((Archetypes!$D$11*(IF(AF16<0,1+Assumptions!$B$32*MIN(1,ABS(AF16)/ABS(Assumptions!$B$21)),MAX(0.1,1-Assumptions!$B$31*(AF16/50)))))*AJ16)*Archetypes!$D$15)*Assumptions!$B$22+((Archetypes!$D$11*(IF(AF16<0,1+Assumptions!$B$32*MIN(1,ABS(AF16)/ABS(Assumptions!$B$21)),MAX(0.1,1-Assumptions!$B$31*(AF16/50)))))*AJ16*Archetypes!$D$15*Archetypes!$D$22)*Assumptions!$B$23+(Archetypes!$D$11*(IF(AF16<0,1+Assumptions!$B$32*MIN(1,ABS(AF16)/ABS(Assumptions!$B$21)),MAX(0.1,1-Assumptions!$B$31*(AF16/50)))))*Assumptions!$B$24+-((Archetypes!$D$11*(IF(AF16<0,1+Assumptions!$B$32*MIN(1,ABS(AF16)/ABS(Assumptions!$B$21)),MAX(0.1,1-Assumptions!$B$31*(AF16/50)))))*Archetypes!$D$16)*(Assumptions!$B$27*(1+Assumptions!$B$28*Archetypes!$D$14)/(1+Assumptions!$B$29*Archetypes!$D$12))+-(Archetypes!$D$11*(IF(AF16<0,1+Assumptions!$B$32*MIN(1,ABS(AF16)/ABS(Assumptions!$B$21)),MAX(0.1,1-Assumptions!$B$31*(AF16/50)))))*Archetypes!$D$17*((Archetypes!$D$31)/100)*Assumptions!$B$30+-Assumptions!$B$25*Assumptions!$B$26)*$E16 -> 1.7984789 | AI16: =(Archetypes!$D$11*(IF(AF16<0,1+Assumptions!$B$32*MIN(1,ABS(AF16)/ABS(Assumptions!$B$21)),MAX(0.1,1-Assumptions!$B$31*(AF16/50)))))*$E16 -> 1.3384371 | AJ16: =Archetypes!$D$30 -> 0.104 | AK16: =AI16*AJ16 -> 0.13919746 | AL16: =((AI16-AK16)*Archetypes!$D$15)+(AK16*Archetypes!$D$15*Archetypes!$D$22) -> 2.0911742 | AM16: =AI16*Archetypes!$D$16 -> 0.26768743 | AN16: =(IF(AF16<0,Assumptions!$B$8,IF(AF16<10,Assumptions!$B$34,IF(AF16<25,Assumptions!$B$35,Assumptions!$B$36))))*((((Archetypes!$D$5*Assumptions!$B$4+Archetypes!$D$6*Assumptions!$B$5)*60))+(Assumptions!$B$6*(((Archetypes!$D$11*(IF(AF16<0,1+Assumptions!$B$32*MIN(1,ABS(AF16)/ABS(Assumptions!$B$21)),MAX(0.1,1-Assumptions!$B$31*(AF16/50)))))-((Archetypes!$D$11*(IF(AF16<0,1+Assumptions!$B$32*MIN(1,ABS(AF16)/ABS(Assumptions!$B$21)),MAX(0.1,1-Assumptions!$B$31*(AF16/50)))))*AJ16)*Archetypes!$D$20)+((Archetypes!$D$11*(IF(AF16<0,1+Assumptions!$B$32*MIN(1,ABS(AF16)/ABS(Assumptions!$B$21)),MAX(0.1,1-Assumptions!$B$31*(AF16/50)))))*AJ16*Archetypes!$D$20*Archetypes!$D$21)*Assumptions!$B$18)*(IF($D16=1,1,Assumptions!$B$7)))+(((((Archetypes!$D$11*(IF(AF16<0,1+Assumptions!$B$32*MIN(1,ABS(AF16)/ABS(Assumptions!$B$21)),MAX(0.1,1-Assumptions!$B$31*(AF16/50)))))-((Archetypes!$D$11*(IF(AF16<0,1+Assumptions!$B$32*MIN(1,ABS(AF16)/ABS(Assumptions!$B$21)),MAX(0.1,1-Assumptions!$B$31*(AF16/50)))))*AJ16)*Archetypes!$D$15)*(Archetypes!$D$13*IF(AF16<0,1-Assumptions!$B$33*MIN(1,ABS(AF16)/ABS(Assumptions!$B$21)),1))*5)+(((Archetypes!$D$11*(IF(AF16<0,1+Assumptions!$B$32*MIN(1,ABS(AF16)/ABS(Assumptions!$B$21)),MAX(0.1,1-Assumptions!$B$31*(AF16/50)))))*AJ16*Archetypes!$D$15*Archetypes!$D$22)*(Archetypes!$D$13*IF(AF16<0,1-Assumptions!$B$33*MIN(1,ABS(AF16)/ABS(Assumptions!$B$21)),1))*5*Assumptions!$B$18))*IF(AF16<0,Assumptions!$B$9,1)))*$E16 -> 1395.0657 | AO16: =(AO15)+(AN16)-(MAX(0,((AO15)+(AN16)-(AP16)))*(IF(Archetypes!$D$27="",Assumptions!$B$11,Archetypes!$D$27))) -> 3550.9919 | AP16: =Archetypes!$D$33 -> 201.32917 | AQ16: =MAX(0,(AO16)-(AP16)) -> 3349.6627
... A51: 47 | B51: =INT(A51/24)+1 -> 2 | C51: =MOD(A51,24) -> 23 | D51: =IF(C51<Assumptions!$B$10,1,0) -> 0 | E51: 1 | F51: =G50 -> 88.074746 | G51: =MAX(Assumptions!$B$21,(F51)+(H51)) -> 88.692866 | H51: =(((Archetypes!$B$11*(IF(F51<0,1+Assumptions!$B$32*MIN(1,ABS(F51)/ABS(Assumptions!$B$21)),MAX(0.1,1-Assumptions!$B$31*(F51/50)))))-((Archetypes!$B$11*(IF(F51<0,1+Assumptions!$B$32*MIN(1,ABS(F51)/ABS(Assumptions!$B$21)),MAX(0.1,1-Assumptions!$B$31*(F51/50)))))*J51)*Archetypes!$B$15)*Assumptions!$B$22+((Archetypes!$B$11*(IF(F51<0,1+Assumptions!$B$32*MIN(1,ABS(F51)/ABS(Assumptions!$B$21)),MAX(0.1,1-Assumptions!$B$31*(F51/50)))))*J51*Archetypes!$B$15*Archetypes!$B$22)*Assumptions!$B$23+(Archetypes!$B$11*(IF(F51<0,1+Assumptions!$B$32*MIN(1,ABS(F51)/ABS(Assumptions!$B$21)),MAX(0.1,1-Assumptions!$B$31*(F51/50)))))*Assumptions!$B$24+-((Archetypes!$B$11*(IF(F51<0,1+Assumptions!$B$32*MIN(1,ABS(F51)/ABS(Assumptions!$B$21)),MAX(0.1,1-Assumptions!$B$31*(F51/50)))))*Archetypes!$B$16)*(Assumptions!$B$27*(1+Assumptions!$B$28*Archetypes!$B$14)/(1+Assumptions!$B$29*Archetypes!$B$12))+-(Archetypes!$B$11*(IF(F51<0,1+Assumptions!$B$32*MIN(1,ABS(F51)/ABS(Assumptions!$B$21)),MAX(0.1,1-Assumptions!$B$31*(F51/50)))))*Archetypes!$B$17*((Archetypes!$B$31)/100)*Assumptions!$B$30+-Assumptions!$B$25*Assumptions!$B$26)*$E51 -> 0.61812 | I51: =(Archetypes!$B$11*(IF(F51<0,1+Assumptions!$B$32*MIN(1,ABS(F51)/ABS(Assumptions!$B$21)),MAX(0.1,1-Assumptions!$B$31*(F51/50)))))*$E51 -> 1 | J51: =Archetypes!$B$30 -> 0.022 | K51: =I51*J51 -> 0.022 | L51: =((I51-K51)*Archetypes!$B$15)+(K51*Archetypes!$B$15*Archetypes!$B$22) -> 0.10044 | M51: =I51*Archetypes!$B$16 -> 0.75 | N51: =(IF(F51<0,Assumptions!$B$8,IF(F51<10,Assumptions!$B$34,IF(F51<25,Assumptions!$B$35,Assumptions!$B$36))))*((((Archetypes!$B$5*Assumptions!$B$4+Archetypes!$B$6*Assumptions!$B$5)*60))+(Assumptions!$B$6*(((Archetypes!$B$11*(IF(F51<0,1+Assumptions!$B$32*MIN(1,ABS(F51)/ABS(Assumptions!$B$21)),MAX(0.1,1-Assumptions!$B$31*(F51/50)))))-((Archetypes!$B$11*(IF(F51<0,1+Assumptions!$B$32*MIN(1,ABS(F51)/ABS(Assumptions!$B$21)),MAX(0.1,1-Assumptions!$B$31*(F51/50)))))*J51)*Archetypes!$B$20)+((Archetypes!$B$11*(IF(F51<0,1+Assumptions!$B$32*MIN(1,ABS(F51)/ABS(Assumptions!$B$21)),MAX(0.1,1-Assumptions!$B$31*(F51/50)))))*J51*Archetypes!$B$20*Archetypes!$B$21)*Assumptions!$B$18)*(IF($D51=1,1,Assumptions!$B$7)))+(((((Archetypes!$B$11*(IF(F51<0,1+Assumptions!$B$32*MIN(1,ABS(F51)/ABS(Assumptions!$B$21)),MAX(0.1,1-Assumptions!$B$31*(F51/50)))))-((Archetypes!$B$11*(IF(F51<0,1+Assumptions!$B$32*MIN(1,ABS(F51)/ABS(Assumptions!$B$21)),MAX(0.1,1-Assumptions!$B$31*(F51/50)))))*J51)*Archetypes!$B$15)*(Archetypes!$B$13*IF(F51<0,1-Assumptions!$B$33*MIN(1,ABS(F51)/ABS(Assumptions!$B$21)),1))*5)+(((Archetypes!$B$11*(IF(F51<0,1+Assumptions!$B$32*MIN(1,ABS(F51)/ABS(Assumptions!$B$21)),MAX(0.1,1-Assumptions!$B$31*(F51/50)))))*J51*Archetypes!$B$15*Archetypes!$B$22)*(Archetypes!$B$13*IF(F51<0,1-Assumptions!$B$33*MIN(1,ABS(F51)/ABS(Assumptions!$B$21)),1))*5*Assumptions!$B$18))*IF(F51<0,Assumptions!$B$9,1)))*$E51 -> 183.9519 | O51: =(O50)+(N51)-(MAX(0,((O50)+(N51)-(P51)))*(IF(Archetypes!$B$27="",Assumptions!$B$11,Archetypes!$B$27))) -> 761.93648 | P51: =Archetypes!$B$33 -> 25.4232 | Q51: =MAX(0,(O51)-(P51)) -> 736.51328 | S51: =T50 -> 79.511268 | T51: =MAX(Assumptions!$B$21,(S51)+(U51)) -> 79.923991 | U51: =(((Archetypes!$C$11*(IF(S51<0,1+Assumptions!$B$32*MIN(1,ABS(S51)/ABS(Assumptions!$B$21)),MAX(0.1,1-Assumptions!$B$31*(S51/50)))))-((Archetypes!$C$11*(IF(S51<0,1+Assumptions!$B$32*MIN(1,ABS(S51)/ABS(Assumptions!$B$21)),MAX(0.1,1-Assumptions!$B$31*(S51/50)))))*W51)*Archetypes!$C$15)*Assumptions!$B$22+((Archetypes!$C$11*(IF(S51<0,1+Assumptions!$B$32*MIN(1,ABS(S51)/ABS(Assumptions!$B$21)),MAX(0.1,1-Assumptions!$B$31*(S51/50)))))*W51*Archetypes!$C$15*Archetypes!$C$22)*Assumptions!$B$23+(Archetypes!$C$11*(IF(S51<0,1+Assumptions!$B$32*MIN(1,ABS(S51)/ABS(Assumptions!$B$21)),MAX(0.1,1-Assumptions!$B$31*(S51/50)))))*Assumptions!$B$24+-((Archetypes!$C$11*(IF(S51<0,1+Assumptions!$B$32*MIN(1,ABS(S51)/ABS(Assumptions!$B$21)),MAX(0.1,1-Assumptions!$B$31*(S51/50)))))*Archetypes!$C$16)*(Assumptions!$B$27*(1+Assumptions!$B$28*Archetypes!$C$14)/(1+Assumptions!$B$29*Archetypes!$C$12))+-(Archetypes!$C$11*(IF(S51<0,1+Assumptions!$B$32*MIN(1,ABS(S51)/ABS(Assumptions!$B$21)),MAX(0.1,1-Assumptions!$B$31*(S51/50)))))*Archetypes!$C$17*((Archetypes!$C$31)/100)*Assumptions!$B$30+-Assumptions!$B$25*Assumptions!$B$26)*$E51 -> 0.41272286 | V51: =(Archetypes!$C$11*(IF(S51<0,1+Assumptions!$B$32*MIN(1,ABS(S51)/ABS(Assumptions!$B$21)),MAX(0.1,1-Assumptions!$B$31*(S51/50)))))*$E51 -> 0.6 | W51: =Archetypes!$C$30 -> 0.038 | X51: =V51*W51 -> 0.0228 | Y51: =((V51-X51)*Archetypes!$C$15)+(X51*Archetypes!$C$15*Archetypes!$C$22) -> 0.30342 | Z51: =V51*Archetypes!$C$16 -> 0.27 | AA51: =(IF(S51<0,Assumptions!$B$8,IF(S51<10,Assumptions!$B$34,IF(S51<25,Assumptions!$B$35,Assumptions!$B$36))))*((((Archetypes!$C$5*Assumptions!$B$4+Archetypes!$C$6*Assumptions!$B$5)*60))+(Assumptions!$B$6*(((Archetypes!$C$11*(IF(S51<0,1+Assumptions!$B$32*MIN(1,ABS(S51)/ABS(Assumptions!$B$21)),MAX(0.1,1-Assumptions!$B$31*(S51/50)))))-((Archetypes!$C$11*(IF(S51<0,1+Assumptions!$B$32*MIN(1,ABS(S51)/ABS(Assumptions!$B$21)),MAX(0.1,1-Assumptions!$B$31*(S51/50)))))*W51)*Archetypes!$C$20)+((Archetypes!$C$11*(IF(S51<0,1+Assumptions!$B$32*MIN(1,ABS(S51)/ABS(Assumptions!$B$21)),MAX(0.1,1-Assumptions!$B$31*(S51/50)))))*W51*Archetypes!$C$20*Archetypes!$C$21)*Assumptions!$B$18)*(IF($D51=1,1,Assumptions!$B$7)))+(((((Archetypes!$C$11*(IF(S51<0,1+Assumptions!$B$32*MIN(1,ABS(S51)/ABS(Assumptions!$B$21)),MAX(0.1,1-Assumptions!$B$31*(S51/50)))))-((Archetypes!$C$11*(IF(S51<0,1+Assumptions!$B$32*MIN(1,ABS(S51)/ABS(Assumptions!$B$21)),MAX(0.1,1-Assumptions!$B$31*(S51/50)))))*W51)*Archetypes!$C$15)*(Archetypes!$C$13*IF(S51<0,1-Assumptions!$B$33*MIN(1,ABS(S51)/ABS(Assumptions!$B$21)),1))*5)+(((Archetypes!$C$11*(IF(S51<0,1+Assumptions!$B$32*MIN(1,ABS(S51)/ABS(Assumptions!$B$21)),MAX(0.1,1-Assumptions!$B$31*(S51/50)))))*W51*Archetypes!$C$15*Archetypes!$C$22)*(Archetypes!$C$13*IF(S51<0,1-Assumptions!$B$33*MIN(1,ABS(S51)/ABS(Assumptions!$B$21)),1))*5*Assumptions!$B$18))*IF(S51<0,Assumptions!$B$9,1)))*$E51 -> 709.58238 | AB51: =(AB50)+(AA51)-(MAX(0,((AB50)+(AA51)-(AC51)))*(IF(Archetypes!$C$27="",Assumptions!$B$11,Archetypes!$C$27))) -> 2220.4675 | AC51: =Archetypes!$C$33 -> 90.34 | AD51: =MAX(0,(AB51)-(AC51)) -> 2130.1275 | AF51: =AG50 -> 75.256262 | AG51: =MAX(Assumptions!$B$21,(AF51)+(AH51)) -> 75.542998 | AH51: =(((Archetypes!$D$11*(IF(AF51<0,1+Assumptions!$B$32*MIN(1,ABS(AF51)/ABS(Assumptions!$B$21)),MAX(0.1,1-Assumptions!$B$31*(AF51/50)))))-((Archetypes!$D$11*(IF(AF51<0,1+Assumptions!$B$32*MIN(1,ABS(AF51)/ABS(Assumptions!$B$21)),MAX(0.1,1-Assumptions!$B$31*(AF51/50)))))*AJ51)*Archetypes!$D$15)*Assumptions!$B$22+((Archetypes!$D$11*(IF(AF51<0,1+Assumptions!$B$32*MIN(1,ABS(AF51)/ABS(Assumptions!$B$21)),MAX(0.1,1-Assumptions!$B$31*(AF51/50)))))*AJ51*Archetypes!$D$15*Archetypes!$D$22)*Assumptions!$B$23+(Archetypes!$D$11*(IF(AF51<0,1+Assumptions!$B$32*MIN(1,ABS(AF51)/ABS(Assumptions!$B$21)),MAX(0.1,1-Assumptions!$B$31*(AF51/50)))))*Assumptions!$B$24+-((Archetypes!$D$11*(IF(AF51<0,1+Assumptions!$B$32*MIN(1,ABS(AF51)/ABS(Assumptions!$B$21)),MAX(0.1,1-Assumptions!$B$31*(AF51/50)))))*Archetypes!$D$16)*(Assumptions!$B$27*(1+Assumptions!$B$28*Archetypes!$D$14)/(1+Assumptions!$B$29*Archetypes!$D$12))+-(Archetypes!$D$11*(IF(AF51<0,1+Assumptions!$B$32*MIN(1,ABS(AF51)/ABS(Assumptions!$B$21)),MAX(0.1,1-Assumptions!$B$31*(AF51/50)))))*Archetypes!$D$17*((Archetypes!$D$31)/100)*Assumptions!$B$30+-Assumptions!$B$25*Assumptions!$B$26)*$E51 -> 0.286736 | AI51: =(Archetypes!$D$11*(IF(AF51<0,1+Assumptions!$B$32*MIN(1,ABS(AF51)/ABS(Assumptions!$B$21)),MAX(0.1,1-Assumptions!$B$31*(AF51/50)))))*$E51 -> 0.3 | AJ51: =Archetypes!$D$30 -> 0.104 | AK51: =AI51*AJ51 -> 0.0312 | AL51: =((AI51-AK51)*Archetypes!$D$15)+(AK51*Archetypes!$D$15*Archetypes!$D$22) -> 0.46872 | AM51: =AI51*Archetypes!$D$16 -> 0.06 | AN51: =(IF(AF51<0,Assumptions!$B$8,IF(AF51<10,Assumptions!$B$34,IF(AF51<25,Assumptions!$B$35,Assumptions!$B$36))))*((((Archetypes!$D$5*Assumptions!$B$4+Archetypes!$D$6*Assumptions!$B$5)*60))+(Assumptions!$B$6*(((Archetypes!$D$11*(IF(AF51<0,1+Assumptions!$B$32*MIN(1,ABS(AF51)/ABS(Assumptions!$B$21)),MAX(0.1,1-Assumptions!$B$31*(AF51/50)))))-((Archetypes!$D$11*(IF(AF51<0,1+Assumptions!$B$32*MIN(1,ABS(AF51)/ABS(Assumptions!$B$21)),MAX(0.1,1-Assumptions!$B$31*(AF51/50)))))*AJ51)*Archetypes!$D$20)+((Archetypes!$D$11*(IF(AF51<0,1+Assumptions!$B$32*MIN(1,ABS(AF51)/ABS(Assumptions!$B$21)),MAX(0.1,1-Assumptions!$B$31*(AF51/50)))))*AJ51*Archetypes!$D$20*Archetypes!$D$21)*Assumptions!$B$18)*(IF($D51=1,1,Assumptions!$B$7)))+(((((Archetypes!$D$11*(IF(AF51<0,1+Assumptions!$B$32*MIN(1,ABS(AF51)/ABS(Assumptions!$B$21)),MAX(0.1,1-Assumptions!$B$31*(AF51/50)))))-((Archetypes!$D$11*(IF(AF51<0,1+Assumptions!$B$32*MIN(1,ABS(AF51)/ABS(Assumptions!$B$21)),MAX(0.1,1-Assumptions!$B$31*(AF51/50)))))*AJ51)*Archetypes!$D$15)*(Archetypes!$D$13*IF(AF51<0,1-Assumptions!$B$33*MIN(1,ABS(AF51)/ABS(Assumptions!$B$21)),1))*5)+(((Archetypes!$D$11*(IF(AF51<0,1+Assumptions!$B$32*MIN(1,ABS(AF51)/ABS(Assumptions!$B$21)),MAX(0.1,1-Assumptions!$B$31*(AF51/50)))))*AJ51*Archetypes!$D$15*Archetypes!$D$22)*(Archetypes!$D$13*IF(AF51<0,1-Assumptions!$B$33*MIN(1,ABS(AF51)/ABS(Assumptions!$B$21)),1))*5*Assumptions!$B$18))*IF(AF51<0,Assumptions!$B$9,1)))*$E51 -> 1143.6367 | AO51: =(AO50)+(AN51)-(MAX(0,((AO50)+(AN51)-(AP51)))*(IF(Archetypes!$D$27="",Assumptions!$B$11,Archetypes!$D$27))) -> 2881.9896 | AP51: =Archetypes!$D$33 -> 201.32917 | AQ51: =MAX(0,(AO51)-(AP51)) -> 2680.6605

Sheet Simulation_7d_6h
A1: Simulation_7d_6h simulation for three archetypes
F2: Safe | S2: Balanced | AF2: Lethal
A3: Step start hour | B3: Day | C3: Hour in day | D3: Online (1 or 0) | E3: Step hours | F3: Heat start | G3: Heat end | H3: Heat change | I3: Parties in step | J3: Elite chance | K3: Elite parties in step | L3: Deaths in step | M3: Full survive runs in step | N3: Mana gain in step | O3: Total mana end | P3: Reserved mana | Q3: Usable mana end | S3: Heat start | T3: Heat end | U3: Heat change | V3: Parties in step | W3: Elite chance | X3: Elite parties in step | Y3: Deaths in step | Z3: Full survive runs in step | AA3: Mana gain in step | AB3: Total mana end | AC3: Reserved mana | AD3: Usable mana end | AF3: Heat start | AG3: Heat end | AH3: Heat change | AI3: Parties in step | AJ3: Elite chance | AK3: Elite parties in step | AL3: Deaths in step | AM3: Full survive runs in step | AN3: Mana gain in step | AO3: Total mana end | AP3: Reserved mana | AQ3: Usable mana end
A4: 0 | B4: =INT(A4/24)+1 -> 1 | C4: =MOD(A4,24) -> 0 | D4: =IF(C4<Assumptions!$B$10,1,0) -> 1 | E4: 6 | F4: =Archetypes!$B$8 -> 0 | G4: =MAX(Assumptions!$B$21,(F4)+(H4)) -> 45.1872 | H4: =(((Archetypes!$B$11*(IF(F4<0,1+Assumptions!$B$32*MIN(1,ABS(F4)/ABS(Assumptions!$B$21)),MAX(0.1,1-Assumptions!$B$31*(F4/50)))))-((Archetypes!$B$11*(IF(F4<0,1+Assumptions!$B$32*MIN(1,ABS(F4)/ABS(Assumptions!$B$21)),MAX(0.1,1-Assumptions!$B$31*(F4/50)))))*J4)*Archetypes!$B$15)*Assumptions!$B$22+((Archetypes!$B$11*(IF(F4<0,1+Assumptions!$B$32*MIN(1,ABS(F4)/ABS(Assumptions!$B$21)),MAX(0.1,1-Assumptions!$B$31*(F4/50)))))*J4*Archetypes!$B$15*Archetypes!$B$22)*Assumptions!$B$23+(Archetypes!$B$11*(IF(F4<0,1+Assumptions!$B$32*MIN(1,ABS(F4)/ABS(Assumptions!$B$21)),MAX(0.1,1-Assumptions!$B$31*(F4/50)))))*Assumptions!$B$24+-((Archetypes!$B$11*(IF(F4<0,1+Assumptions!$B$32*MIN(1,ABS(F4)/ABS(Assumptions!$B$21)),MAX(0.1,1-Assumptions!$B$31*(F4/50)))))*Archetypes!$B$16)*(Assumptions!$B$27*(1+Assumptions!$B$28*Archetypes!$B$14)/(1+Assumptions!$B$29*Archetypes!$B$12))+-(Archetypes!$B$11*(IF(F4<0,1+Assumptions!$B$32*MIN(1,ABS(F4)/ABS(Assumptions!$B$21)),MAX(0.1,1-Assumptions!$B$31*(F4/50)))))*Archetypes!$B$17*((Archetypes!$B$31)/100)*Assumptions!$B$30+-Assumptions!$B$25*Assumptions!$B$26)*$E4 -> 45.1872 | I4: =(Archetypes!$B$11*(IF(F4<0,1+Assumptions!$B$32*MIN(1,ABS(F4)/ABS(Assumptions!$B$21)),MAX(0.1,1-Assumptions!$B$31*(F4/50)))))*$E4 -> 60 | J4: =Archetypes!$B$30 -> 0.022 | K4: =I4*J4 -> 1.32 | L4: =((I4-K4)*Archetypes!$B$15)+(K4*Archetypes!$B$15*Archetypes!$B$22) -> 6.0264 | M4: =I4*Archetypes!$B$16 -> 45 | N4: =(IF(F4<0,Assumptions!$B$8,IF(F4<10,Assumptions!$B$34,IF(F4<25,Assumptions!$B$35,Assumptions!$B$36))))*((((Archetypes!$B$5*Assumptions!$B$4+Archetypes!$B$6*Assumptions!$B$5)*60))+(Assumptions!$B$6*(((Archetypes!$B$11*(IF(F4<0,1+Assumptions!$B$32*MIN(1,ABS(F4)/ABS(Assumptions!$B$21)),MAX(0.1,1-Assumptions!$B$31*(F4/50)))))-((Archetypes!$B$11*(IF(F4<0,1+Assumptions!$B$32*MIN(1,ABS(F4)/ABS(Assumptions!$B$21)),MAX(0.1,1-Assumptions!$B$31*(F4/50)))))*J4)*Archetypes!$B$20)+((Archetypes!$B$11*(IF(F4<0,1+Assumptions!$B$32*MIN(1,ABS(F4)/ABS(Assumptions!$B$21)),MAX(0.1,1-Assumptions!$B$31*(F4/50)))))*J4*Archetypes!$B$20*Archetypes!$B$21)*Assumptions!$B$18)*(IF($D4=1,1,Assumptions!$B$7)))+(((((Archetypes!$B$11*(IF(F4<0,1+Assumptions!$B$32*MIN(1,ABS(F4)/ABS(Assumptions!$B$21)),MAX(0.1,1-Assumptions!$B$31*(F4/50)))))-((Archetypes!$B$11*(IF(F4<0,1+Assumptions!$B$32*MIN(1,ABS(F4)/ABS(Assumptions!$B$21)),MAX(0.1,1-Assumptions!$B$31*(F4/50)))))*J4)*Archetypes!$B$15)*(Archetypes!$B$13*IF(F4<0,1-Assumptions!$B$33*MIN(1,ABS(F4)/ABS(Assumptions!$B$21)),1))*5)+(((Archetypes!$B$11*(IF(F4<0,1+Assumptions!$B$32*MIN(1,ABS(F4)/ABS(Assumptions!$B$21)),MAX(0.1,1-Assumptions!$B$31*(F4/50)))))*J4*Archetypes!$B$15*Archetypes!$B$22)*(Archetypes!$B$13*IF(F4<0,1-Assumptions!$B$33*MIN(1,ABS(F4)/ABS(Assumptions!$B$21)),1))*5*Assumptions!$B$18))*IF(F4<0,Assumptions!$B$9,1)))*$E4 -> 4144.32 | O4: =(Archetypes!$B$7)+(N4)-(MAX(0,((Archetypes!$B$7)+(N4)-(P4)))*(IF(Archetypes!$B$27="",Assumptions!$B$11,Archetypes!$B$27))) -> 3320.5406 | P4: =Archetypes!$B$33 -> 25.4232 | Q4: =MAX(0,(O4)-(P4)) -> 3295.1174 | S4: =Archetypes!$C$8 -> 5 | T4: =MAX(Assumptions!$B$21,(S4)+(U4)) -> 35.837569 | U4: =(((Archetypes!$C$11*(IF(S4<0,1+Assumptions!$B$32*MIN(1,ABS(S4)/ABS(Assumptions!$B$21)),MAX(0.1,1-Assumptions!$B$31*(S4/50)))))-((Archetypes!$C$11*(IF(S4<0,1+Assumptions!$B$32*MIN(1,ABS(S4)/ABS(Assumptions!$B$21)),MAX(0.1,1-Assumptions!$B$31*(S4/50)))))*W4)*Archetypes!$C$15)*Assumptions!$B$22+((Archetypes!$C$11*(IF(S4<0,1+Assumptions!$B$32*MIN(1,ABS(S4)/ABS(Assumptions!$B$21)),MAX(0.1,1-Assumptions!$B$31*(S4/50)))))*W4*Archetypes!$C$15*Archetypes!$C$22)*Assumptions!$B$23+(Archetypes!$C$11*(IF(S4<0,1+Assumptions!$B$32*MIN(1,ABS(S4)/ABS(Assumptions!$B$21)),MAX(0.1,1-Assumptions!$B$31*(S4/50)))))*Assumptions!$B$24+-((Archetypes!$C$11*(IF(S4<0,1+Assumptions!$B$32*MIN(1,ABS(S4)/ABS(Assumptions!$B$21)),MAX(0.1,1-Assumptions!$B$31*(S4/50)))))*Archetypes!$C$16)*(Assumptions!$B$27*(1+Assumptions!$B$28*Archetypes!$C$14)/(1+Assumptions!$B$29*Archetypes!$C$12))+-(Archetypes!$C$11*(IF(S4<0,1+Assumptions!$B$32*MIN(1,ABS(S4)/ABS(Assumptions!$B$21)),MAX(0.1,1-Assumptions!$B$31*(S4/50)))))*Archetypes!$C$17*((Archetypes!$C$31)/100)*Assumptions!$B$30+-Assumptions!$B$25*Assumptions!$B$26)*$E4 -> 30.837569 | V4: =(Archetypes!$C$11*(IF(S4<0,1+Assumptions!$B$32*MIN(1,ABS(S4)/ABS(Assumptions!$B$21)),MAX(0.1,1-Assumptions!$B$31*(S4/50)))))*$E4 -> 33.84 | W4: =Archetypes!$C$30 -> 0.038 | X4: =V4*W4 -> 1.28592 | Y4: =((V4-X4)*Archetypes!$C$15)+(X4*Archetypes!$C$15*Archetypes!$C$22) -> 17.112888 | Z4: =V4*Archetypes!$C$16 -> 15.228 | AA4: =(IF(S4<0,Assumptions!$B$8,IF(S4<10,Assumptions!$B$34,IF(S4<25,Assumptions!$B$35,Assumptions!$B$36))))*((((Archetypes!$C$5*Assumptions!$B$4+Archetypes!$C$6*Assumptions!$B$5)*60))+(Assumptions!$B$6*(((Archetypes!$C$11*(IF(S4<0,1+Assumptions!$B$32*MIN(1,ABS(S4)/ABS(Assumptions!$B$21)),MAX(0.1,1-Assumptions!$B$31*(S4/50)))))-((Archetypes!$C$11*(IF(S4<0,1+Assumptions!$B$32*MIN(1,ABS(S4)/ABS(Assumptions!$B$21)),MAX(0.1,1-Assumptions!$B$31*(S4/50)))))*W4)*Archetypes!$C$20)+((Archetypes!$C$11*(IF(S4<0,1+Assumptions!$B$32*MIN(1,ABS(S4)/ABS(Assumptions!$B$21)),MAX(0.1,1-Assumptions!$B$31*(S4/50)))))*W4*Archetypes!$C$20*Archetypes!$C$21)*Assumptions!$B$18)*(IF($D4=1,1,Assumptions!$B$7)))+(((((Archetypes!$C$11*(IF(S4<0,1+Assumptions!$B$32*MIN(1,ABS(S4)/ABS(Assumptions!$B$21)),MAX(0.1,1-Assumptions!$B$31*(S4/50)))))-((Archetypes!$C$11*(IF(S4<0,1+Assumptions!$B$32*MIN(1,ABS(S4)/ABS(Assumptions!$B$21)),MAX(0.1,1-Assumptions!$B$31*(S4/50)))))*W4)*Archetypes!$C$15)*(Archetypes!$C$13*IF(S4<0,1-Assumptions!$B$33*MIN(1,ABS(S4)/ABS(Assumptions!$B$21)),1))*5)+(((Archetypes!$C$11*(IF(S4<0,1+Assumptions!$B$32*MIN(1,ABS(S4)/ABS(Assumptions!$B$21)),MAX(0.1,1-Assumptions!$B$31*(S4/50)))))*W4*Archetypes!$C$15*Archetypes!$C$22)*(Archetypes!$C$13*IF(S4<0,1-Assumptions!$B$33*MIN(1,ABS(S4)/ABS(Assumptions!$B$21)),1))*5*Assumptions!$B$18))*IF(S4<0,Assumptions!$B$9,1)))*$E4 -> 10042.794 | AB4: =(Archetypes!$C$7)+(AA4)-(MAX(0,((Archetypes!$C$7)+(AA4)-(AC4)))*(IF(Archetypes!$C$27="",Assumptions!$B$11,Archetypes!$C$27))) -> 7554.6805 | AC4: =Archetypes!$C$33 -> 90.34 | AD4: =MAX(0,(AB4)-(AC4)) -> 7464.3405 | AF4: =Archetypes!$D$8 -> 15 | AG4: =MAX(Assumptions!$B$21,(AF4)+(AH4)) -> 35.587411 | AH4: =(((Archetypes!$D$11*(IF(AF4<0,1+Assumptions!$B$32*MIN(1,ABS(AF4)/ABS(Assumptions!$B$21)),MAX(0.1,1-Assumptions!$B$31*(AF4/50)))))-((Archetypes!$D$11*(IF(AF4<0,1+Assumptions!$B$32*MIN(1,ABS(AF4)/ABS(Assumptions!$B$21)),MAX(0.1,1-Assumptions!$B$31*(AF4/50)))))*AJ4)*Archetypes!$D$15)*Assumptions!$B$22+((Archetypes!$D$11*(IF(AF4<0,1+Assumptions!$B$32*MIN(1,ABS(AF4)/ABS(Assumptions!$B$21)),MAX(0.1,1-Assumptions!$B$31*(AF4/50)))))*AJ4*Archetypes!$D$15*Archetypes!$D$22)*Assumptions!$B$23+(Archetypes!$D$11*(IF(AF4<0,1+Assumptions!$B$32*MIN(1,ABS(AF4)/ABS(Assumptions!$B$21)),MAX(0.1,1-Assumptions!$B$31*(AF4/50)))))*Assumptions!$B$24+-((Archetypes!$D$11*(IF(AF4<0,1+Assumptions!$B$32*MIN(1,ABS(AF4)/ABS(Assumptions!$B$21)),MAX(0.1,1-Assumptions!$B$31*(AF4/50)))))*Archetypes!$D$16)*(Assumptions!$B$27*(1+Assumptions!$B$28*Archetypes!$D$14)/(1+Assumptions!$B$29*Archetypes!$D$12))+-(Archetypes!$D$11*(IF(AF4<0,1+Assumptions!$B$32*MIN(1,ABS(AF4)/ABS(Assumptions!$B$21)),MAX(0.1,1-Assumptions!$B$31*(AF4/50)))))*Archetypes!$D$17*((Archetypes!$D$31)/100)*Assumptions!$B$30+-Assumptions!$B$25*Assumptions!$B$26)*$E4 -> 20.587411 | AI4: =(Archetypes!$D$11*(IF(AF4<0,1+Assumptions!$B$32*MIN(1,ABS(AF4)/ABS(Assumptions!$B$21)),MAX(0.1,1-Assumptions!$B$31*(AF4/50)))))*$E4 -> 14.76 | AJ4: =Archetypes!$D$30 -> 0.104 | AK4: =AI4*AJ4 -> 1.53504 | AL4: =((AI4-AK4)*Archetypes!$D$15)+(AK4*Archetypes!$D$15*Archetypes!$D$22) -> 23.061024 | AM4: =AI4*Archetypes!$D$16 -> 2.952 | AN4: =(IF(AF4<0,Assumptions!$B$8,IF(AF4<10,Assumptions!$B$34,IF(AF4<25,Assumptions!$B$35,Assumptions!$B$36))))*((((Archetypes!$D$5*Assumptions!$B$4+Archetypes!$D$6*Assumptions!$B$5)*60))+(Assumptions!$B$6*(((Archetypes!$D$11*(IF(AF4<0,1+Assumptions!$B$32*MIN(1,ABS(AF4)/ABS(Assumptions!$B$21)),MAX(0.1,1-Assumptions!$B$31*(AF4/50)))))-((Archetypes!$D$11*(IF(AF4<0,1+Assumptions!$B$32*MIN(1,ABS(AF4)/ABS(Assumptions!$B$21)),MAX(0.1,1-Assumptions!$B$31*(AF4/50)))))*AJ4)*Archetypes!$D$20)+((Archetypes!$D$11*(IF(AF4<0,1+Assumptions!$B$32*MIN(1,ABS(AF4)/ABS(Assumptions!$B$21)),MAX(0.1,1-Assumptions!$B$31*(AF4/50)))))*AJ4*Archetypes!$D$20*Archetypes!$D$21)*Assumptions!$B$18)*(IF($D4=1,1,Assumptions!$B$7)))+(((((Archetypes!$D$11*(IF(AF4<0,1+Assumptions!$B$32*MIN(1,ABS(AF4)/ABS(Assumptions!$B$21)),MAX(0.1,1-Assumptions!$B$31*(AF4/50)))))-((Archetypes!$D$11*(IF(AF4<0,1+Assumptions!$B$32*MIN(1,ABS(AF4)/ABS(Assumptions!$B$21)),MAX(0.1,1-Assumptions!$B$31*(AF4/50)))))*AJ4)*Archetypes!$D$15)*(Archetypes!$D$13*IF(AF4<0,1-Assumptions!$B$33*MIN(1,ABS(AF4)/ABS(Assumptions!$B$21)),1))*5)+(((Archetypes!$D$11*(IF(AF4<0,1+Assumptions!$B$32*MIN(1,ABS(AF4)/ABS(Assumptions!$B$21)),MAX(0.1,1-Assumptions!$B$31*(AF4/50)))))*AJ4*Archetypes!$D$15*Archetypes!$D$22)*(Archetypes!$D$13*IF(AF4<0,1-Assumptions!$B$33*MIN(1,ABS(AF4)/ABS(Assumptions!$B$21)),1))*5*Assumptions!$B$18))*IF(AF4<0,Assumptions!$B$9,1)))*$E4 -> 16402.867 | AO4: =(Archetypes!$D$7)+(AN4)-(MAX(0,((Archetypes!$D$7)+(AN4)-(AP4)))*(IF(Archetypes!$D$27="",Assumptions!$B$11,Archetypes!$D$27))) -> 11542.406 | AP4: =Archetypes!$D$33 -> 201.32917 | AQ4: =MAX(0,(AO4)-(AP4)) -> 11341.077
A5: 6 | B5: =INT(A5/24)+1 -> 1 | C5: =MOD(A5,24) -> 6 | D5: =IF(C5<Assumptions!$B$10,1,0) -> 0 | E5: 6 | F5: =G4 -> 45.1872 | G5: =MAX(Assumptions!$B$21,(F5)+(H5)) -> 65.383782 | H5: =(((Archetypes!$B$11*(IF(F5<0,1+Assumptions!$B$32*MIN(1,ABS(F5)/ABS(Assumptions!$B$21)),MAX(0.1,1-Assumptions!$B$31*(F5/50)))))-((Archetypes!$B$11*(IF(F5<0,1+Assumptions!$B$32*MIN(1,ABS(F5)/ABS(Assumptions!$B$21)),MAX(0.1,1-Assumptions!$B$31*(F5/50)))))*J5)*Archetypes!$B$15)*Assumptions!$B$22+((Archetypes!$B$11*(IF(F5<0,1+Assumptions!$B$32*MIN(1,ABS(F5)/ABS(Assumptions!$B$21)),MAX(0.1,1-Assumptions!$B$31*(F5/50)))))*J5*Archetypes!$B$15*Archetypes!$B$22)*Assumptions!$B$23+(Archetypes!$B$11*(IF(F5<0,1+Assumptions!$B$32*MIN(1,ABS(F5)/ABS(Assumptions!$B$21)),MAX(0.1,1-Assumptions!$B$31*(F5/50)))))*Assumptions!$B$24+-((Archetypes!$B$11*(IF(F5<0,1+Assumptions!$B$32*MIN(1,ABS(F5)/ABS(Assumptions!$B$21)),MAX(0.1,1-Assumptions!$B$31*(F5/50)))))*Archetypes!$B$16)*(Assumptions!$B$27*(1+Assumptions!$B$28*Archetypes!$B$14)/(1+Assumptions!$B$29*Archetypes!$B$12))+-(Archetypes!$B$11*(IF(F5<0,1+Assumptions!$B$32*MIN(1,ABS(F5)/ABS(Assumptions!$B$21)),MAX(0.1,1-Assumptions!$B$31*(F5/50)))))*Archetypes!$B$17*((Archetypes!$B$31)/100)*Assumptions!$B$30+-Assumptions!$B$25*Assumptions!$B$26)*$E5 -> 20.196582 | I5: =(Archetypes!$B$11*(IF(F5<0,1+Assumptions!$B$32*MIN(1,ABS(F5)/ABS(Assumptions!$B$21)),MAX(0.1,1-Assumptions!$B$31*(F5/50)))))*$E5 -> 27.465216 | J5: =Archetypes!$B$30 -> 0.022 | K5: =I5*J5 -> 0.60423475 | L5: =((I5-K5)*Archetypes!$B$15)+(K5*Archetypes!$B$15*Archetypes!$B$22) -> 2.7586063 | M5: =I5*Archetypes!$B$16 -> 20.598912 | N5: =(IF(F5<0,Assumptions!$B$8,IF(F5<10,Assumptions!$B$34,IF(F5<25,Assumptions!$B$35,Assumptions!$B$36))))*((((Archetypes!$B$5*Assumptions!$B$4+Archetypes!$B$6*Assumptions!$B$5)*60))+(Assumptions!$B$6*(((Archetypes!$B$11*(IF(F5<0,1+Assumptions!$B$32*MIN(1,ABS(F5)/ABS(Assumptions!$B$21)),MAX(0.1,1-Assumptions!$B$31*(F5/50)))))-((Archetypes!$B$11*(IF(F5<0,1+Assumptions!$B$32*MIN(1,ABS(F5)/ABS(Assumptions!$B$21)),MAX(0.1,1-Assumptions!$B$31*(F5/50)))))*J5)*Archetypes!$B$20)+((Archetypes!$B$11*(IF(F5<0,1+Assumptions!$B$32*MIN(1,ABS(F5)/ABS(Assumptions!$B$21)),MAX(0.1,1-Assumptions!$B$31*(F5/50)))))*J5*Archetypes!$B$20*Archetypes!$B$21)*Assumptions!$B$18)*(IF($D5=1,1,Assumptions!$B$7)))+(((((Archetypes!$B$11*(IF(F5<0,1+Assumptions!$B$32*MIN(1,ABS(F5)/ABS(Assumptions!$B$21)),MAX(0.1,1-Assumptions!$B$31*(F5/50)))))-((Archetypes!$B$11*(IF(F5<0,1+Assumptions!$B$32*MIN(1,ABS(F5)/ABS(Assumptions!$B$21)),MAX(0.1,1-Assumptions!$B$31*(F5/50)))))*J5)*Archetypes!$B$15)*(Archetypes!$B$13*IF(F5<0,1-Assumptions!$B$33*MIN(1,ABS(F5)/ABS(Assumptions!$B$21)),1))*5)+(((Archetypes!$B$11*(IF(F5<0,1+Assumptions!$B$32*MIN(1,ABS(F5)/ABS(Assumptions!$B$21)),MAX(0.1,1-Assumptions!$B$31*(F5/50)))))*J5*Archetypes!$B$15*Archetypes!$B$22)*(Archetypes!$B$13*IF(F5<0,1-Assumptions!$B$33*MIN(1,ABS(F5)/ABS(Assumptions!$B$21)),1))*5*Assumptions!$B$18))*IF(F5<0,Assumptions!$B$9,1)))*$E5 -> 1768.1006 | O5: =(O4)+(N5)-(MAX(0,((O4)+(N5)-(P5)))*(IF(Archetypes!$B$27="",Assumptions!$B$11,Archetypes!$B$27))) -> 4075.9976 | P5: =Archetypes!$B$33 -> 25.4232 | Q5: =MAX(0,(O5)-(P5)) -> 4050.5744 | S5: =T4 -> 35.837569 | T5: =MAX(Assumptions!$B$21,(S5)+(U5)) -> 54.180975 | U5: =(((Archetypes!$C$11*(IF(S5<0,1+Assumptions!$B$32*MIN(1,ABS(S5)/ABS(Assumptions!$B$21)),MAX(0.1,1-Assumptions!$B$31*(S5/50)))))-((Archetypes!$C$11*(IF(S5<0,1+Assumptions!$B$32*MIN(1,ABS(S5)/ABS(Assumptions!$B$21)),MAX(0.1,1-Assumptions!$B$31*(S5/50)))))*W5)*Archetypes!$C$15)*Assumptions!$B$22+((Archetypes!$C$11*(IF(S5<0,1+Assumptions!$B$32*MIN(1,ABS(S5)/ABS(Assumptions!$B$21)),MAX(0.1,1-Assumptions!$B$31*(S5/50)))))*W5*Archetypes!$C$15*Archetypes!$C$22)*Assumptions!$B$23+(Archetypes!$C$11*(IF(S5<0,1+Assumptions!$B$32*MIN(1,ABS(S5)/ABS(Assumptions!$B$21)),MAX(0.1,1-Assumptions!$B$31*(S5/50)))))*Assumptions!$B$24+-((Archetypes!$C$11*(IF(S5<0,1+Assumptions!$B$32*MIN(1,ABS(S5)/ABS(Assumptions!$B$21)),MAX(0.1,1-Assumptions!$B$31*(S5/50)))))*Archetypes!$C$16)*(Assumptions!$B$27*(1+Assumptions!$B$28*Archetypes!$C$14)/(1+Assumptions!$B$29*Archetypes!$C$12))+-(Archetypes!$C$11*(IF(S5<0,1+Assumptions!$B$32*MIN(1,ABS(S5)/ABS(Assumptions!$B$21)),MAX(0.1,1-Assumptions!$B$31*(S5/50)))))*Archetypes!$C$17*((Archetypes!$C$31)/100)*Assumptions!$B$30+-Assumptions!$B$25*Assumptions!$B$26)*$E5 -> 18.343406 | V5: =(Archetypes!$C$11*(IF(S5<0,1+Assumptions!$B$32*MIN(1,ABS(S5)/ABS(Assumptions!$B$21)),MAX(0.1,1-Assumptions!$B$31*(S5/50)))))*$E5 -> 20.51817 | W5: =Archetypes!$C$30 -> 0.038 | X5: =V5*W5 -> 0.77969046 | Y5: =((V5-X5)*Archetypes!$C$15)+(X5*Archetypes!$C$15*Archetypes!$C$22) -> 10.376039 | Z5: =V5*Archetypes!$C$16 -> 9.2331766 | AA5: =(IF(S5<0,Assumptions!$B$8,IF(S5<10,Assumptions!$B$34,IF(S5<25,Assumptions!$B$35,Assumptions!$B$36))))*((((Archetypes!$C$5*Assumptions!$B$4+Archetypes!$C$6*Assumptions!$B$5)*60))+(Assumptions!$B$6*(((Archetypes!$C$11*(IF(S5<0,1+Assumptions!$B$32*MIN(1,ABS(S5)/ABS(Assumptions!$B$21)),MAX(0.1,1-Assumptions!$B$31*(S5/50)))))-((Archetypes!$C$11*(IF(S5<0,1+Assumptions!$B$32*MIN(1,ABS(S5)/ABS(Assumptions!$B$21)),MAX(0.1,1-Assumptions!$B$31*(S5/50)))))*W5)*Archetypes!$C$20)+((Archetypes!$C$11*(IF(S5<0,1+Assumptions!$B$32*MIN(1,ABS(S5)/ABS(Assumptions!$B$21)),MAX(0.1,1-Assumptions!$B$31*(S5/50)))))*W5*Archetypes!$C$20*Archetypes!$C$21)*Assumptions!$B$18)*(IF($D5=1,1,Assumptions!$B$7)))+(((((Archetypes!$C$11*(IF(S5<0,1+Assumptions!$B$32*MIN(1,ABS(S5)/ABS(Assumptions!$B$21)),MAX(0.1,1-Assumptions!$B$31*(S5/50)))))-((Archetypes!$C$11*(IF(S5<0,1+Assumptions!$B$32*MIN(1,ABS(S5)/ABS(Assumptions!$B$21)),MAX(0.1,1-Assumptions!$B$31*(S5/50)))))*W5)*Archetypes!$C$15)*(Archetypes!$C$13*IF(S5<0,1-Assumptions!$B$33*MIN(1,ABS(S5)/ABS(Assumptions!$B$21)),1))*5)+(((Archetypes!$C$11*(IF(S5<0,1+Assumptions!$B$32*MIN(1,ABS(S5)/ABS(Assumptions!$B$21)),MAX(0.1,1-Assumptions!$B$31*(S5/50)))))*W5*Archetypes!$C$15*Archetypes!$C$22)*(Archetypes!$C$13*IF(S5<0,1-Assumptions!$B$33*MIN(1,ABS(S5)/ABS(Assumptions!$B$21)),1))*5*Assumptions!$B$18))*IF(S5<0,Assumptions!$B$9,1)))*$E5 -> 5570.9753 | AB5: =(AB4)+(AA5)-(MAX(0,((AB4)+(AA5)-(AC5)))*(IF(Archetypes!$C$27="",Assumptions!$B$11,Archetypes!$C$27))) -> 9866.8269 | AC5: =Archetypes!$C$33 -> 90.34 | AD5: =MAX(0,(AB5)-(AC5)) -> 9776.4869 | AF5: =AG4 -> 35.587411 | AG5: =MAX(Assumptions!$B$21,(AF5)+(AH5)) -> 49.701113 | AH5: =(((Archetypes!$D$11*(IF(AF5<0,1+Assumptions!$B$32*MIN(1,ABS(AF5)/ABS(Assumptions!$B$21)),MAX(0.1,1-Assumptions!$B$31*(AF5/50)))))-((Archetypes!$D$11*(IF(AF5<0,1+Assumptions!$B$32*MIN(1,ABS(AF5)/ABS(Assumptions!$B$21)),MAX(0.1,1-Assumptions!$B$31*(AF5/50)))))*AJ5)*Archetypes!$D$15)*Assumptions!$B$22+((Archetypes!$D$11*(IF(AF5<0,1+Assumptions!$B$32*MIN(1,ABS(AF5)/ABS(Assumptions!$B$21)),MAX(0.1,1-Assumptions!$B$31*(AF5/50)))))*AJ5*Archetypes!$D$15*Archetypes!$D$22)*Assumptions!$B$23+(Archetypes!$D$11*(IF(AF5<0,1+Assumptions!$B$32*MIN(1,ABS(AF5)/ABS(Assumptions!$B$21)),MAX(0.1,1-Assumptions!$B$31*(AF5/50)))))*Assumptions!$B$24+-((Archetypes!$D$11*(IF(AF5<0,1+Assumptions!$B$32*MIN(1,ABS(AF5)/ABS(Assumptions!$B$21)),MAX(0.1,1-Assumptions!$B$31*(AF5/50)))))*Archetypes!$D$16)*(Assumptions!$B$27*(1+Assumptions!$B$28*Archetypes!$D$14)/(1+Assumptions!$B$29*Archetypes!$D$12))+-(Archetypes!$D$11*(IF(AF5<0,1+Assumptions!$B$32*MIN(1,ABS(AF5)/ABS(Assumptions!$B$21)),MAX(0.1,1-Assumptions!$B$31*(AF5/50)))))*Archetypes!$D$17*((Archetypes!$D$31)/100)*Assumptions!$B$30+-Assumptions!$B$25*Assumptions!$B$26)*$E5 -> 14.113701 | AI5: =(Archetypes!$D$11*(IF(AF5<0,1+Assumptions!$B$32*MIN(1,ABS(AF5)/ABS(Assumptions!$B$21)),MAX(0.1,1-Assumptions!$B$31*(AF5/50)))))*$E5 -> 10.313119 | AJ5: =Archetypes!$D$30 -> 0.104 | AK5: =AI5*AJ5 -> 1.0725644 | AL5: =((AI5-AK5)*Archetypes!$D$15)+(AK5*Archetypes!$D$15*Archetypes!$D$22) -> 16.113217 | AM5: =AI5*Archetypes!$D$16 -> 2.0626238 | AN5: =(IF(AF5<0,Assumptions!$B$8,IF(AF5<10,Assumptions!$B$34,IF(AF5<25,Assumptions!$B$35,Assumptions!$B$36))))*((((Archetypes!$D$5*Assumptions!$B$4+Archetypes!$D$6*Assumptions!$B$5)*60))+(Assumptions!$B$6*(((Archetypes!$D$11*(IF(AF5<0,1+Assumptions!$B$32*MIN(1,ABS(AF5)/ABS(Assumptions!$B$21)),MAX(0.1,1-Assumptions!$B$31*(AF5/50)))))-((Archetypes!$D$11*(IF(AF5<0,1+Assumptions!$B$32*MIN(1,ABS(AF5)/ABS(Assumptions!$B$21)),MAX(0.1,1-Assumptions!$B$31*(AF5/50)))))*AJ5)*Archetypes!$D$20)+((Archetypes!$D$11*(IF(AF5<0,1+Assumptions!$B$32*MIN(1,ABS(AF5)/ABS(Assumptions!$B$21)),MAX(0.1,1-Assumptions!$B$31*(AF5/50)))))*AJ5*Archetypes!$D$20*Archetypes!$D$21)*Assumptions!$B$18)*(IF($D5=1,1,Assumptions!$B$7)))+(((((Archetypes!$D$11*(IF(AF5<0,1+Assumptions!$B$32*MIN(1,ABS(AF5)/ABS(Assumptions!$B$21)),MAX(0.1,1-Assumptions!$B$31*(AF5/50)))))-((Archetypes!$D$11*(IF(AF5<0,1+Assumptions!$B$32*MIN(1,ABS(AF5)/ABS(Assumptions!$B$21)),MAX(0.1,1-Assumptions!$B$31*(AF5/50)))))*AJ5)*Archetypes!$D$15)*(Archetypes!$D$13*IF(AF5<0,1-Assumptions!$B$33*MIN(1,ABS(AF5)/ABS(Assumptions!$B$21)),1))*5)+(((Archetypes!$D$11*(IF(AF5<0,1+Assumptions!$B$32*MIN(1,ABS(AF5)/ABS(Assumptions!$B$21)),MAX(0.1,1-Assumptions!$B$31*(AF5/50)))))*AJ5*Archetypes!$D$15*Archetypes!$D$22)*(Archetypes!$D$13*IF(AF5<0,1-Assumptions!$B$33*MIN(1,ABS(AF5)/ABS(Assumptions!$B$21)),1))*5*Assumptions!$B$18))*IF(AF5<0,Assumptions!$B$9,1)))*$E5 -> 8923.0382 | AO5: =(AO4)+(AN5)-(MAX(0,((AO4)+(AN5)-(AP5)))*(IF(Archetypes!$D$27="",Assumptions!$B$11,Archetypes!$D$27))) -> 14386.21 | AP5: =Archetypes!$D$33 -> 201.32917 | AQ5: =MAX(0,(AO5)-(AP5)) -> 14184.88
A6: 12 | B6: =INT(A6/24)+1 -> 1 | C6: =MOD(A6,24) -> 12 | D6: =IF(C6<Assumptions!$B$10,1,0) -> 0 | E6: 6 | F6: =G5 -> 65.383782 | G6: =MAX(Assumptions!$B$21,(F6)+(H6)) -> 74.410717 | H6: =(((Archetypes!$B$11*(IF(F6<0,1+Assumptions!$B$32*MIN(1,ABS(F6)/ABS(Assumptions!$B$21)),MAX(0.1,1-Assumptions!$B$31*(F6/50)))))-((Archetypes!$B$11*(IF(F6<0,1+Assumptions!$B$32*MIN(1,ABS(F6)/ABS(Assumptions!$B$21)),MAX(0.1,1-Assumptions!$B$31*(F6/50)))))*J6)*Archetypes!$B$15)*Assumptions!$B$22+((Archetypes!$B$11*(IF(F6<0,1+Assumptions!$B$32*MIN(1,ABS(F6)/ABS(Assumptions!$B$21)),MAX(0.1,1-Assumptions!$B$31*(F6/50)))))*J6*Archetypes!$B$15*Archetypes!$B$22)*Assumptions!$B$23+(Archetypes!$B$11*(IF(F6<0,1+Assumptions!$B$32*MIN(1,ABS(F6)/ABS(Assumptions!$B$21)),MAX(0.1,1-Assumptions!$B$31*(F6/50)))))*Assumptions!$B$24+-((Archetypes!$B$11*(IF(F6<0,1+Assumptions!$B$32*MIN(1,ABS(F6)/ABS(Assumptions!$B$21)),MAX(0.1,1-Assumptions!$B$31*(F6/50)))))*Archetypes!$B$16)*(Assumptions!$B$27*(1+Assumptions!$B$28*Archetypes!$B$14)/(1+Assumptions!$B$29*Archetypes!$B$12))+-(Archetypes!$B$11*(IF(F6<0,1+Assumptions!$B$32*MIN(1,ABS(F6)/ABS(Assumptions!$B$21)),MAX(0.1,1-Assumptions!$B$31*(F6/50)))))*Archetypes!$B$17*((Archetypes!$B$31)/100)*Assumptions!$B$30+-Assumptions!$B$25*Assumptions!$B$26)*$E6 -> 9.0269349 | I6: =(Archetypes!$B$11*(IF(F6<0,1+Assumptions!$B$32*MIN(1,ABS(F6)/ABS(Assumptions!$B$21)),MAX(0.1,1-Assumptions!$B$31*(F6/50)))))*$E6 -> 12.923677 | J6: =Archetypes!$B$30 -> 0.022 | K6: =I6*J6 -> 0.2843209 | L6: =((I6-K6)*Archetypes!$B$15)+(K6*Archetypes!$B$15*Archetypes!$B$22) -> 1.2980541 | M6: =I6*Archetypes!$B$16 -> 9.6927579 | N6: =(IF(F6<0,Assumptions!$B$8,IF(F6<10,Assumptions!$B$34,IF(F6<25,Assumptions!$B$35,Assumptions!$B$36))))*((((Archetypes!$B$5*Assumptions!$B$4+Archetypes!$B$6*Assumptions!$B$5)*60))+(Assumptions!$B$6*(((Archetypes!$B$11*(IF(F6<0,1+Assumptions!$B$32*MIN(1,ABS(F6)/ABS(Assumptions!$B$21)),MAX(0.1,1-Assumptions!$B$31*(F6/50)))))-((Archetypes!$B$11*(IF(F6<0,1+Assumptions!$B$32*MIN(1,ABS(F6)/ABS(Assumptions!$B$21)),MAX(0.1,1-Assumptions!$B$31*(F6/50)))))*J6)*Archetypes!$B$20)+((Archetypes!$B$11*(IF(F6<0,1+Assumptions!$B$32*MIN(1,ABS(F6)/ABS(Assumptions!$B$21)),MAX(0.1,1-Assumptions!$B$31*(F6/50)))))*J6*Archetypes!$B$20*Archetypes!$B$21)*Assumptions!$B$18)*(IF($D6=1,1,Assumptions!$B$7)))+(((((Archetypes!$B$11*(IF(F6<0,1+Assumptions!$B$32*MIN(1,ABS(F6)/ABS(Assumptions!$B$21)),MAX(0.1,1-Assumptions!$B$31*(F6/50)))))-((Archetypes!$B$11*(IF(F6<0,1+Assumptions!$B$32*MIN(1,ABS(F6)/ABS(Assumptions!$B$21)),MAX(0.1,1-Assumptions!$B$31*(F6/50)))))*J6)*Archetypes!$B$15)*(Archetypes!$B$13*IF(F6<0,1-Assumptions!$B$33*MIN(1,ABS(F6)/ABS(Assumptions!$B$21)),1))*5)+(((Archetypes!$B$11*(IF(F6<0,1+Assumptions!$B$32*MIN(1,ABS(F6)/ABS(Assumptions!$B$21)),MAX(0.1,1-Assumptions!$B$31*(F6/50)))))*J6*Archetypes!$B$15*Archetypes!$B$22)*(Archetypes!$B$13*IF(F6<0,1-Assumptions!$B$33*MIN(1,ABS(F6)/ABS(Assumptions!$B$21)),1))*5*Assumptions!$B$18))*IF(F6<0,Assumptions!$B$9,1)))*$E6 -> 1318.0124 | O6: =(O5)+(N6)-(MAX(0,((O5)+(N6)-(P6)))*(IF(Archetypes!$B$27="",Assumptions!$B$11,Archetypes!$B$27))) -> 4320.2926 | P6: =Archetypes!$B$33 -> 25.4232 | Q6: =MAX(0,(O6)-(P6)) -> 4294.8694 | S6: =T5 -> 54.180975 | T6: =MAX(Assumptions!$B$21,(S6)+(U6)) -> 65.092358 | U6: =(((Archetypes!$C$11*(IF(S6<0,1+Assumptions!$B$32*MIN(1,ABS(S6)/ABS(Assumptions!$B$21)),MAX(0.1,1-Assumptions!$B$31*(S6/50)))))-((Archetypes!$C$11*(IF(S6<0,1+Assumptions!$B$32*MIN(1,ABS(S6)/ABS(Assumptions!$B$21)),MAX(0.1,1-Assumptions!$B$31*(S6/50)))))*W6)*Archetypes!$C$15)*Assumptions!$B$22+((Archetypes!$C$11*(IF(S6<0,1+Assumptions!$B$32*MIN(1,ABS(S6)/ABS(Assumptions!$B$21)),MAX(0.1,1-Assumptions!$B$31*(S6/50)))))*W6*Archetypes!$C$15*Archetypes!$C$22)*Assumptions!$B$23+(Archetypes!$C$11*(IF(S6<0,1+Assumptions!$B$32*MIN(1,ABS(S6)/ABS(Assumptions!$B$21)),MAX(0.1,1-Assumptions!$B$31*(S6/50)))))*Assumptions!$B$24+-((Archetypes!$C$11*(IF(S6<0,1+Assumptions!$B$32*MIN(1,ABS(S6)/ABS(Assumptions!$B$21)),MAX(0.1,1-Assumptions!$B$31*(S6/50)))))*Archetypes!$C$16)*(Assumptions!$B$27*(1+Assumptions!$B$28*Archetypes!$C$14)/(1+Assumptions!$B$29*Archetypes!$C$12))+-(Archetypes!$C$11*(IF(S6<0,1+Assumptions!$B$32*MIN(1,ABS(S6)/ABS(Assumptions!$B$21)),MAX(0.1,1-Assumptions!$B$31*(S6/50)))))*Archetypes!$C$17*((Archetypes!$C$31)/100)*Assumptions!$B$30+-Assumptions!$B$25*Assumptions!$B$26)*$E6 -> 10.911383 | V6: =(Archetypes!$C$11*(IF(S6<0,1+Assumptions!$B$32*MIN(1,ABS(S6)/ABS(Assumptions!$B$21)),MAX(0.1,1-Assumptions!$B$31*(S6/50)))))*$E6 -> 12.593819 | W6: =Archetypes!$C$30 -> 0.038 | X6: =V6*W6 -> 0.47856512 | Y6: =((V6-X6)*Archetypes!$C$15)+(X6*Archetypes!$C$15*Archetypes!$C$22) -> 6.3686942 | Z6: =V6*Archetypes!$C$16 -> 5.6672185 | AA6: =(IF(S6<0,Assumptions!$B$8,IF(S6<10,Assumptions!$B$34,IF(S6<25,Assumptions!$B$35,Assumptions!$B$36))))*((((Archetypes!$C$5*Assumptions!$B$4+Archetypes!$C$6*Assumptions!$B$5)*60))+(Assumptions!$B$6*(((Archetypes!$C$11*(IF(S6<0,1+Assumptions!$B$32*MIN(1,ABS(S6)/ABS(Assumptions!$B$21)),MAX(0.1,1-Assumptions!$B$31*(S6/50)))))-((Archetypes!$C$11*(IF(S6<0,1+Assumptions!$B$32*MIN(1,ABS(S6)/ABS(Assumptions!$B$21)),MAX(0.1,1-Assumptions!$B$31*(S6/50)))))*W6)*Archetypes!$C$20)+((Archetypes!$C$11*(IF(S6<0,1+Assumptions!$B$32*MIN(1,ABS(S6)/ABS(Assumptions!$B$21)),MAX(0.1,1-Assumptions!$B$31*(S6/50)))))*W6*Archetypes!$C$20*Archetypes!$C$21)*Assumptions!$B$18)*(IF($D6=1,1,Assumptions!$B$7)))+(((((Archetypes!$C$11*(IF(S6<0,1+Assumptions!$B$32*MIN(1,ABS(S6)/ABS(Assumptions!$B$21)),MAX(0.1,1-Assumptions!$B$31*(S6/50)))))-((Archetypes!$C$11*(IF(S6<0,1+Assumptions!$B$32*MIN(1,ABS(S6)/ABS(Assumptions!$B$21)),MAX(0.1,1-Assumptions!$B$31*(S6/50)))))*W6)*Archetypes!$C$15)*(Archetypes!$C$13*IF(S6<0,1-Assumptions!$B$33*MIN(1,ABS(S6)/ABS(Assumptions!$B$21)),1))*5)+(((Archetypes!$C$11*(IF(S6<0,1+Assumptions!$B$32*MIN(1,ABS(S6)/ABS(Assumptions!$B$21)),MAX(0.1,1-Assumptions!$B$31*(S6/50)))))*W6*Archetypes!$C$15*Archetypes!$C$22)*(Archetypes!$C$13*IF(S6<0,1-Assumptions!$B$33*MIN(1,ABS(S6)/ABS(Assumptions!$B$21)),1))*5*Assumptions!$B$18))*IF(S6<0,Assumptions!$B$9,1)))*$E6 -> 4955.7501 | AB6: =(AB5)+(AA6)-(MAX(0,((AB5)+(AA6)-(AC6)))*(IF(Archetypes!$C$27="",Assumptions!$B$11,Archetypes!$C$27))) -> 11139.518 | AC6: =Archetypes!$C$33 -> 90.34 | AD6: =MAX(0,(AB6)-(AC6)) -> 11049.178 | AF6: =AG5 -> 49.701113 | AG6: =MAX(Assumptions!$B$21,(AF6)+(AH6)) -> 59.376762 | AH6: =(((Archetypes!$D$11*(IF(AF6<0,1+Assumptions!$B$32*MIN(1,ABS(AF6)/ABS(Assumptions!$B$21)),MAX(0.1,1-Assumptions!$B$31*(AF6/50)))))-((Archetypes!$D$11*(IF(AF6<0,1+Assumptions!$B$32*MIN(1,ABS(AF6)/ABS(Assumptions!$B$21)),MAX(0.1,1-Assumptions!$B$31*(AF6/50)))))*AJ6)*Archetypes!$D$15)*Assumptions!$B$22+((Archetypes!$D$11*(IF(AF6<0,1+Assumptions!$B$32*MIN(1,ABS(AF6)/ABS(Assumptions!$B$21)),MAX(0.1,1-Assumptions!$B$31*(AF6/50)))))*AJ6*Archetypes!$D$15*Archetypes!$D$22)*Assumptions!$B$23+(Archetypes!$D$11*(IF(AF6<0,1+Assumptions!$B$32*MIN(1,ABS(AF6)/ABS(Assumptions!$B$21)),MAX(0.1,1-Assumptions!$B$31*(AF6/50)))))*Assumptions!$B$24+-((Archetypes!$D$11*(IF(AF6<0,1+Assumptions!$B$32*MIN(1,ABS(AF6)/ABS(Assumptions!$B$21)),MAX(0.1,1-Assumptions!$B$31*(AF6/50)))))*Archetypes!$D$16)*(Assumptions!$B$27*(1+Assumptions!$B$28*Archetypes!$D$14)/(1+Assumptions!$B$29*Archetypes!$D$12))+-(Archetypes!$D$11*(IF(AF6<0,1+Assumptions!$B$32*MIN(1,ABS(AF6)/ABS(Assumptions!$B$21)),MAX(0.1,1-Assumptions!$B$31*(AF6/50)))))*Archetypes!$D$17*((Archetypes!$D$31)/100)*Assumptions!$B$30+-Assumptions!$B$25*Assumptions!$B$26)*$E6 -> 9.6756491 | AI6: =(Archetypes!$D$11*(IF(AF6<0,1+Assumptions!$B$32*MIN(1,ABS(AF6)/ABS(Assumptions!$B$21)),MAX(0.1,1-Assumptions!$B$31*(AF6/50)))))*$E6 -> 7.2645597 | AJ6: =Archetypes!$D$30 -> 0.104 | AK6: =AI6*AJ6 -> 0.75551421 | AL6: =((AI6-AK6)*Archetypes!$D$15)+(AK6*Archetypes!$D$15*Archetypes!$D$22) -> 11.350148 | AM6: =AI6*Archetypes!$D$16 -> 1.4529119 | AN6: =(IF(AF6<0,Assumptions!$B$8,IF(AF6<10,Assumptions!$B$34,IF(AF6<25,Assumptions!$B$35,Assumptions!$B$36))))*((((Archetypes!$D$5*Assumptions!$B$4+Archetypes!$D$6*Assumptions!$B$5)*60))+(Assumptions!$B$6*(((Archetypes!$D$11*(IF(AF6<0,1+Assumptions!$B$32*MIN(1,ABS(AF6)/ABS(Assumptions!$B$21)),MAX(0.1,1-Assumptions!$B$31*(AF6/50)))))-((Archetypes!$D$11*(IF(AF6<0,1+Assumptions!$B$32*MIN(1,ABS(AF6)/ABS(Assumptions!$B$21)),MAX(0.1,1-Assumptions!$B$31*(AF6/50)))))*AJ6)*Archetypes!$D$20)+((Archetypes!$D$11*(IF(AF6<0,1+Assumptions!$B$32*MIN(1,ABS(AF6)/ABS(Assumptions!$B$21)),MAX(0.1,1-Assumptions!$B$31*(AF6/50)))))*AJ6*Archetypes!$D$20*Archetypes!$D$21)*Assumptions!$B$18)*(IF($D6=1,1,Assumptions!$B$7)))+(((((Archetypes!$D$11*(IF(AF6<0,1+Assumptions!$B$32*MIN(1,ABS(AF6)/ABS(Assumptions!$B$21)),MAX(0.1,1-Assumptions!$B$31*(AF6/50)))))-((Archetypes!$D$11*(IF(AF6<0,1+Assumptions!$B$32*MIN(1,ABS(AF6)/ABS(Assumptions!$B$21)),MAX(0.1,1-Assumptions!$B$31*(AF6/50)))))*AJ6)*Archetypes!$D$15)*(Archetypes!$D$13*IF(AF6<0,1-Assumptions!$B$33*MIN(1,ABS(AF6)/ABS(Assumptions!$B$21)),1))*5)+(((Archetypes!$D$11*(IF(AF6<0,1+Assumptions!$B$32*MIN(1,ABS(AF6)/ABS(Assumptions!$B$21)),MAX(0.1,1-Assumptions!$B$31*(AF6/50)))))*AJ6*Archetypes!$D$15*Archetypes!$D$22)*(Archetypes!$D$13*IF(AF6<0,1-Assumptions!$B$33*MIN(1,ABS(AF6)/ABS(Assumptions!$B$21)),1))*5*Assumptions!$B$18))*IF(AF6<0,Assumptions!$B$9,1)))*$E6 -> 8184.9134 | AO6: =(AO5)+(AN6)-(MAX(0,((AO5)+(AN6)-(AP6)))*(IF(Archetypes!$D$27="",Assumptions!$B$11,Archetypes!$D$27))) -> 15860.185 | AP6: =Archetypes!$D$33 -> 201.32917 | AQ6: =MAX(0,(AO6)-(AP6)) -> 15658.856
A7: 18 | B7: =INT(A7/24)+1 -> 1 | C7: =MOD(A7,24) -> 18 | D7: =IF(C7<Assumptions!$B$10,1,0) -> 0 | E7: 6 | F7: =G6 -> 74.410717 | G7: =MAX(Assumptions!$B$21,(F7)+(H7)) -> 78.445338 | H7: =(((Archetypes!$B$11*(IF(F7<0,1+Assumptions!$B$32*MIN(1,ABS(F7)/ABS(Assumptions!$B$21)),MAX(0.1,1-Assumptions!$B$31*(F7/50)))))-((Archetypes!$B$11*(IF(F7<0,1+Assumptions!$B$32*MIN(1,ABS(F7)/ABS(Assumptions!$B$21)),MAX(0.1,1-Assumptions!$B$31*(F7/50)))))*J7)*Archetypes!$B$15)*Assumptions!$B$22+((Archetypes!$B$11*(IF(F7<0,1+Assumptions!$B$32*MIN(1,ABS(F7)/ABS(Assumptions!$B$21)),MAX(0.1,1-Assumptions!$B$31*(F7/50)))))*J7*Archetypes!$B$15*Archetypes!$B$22)*Assumptions!$B$23+(Archetypes!$B$11*(IF(F7<0,1+Assumptions!$B$32*MIN(1,ABS(F7)/ABS(Assumptions!$B$21)),MAX(0.1,1-Assumptions!$B$31*(F7/50)))))*Assumptions!$B$24+-((Archetypes!$B$11*(IF(F7<0,1+Assumptions!$B$32*MIN(1,ABS(F7)/ABS(Assumptions!$B$21)),MAX(0.1,1-Assumptions!$B$31*(F7/50)))))*Archetypes!$B$16)*(Assumptions!$B$27*(1+Assumptions!$B$28*Archetypes!$B$14)/(1+Assumptions!$B$29*Archetypes!$B$12))+-(Archetypes!$B$11*(IF(F7<0,1+Assumptions!$B$32*MIN(1,ABS(F7)/ABS(Assumptions!$B$21)),MAX(0.1,1-Assumptions!$B$31*(F7/50)))))*Archetypes!$B$17*((Archetypes!$B$31)/100)*Assumptions!$B$30+-Assumptions!$B$25*Assumptions!$B$26)*$E7 -> 4.0346211 | I7: =(Archetypes!$B$11*(IF(F7<0,1+Assumptions!$B$32*MIN(1,ABS(F7)/ABS(Assumptions!$B$21)),MAX(0.1,1-Assumptions!$B$31*(F7/50)))))*$E7 -> 6.424284 | J7: =Archetypes!$B$30 -> 0.022 | K7: =I7*J7 -> 0.14133425 | L7: =((I7-K7)*Archetypes!$B$15)+(K7*Archetypes!$B$15*Archetypes!$B$22) -> 0.64525509 | M7: =I7*Archetypes!$B$16 -> 4.818213 | N7: =(IF(F7<0,Assumptions!$B$8,IF(F7<10,Assumptions!$B$34,IF(F7<25,Assumptions!$B$35,Assumptions!$B$36))))*((((Archetypes!$B$5*Assumptions!$B$4+Archetypes!$B$6*Assumptions!$B$5)*60))+(Assumptions!$B$6*(((Archetypes!$B$11*(IF(F7<0,1+Assumptions!$B$32*MIN(1,ABS(F7)/ABS(Assumptions!$B$21)),MAX(0.1,1-Assumptions!$B$31*(F7/50)))))-((Archetypes!$B$11*(IF(F7<0,1+Assumptions!$B$32*MIN(1,ABS(F7)/ABS(Assumptions!$B$21)),MAX(0.1,1-Assumptions!$B$31*(F7/50)))))*J7)*Archetypes!$B$20)+((Archetypes!$B$11*(IF(F7<0,1+Assumptions!$B$32*MIN(1,ABS(F7)/ABS(Assumptions!$B$21)),MAX(0.1,1-Assumptions!$B$31*(F7/50)))))*J7*Archetypes!$B$20*Archetypes!$B$21)*Assumptions!$B$18)*(IF($D7=1,1,Assumptions!$B$7)))+(((((Archetypes!$B$11*(IF(F7<0,1+Assumptions!$B$32*MIN(1,ABS(F7)/ABS(Assumptions!$B$21)),MAX(0.1,1-Assumptions!$B$31*(F7/50)))))-((Archetypes!$B$11*(IF(F7<0,1+Assumptions!$B$32*MIN(1,ABS(F7)/ABS(Assumptions!$B$21)),MAX(0.1,1-Assumptions!$B$31*(F7/50)))))*J7)*Archetypes!$B$15)*(Archetypes!$B$13*IF(F7<0,1-Assumptions!$B$33*MIN(1,ABS(F7)/ABS(Assumptions!$B$21)),1))*5)+(((Archetypes!$B$11*(IF(F7<0,1+Assumptions!$B$32*MIN(1,ABS(F7)/ABS(Assumptions!$B$21)),MAX(0.1,1-Assumptions!$B$31*(F7/50)))))*J7*Archetypes!$B$15*Archetypes!$B$22)*(Archetypes!$B$13*IF(F7<0,1-Assumptions!$B$33*MIN(1,ABS(F7)/ABS(Assumptions!$B$21)),1))*5*Assumptions!$B$18))*IF(F7<0,Assumptions!$B$9,1)))*$E7 -> 1116.8438 | O7: =(O6)+(N7)-(MAX(0,((O6)+(N7)-(P7)))*(IF(Archetypes!$B$27="",Assumptions!$B$11,Archetypes!$B$27))) -> 4354.7938 | P7: =Archetypes!$B$33 -> 25.4232 | Q7: =MAX(0,(O7)-(P7)) -> 4329.3706 | S7: =T6 -> 65.092358 | T7: =MAX(Assumptions!$B$21,(S7)+(U7)) -> 71.58288 | U7: =(((Archetypes!$C$11*(IF(S7<0,1+Assumptions!$B$32*MIN(1,ABS(S7)/ABS(Assumptions!$B$21)),MAX(0.1,1-Assumptions!$B$31*(S7/50)))))-((Archetypes!$C$11*(IF(S7<0,1+Assumptions!$B$32*MIN(1,ABS(S7)/ABS(Assumptions!$B$21)),MAX(0.1,1-Assumptions!$B$31*(S7/50)))))*W7)*Archetypes!$C$15)*Assumptions!$B$22+((Archetypes!$C$11*(IF(S7<0,1+Assumptions!$B$32*MIN(1,ABS(S7)/ABS(Assumptions!$B$21)),MAX(0.1,1-Assumptions!$B$31*(S7/50)))))*W7*Archetypes!$C$15*Archetypes!$C$22)*Assumptions!$B$23+(Archetypes!$C$11*(IF(S7<0,1+Assumptions!$B$32*MIN(1,ABS(S7)/ABS(Assumptions!$B$21)),MAX(0.1,1-Assumptions!$B$31*(S7/50)))))*Assumptions!$B$24+-((Archetypes!$C$11*(IF(S7<0,1+Assumptions!$B$32*MIN(1,ABS(S7)/ABS(Assumptions!$B$21)),MAX(0.1,1-Assumptions!$B$31*(S7/50)))))*Archetypes!$C$16)*(Assumptions!$B$27*(1+Assumptions!$B$28*Archetypes!$C$14)/(1+Assumptions!$B$29*Archetypes!$C$12))+-(Archetypes!$C$11*(IF(S7<0,1+Assumptions!$B$32*MIN(1,ABS(S7)/ABS(Assumptions!$B$21)),MAX(0.1,1-Assumptions!$B$31*(S7/50)))))*Archetypes!$C$17*((Archetypes!$C$31)/100)*Assumptions!$B$30+-Assumptions!$B$25*Assumptions!$B$26)*$E7 -> 6.4905221 | V7: =(Archetypes!$C$11*(IF(S7<0,1+Assumptions!$B$32*MIN(1,ABS(S7)/ABS(Assumptions!$B$21)),MAX(0.1,1-Assumptions!$B$31*(S7/50)))))*$E7 -> 7.8801015 | W7: =Archetypes!$C$30 -> 0.038 | X7: =V7*W7 -> 0.29944386 | Y7: =((V7-X7)*Archetypes!$C$15)+(X7*Archetypes!$C$15*Archetypes!$C$22) -> 3.9849673 | Z7: =V7*Archetypes!$C$16 -> 3.5460457 | AA7: =(IF(S7<0,Assumptions!$B$8,IF(S7<10,Assumptions!$B$34,IF(S7<25,Assumptions!$B$35,Assumptions!$B$36))))*((((Archetypes!$C$5*Assumptions!$B$4+Archetypes!$C$6*Assumptions!$B$5)*60))+(Assumptions!$B$6*(((Archetypes!$C$11*(IF(S7<0,1+Assumptions!$B$32*MIN(1,ABS(S7)/ABS(Assumptions!$B$21)),MAX(0.1,1-Assumptions!$B$31*(S7/50)))))-((Archetypes!$C$11*(IF(S7<0,1+Assumptions!$B$32*MIN(1,ABS(S7)/ABS(Assumptions!$B$21)),MAX(0.1,1-Assumptions!$B$31*(S7/50)))))*W7)*Archetypes!$C$20)+((Archetypes!$C$11*(IF(S7<0,1+Assumptions!$B$32*MIN(1,ABS(S7)/ABS(Assumptions!$B$21)),MAX(0.1,1-Assumptions!$B$31*(S7/50)))))*W7*Archetypes!$C$20*Archetypes!$C$21)*Assumptions!$B$18)*(IF($D7=1,1,Assumptions!$B$7)))+(((((Archetypes!$C$11*(IF(S7<0,1+Assumptions!$B$32*MIN(1,ABS(S7)/ABS(Assumptions!$B$21)),MAX(0.1,1-Assumptions!$B$31*(S7/50)))))-((Archetypes!$C$11*(IF(S7<0,1+Assumptions!$B$32*MIN(1,ABS(S7)/ABS(Assumptions!$B$21)),MAX(0.1,1-Assumptions!$B$31*(S7/50)))))*W7)*Archetypes!$C$15)*(Archetypes!$C$13*IF(S7<0,1-Assumptions!$B$33*MIN(1,ABS(S7)/ABS(Assumptions!$B$21)),1))*5)+(((Archetypes!$C$11*(IF(S7<0,1+Assumptions!$B$32*MIN(1,ABS(S7)/ABS(Assumptions!$B$21)),MAX(0.1,1-Assumptions!$B$31*(S7/50)))))*W7*Archetypes!$C$15*Archetypes!$C$22)*(Archetypes!$C$13*IF(S7<0,1-Assumptions!$B$33*MIN(1,ABS(S7)/ABS(Assumptions!$B$21)),1))*5*Assumptions!$B$18))*IF(S7<0,Assumptions!$B$9,1)))*$E7 -> 4589.7898 | AB7: =(AB6)+(AA7)-(MAX(0,((AB6)+(AA7)-(AC7)))*(IF(Archetypes!$C$27="",Assumptions!$B$11,Archetypes!$C$27))) -> 11819.566 | AC7: =Archetypes!$C$33 -> 90.34 | AD7: =MAX(0,(AB7)-(AC7)) -> 11729.226 | AF7: =AG6 -> 59.376762 | AG7: =MAX(Assumptions!$B$21,(AF7)+(AH7)) -> 66.009904 | AH7: =(((Archetypes!$D$11*(IF(AF7<0,1+Assumptions!$B$32*MIN(1,ABS(AF7)/ABS(Assumptions!$B$21)),MAX(0.1,1-Assumptions!$B$31*(AF7/50)))))-((Archetypes!$D$11*(IF(AF7<0,1+Assumptions!$B$32*MIN(1,ABS(AF7)/ABS(Assumptions!$B$21)),MAX(0.1,1-Assumptions!$B$31*(AF7/50)))))*AJ7)*Archetypes!$D$15)*Assumptions!$B$22+((Archetypes!$D$11*(IF(AF7<0,1+Assumptions!$B$32*MIN(1,ABS(AF7)/ABS(Assumptions!$B$21)),MAX(0.1,1-Assumptions!$B$31*(AF7/50)))))*AJ7*Archetypes!$D$15*Archetypes!$D$22)*Assumptions!$B$23+(Archetypes!$D$11*(IF(AF7<0,1+Assumptions!$B$32*MIN(1,ABS(AF7)/ABS(Assumptions!$B$21)),MAX(0.1,1-Assumptions!$B$31*(AF7/50)))))*Assumptions!$B$24+-((Archetypes!$D$11*(IF(AF7<0,1+Assumptions!$B$32*MIN(1,ABS(AF7)/ABS(Assumptions!$B$21)),MAX(0.1,1-Assumptions!$B$31*(AF7/50)))))*Archetypes!$D$16)*(Assumptions!$B$27*(1+Assumptions!$B$28*Archetypes!$D$14)/(1+Assumptions!$B$29*Archetypes!$D$12))+-(Archetypes!$D$11*(IF(AF7<0,1+Assumptions!$B$32*MIN(1,ABS(AF7)/ABS(Assumptions!$B$21)),MAX(0.1,1-Assumptions!$B$31*(AF7/50)))))*Archetypes!$D$17*((Archetypes!$D$31)/100)*Assumptions!$B$30+-Assumptions!$B$25*Assumptions!$B$26)*$E7 -> 6.633142 | AI7: =(Archetypes!$D$11*(IF(AF7<0,1+Assumptions!$B$32*MIN(1,ABS(AF7)/ABS(Assumptions!$B$21)),MAX(0.1,1-Assumptions!$B$31*(AF7/50)))))*$E7 -> 5.1746195 | AJ7: =Archetypes!$D$30 -> 0.104 | AK7: =AI7*AJ7 -> 0.53816042 | AL7: =((AI7-AK7)*Archetypes!$D$15)+(AK7*Archetypes!$D$15*Archetypes!$D$22) -> 8.0848255 | AM7: =AI7*Archetypes!$D$16 -> 1.0349239 | AN7: =(IF(AF7<0,Assumptions!$B$8,IF(AF7<10,Assumptions!$B$34,IF(AF7<25,Assumptions!$B$35,Assumptions!$B$36))))*((((Archetypes!$D$5*Assumptions!$B$4+Archetypes!$D$6*Assumptions!$B$5)*60))+(Assumptions!$B$6*(((Archetypes!$D$11*(IF(AF7<0,1+Assumptions!$B$32*MIN(1,ABS(AF7)/ABS(Assumptions!$B$21)),MAX(0.1,1-Assumptions!$B$31*(AF7/50)))))-((Archetypes!$D$11*(IF(AF7<0,1+Assumptions!$B$32*MIN(1,ABS(AF7)/ABS(Assumptions!$B$21)),MAX(0.1,1-Assumptions!$B$31*(AF7/50)))))*AJ7)*Archetypes!$D$20)+((Archetypes!$D$11*(IF(AF7<0,1+Assumptions!$B$32*MIN(1,ABS(AF7)/ABS(Assumptions!$B$21)),MAX(0.1,1-Assumptions!$B$31*(AF7/50)))))*AJ7*Archetypes!$D$20*Archetypes!$D$21)*Assumptions!$B$18)*(IF($D7=1,1,Assumptions!$B$7)))+(((((Archetypes!$D$11*(IF(AF7<0,1+Assumptions!$B$32*MIN(1,ABS(AF7)/ABS(Assumptions!$B$21)),MAX(0.1,1-Assumptions!$B$31*(AF7/50)))))-((Archetypes!$D$11*(IF(AF7<0,1+Assumptions!$B$32*MIN(1,ABS(AF7)/ABS(Assumptions!$B$21)),MAX(0.1,1-Assumptions!$B$31*(AF7/50)))))*AJ7)*Archetypes!$D$15)*(Archetypes!$D$13*IF(AF7<0,1-Assumptions!$B$33*MIN(1,ABS(AF7)/ABS(Assumptions!$B$21)),1))*5)+(((Archetypes!$D$11*(IF(AF7<0,1+Assumptions!$B$32*MIN(1,ABS(AF7)/ABS(Assumptions!$B$21)),MAX(0.1,1-Assumptions!$B$31*(AF7/50)))))*AJ7*Archetypes!$D$15*Archetypes!$D$22)*(Archetypes!$D$13*IF(AF7<0,1-Assumptions!$B$33*MIN(1,ABS(AF7)/ABS(Assumptions!$B$21)),1))*5*Assumptions!$B$18))*IF(AF7<0,Assumptions!$B$9,1)))*$E7 -> 7678.8918 | AO7: =(AO6)+(AN7)-(MAX(0,((AO6)+(AN7)-(AP7)))*(IF(Archetypes!$D$27="",Assumptions!$B$11,Archetypes!$D$27))) -> 16537.752 | AP7: =Archetypes!$D$33 -> 201.32917 | AQ7: =MAX(0,(AO7)-(AP7)) -> 16336.423
A8: 24 | B8: =INT(A8/24)+1 -> 2 | C8: =MOD(A8,24) -> 0 | D8: =IF(C8<Assumptions!$B$10,1,0) -> 1 | E8: 6 | F8: =G7 -> 78.445338 | G8: =MAX(Assumptions!$B$21,(F8)+(H8)) -> 82.154058 | H8: =(((Archetypes!$B$11*(IF(F8<0,1+Assumptions!$B$32*MIN(1,ABS(F8)/ABS(Assumptions!$B$21)),MAX(0.1,1-Assumptions!$B$31*(F8/50)))))-((Archetypes!$B$11*(IF(F8<0,1+Assumptions!$B$32*MIN(1,ABS(F8)/ABS(Assumptions!$B$21)),MAX(0.1,1-Assumptions!$B$31*(F8/50)))))*J8)*Archetypes!$B$15)*Assumptions!$B$22+((Archetypes!$B$11*(IF(F8<0,1+Assumptions!$B$32*MIN(1,ABS(F8)/ABS(Assumptions!$B$21)),MAX(0.1,1-Assumptions!$B$31*(F8/50)))))*J8*Archetypes!$B$15*Archetypes!$B$22)*Assumptions!$B$23+(Archetypes!$B$11*(IF(F8<0,1+Assumptions!$B$32*MIN(1,ABS(F8)/ABS(Assumptions!$B$21)),MAX(0.1,1-Assumptions!$B$31*(F8/50)))))*Assumptions!$B$24+-((Archetypes!$B$11*(IF(F8<0,1+Assumptions!$B$32*MIN(1,ABS(F8)/ABS(Assumptions!$B$21)),MAX(0.1,1-Assumptions!$B$31*(F8/50)))))*Archetypes!$B$16)*(Assumptions!$B$27*(1+Assumptions!$B$28*Archetypes!$B$14)/(1+Assumptions!$B$29*Archetypes!$B$12))+-(Archetypes!$B$11*(IF(F8<0,1+Assumptions!$B$32*MIN(1,ABS(F8)/ABS(Assumptions!$B$21)),MAX(0.1,1-Assumptions!$B$31*(F8/50)))))*Archetypes!$B$17*((Archetypes!$B$31)/100)*Assumptions!$B$30+-Assumptions!$B$25*Assumptions!$B$26)*$E8 -> 3.70872 | I8: =(Archetypes!$B$11*(IF(F8<0,1+Assumptions!$B$32*MIN(1,ABS(F8)/ABS(Assumptions!$B$21)),MAX(0.1,1-Assumptions!$B$31*(F8/50)))))*$E8 -> 6 | J8: =Archetypes!$B$30 -> 0.022 | K8: =I8*J8 -> 0.132 | L8: =((I8-K8)*Archetypes!$B$15)+(K8*Archetypes!$B$15*Archetypes!$B$22) -> 0.60264 | M8: =I8*Archetypes!$B$16 -> 4.5 | N8: =(IF(F8<0,Assumptions!$B$8,IF(F8<10,Assumptions!$B$34,IF(F8<25,Assumptions!$B$35,Assumptions!$B$36))))*((((Archetypes!$B$5*Assumptions!$B$4+Archetypes!$B$6*Assumptions!$B$5)*60))+(Assumptions!$B$6*(((Archetypes!$B$11*(IF(F8<0,1+Assumptions!$B$32*MIN(1,ABS(F8)/ABS(Assumptions!$B$21)),MAX(0.1,1-Assumptions!$B$31*(F8/50)))))-((Archetypes!$B$11*(IF(F8<0,1+Assumptions!$B$32*MIN(1,ABS(F8)/ABS(Assumptions!$B$21)),MAX(0.1,1-Assumptions!$B$31*(F8/50)))))*J8)*Archetypes!$B$20)+((Archetypes!$B$11*(IF(F8<0,1+Assumptions!$B$32*MIN(1,ABS(F8)/ABS(Assumptions!$B$21)),MAX(0.1,1-Assumptions!$B$31*(F8/50)))))*J8*Archetypes!$B$20*Archetypes!$B$21)*Assumptions!$B$18)*(IF($D8=1,1,Assumptions!$B$7)))+(((((Archetypes!$B$11*(IF(F8<0,1+Assumptions!$B$32*MIN(1,ABS(F8)/ABS(Assumptions!$B$21)),MAX(0.1,1-Assumptions!$B$31*(F8/50)))))-((Archetypes!$B$11*(IF(F8<0,1+Assumptions!$B$32*MIN(1,ABS(F8)/ABS(Assumptions!$B$21)),MAX(0.1,1-Assumptions!$B$31*(F8/50)))))*J8)*Archetypes!$B$15)*(Archetypes!$B$13*IF(F8<0,1-Assumptions!$B$33*MIN(1,ABS(F8)/ABS(Assumptions!$B$21)),1))*5)+(((Archetypes!$B$11*(IF(F8<0,1+Assumptions!$B$32*MIN(1,ABS(F8)/ABS(Assumptions!$B$21)),MAX(0.1,1-Assumptions!$B$31*(F8/50)))))*J8*Archetypes!$B$15*Archetypes!$B$22)*(Archetypes!$B$13*IF(F8<0,1-Assumptions!$B$33*MIN(1,ABS(F8)/ABS(Assumptions!$B$21)),1))*5*Assumptions!$B$18))*IF(F8<0,Assumptions!$B$9,1)))*$E8 -> 1178.4672 | O8: =(O7)+(N8)-(MAX(0,((O7)+(N8)-(P8)))*(IF(Archetypes!$B$27="",Assumptions!$B$11,Archetypes!$B$27))) -> 4431.6934 | P8: =Archetypes!$B$33 -> 25.4232 | Q8: =MAX(0,(O8)-(P8)) -> 4406.2702 | S8: =T7 -> 71.58288 | T8: =MAX(Assumptions!$B$21,(S8)+(U8)) -> 75.443699 | U8: =(((Archetypes!$C$11*(IF(S8<0,1+Assumptions!$B$32*MIN(1,ABS(S8)/ABS(Assumptions!$B$21)),MAX(0.1,1-Assumptions!$B$31*(S8/50)))))-((Archetypes!$C$11*(IF(S8<0,1+Assumptions!$B$32*MIN(1,ABS(S8)/ABS(Assumptions!$B$21)),MAX(0.1,1-Assumptions!$B$31*(S8/50)))))*W8)*Archetypes!$C$15)*Assumptions!$B$22+((Archetypes!$C$11*(IF(S8<0,1+Assumptions!$B$32*MIN(1,ABS(S8)/ABS(Assumptions!$B$21)),MAX(0.1,1-Assumptions!$B$31*(S8/50)))))*W8*Archetypes!$C$15*Archetypes!$C$22)*Assumptions!$B$23+(Archetypes!$C$11*(IF(S8<0,1+Assumptions!$B$32*MIN(1,ABS(S8)/ABS(Assumptions!$B$21)),MAX(0.1,1-Assumptions!$B$31*(S8/50)))))*Assumptions!$B$24+-((Archetypes!$C$11*(IF(S8<0,1+Assumptions!$B$32*MIN(1,ABS(S8)/ABS(Assumptions!$B$21)),MAX(0.1,1-Assumptions!$B$31*(S8/50)))))*Archetypes!$C$16)*(Assumptions!$B$27*(1+Assumptions!$B$28*Archetypes!$C$14)/(1+Assumptions!$B$29*Archetypes!$C$12))+-(Archetypes!$C$11*(IF(S8<0,1+Assumptions!$B$32*MIN(1,ABS(S8)/ABS(Assumptions!$B$21)),MAX(0.1,1-Assumptions!$B$31*(S8/50)))))*Archetypes!$C$17*((Archetypes!$C$31)/100)*Assumptions!$B$30+-Assumptions!$B$25*Assumptions!$B$26)*$E8 -> 3.8608192 | V8: =(Archetypes!$C$11*(IF(S8<0,1+Assumptions!$B$32*MIN(1,ABS(S8)/ABS(Assumptions!$B$21)),MAX(0.1,1-Assumptions!$B$31*(S8/50)))))*$E8 -> 5.076196 | W8: =Archetypes!$C$30 -> 0.038 | X8: =V8*W8 -> 0.19289545 | Y8: =((V8-X8)*Archetypes!$C$15)+(X8*Archetypes!$C$15*Archetypes!$C$22) -> 2.5670323 | Z8: =V8*Archetypes!$C$16 -> 2.2842882 | AA8: =(IF(S8<0,Assumptions!$B$8,IF(S8<10,Assumptions!$B$34,IF(S8<25,Assumptions!$B$35,Assumptions!$B$36))))*((((Archetypes!$C$5*Assumptions!$B$4+Archetypes!$C$6*Assumptions!$B$5)*60))+(Assumptions!$B$6*(((Archetypes!$C$11*(IF(S8<0,1+Assumptions!$B$32*MIN(1,ABS(S8)/ABS(Assumptions!$B$21)),MAX(0.1,1-Assumptions!$B$31*(S8/50)))))-((Archetypes!$C$11*(IF(S8<0,1+Assumptions!$B$32*MIN(1,ABS(S8)/ABS(Assumptions!$B$21)),MAX(0.1,1-Assumptions!$B$31*(S8/50)))))*W8)*Archetypes!$C$20)+((Archetypes!$C$11*(IF(S8<0,1+Assumptions!$B$32*MIN(1,ABS(S8)/ABS(Assumptions!$B$21)),MAX(0.1,1-Assumptions!$B$31*(S8/50)))))*W8*Archetypes!$C$20*Archetypes!$C$21)*Assumptions!$B$18)*(IF($D8=1,1,Assumptions!$B$7)))+(((((Archetypes!$C$11*(IF(S8<0,1+Assumptions!$B$32*MIN(1,ABS(S8)/ABS(Assumptions!$B$21)),MAX(0.1,1-Assumptions!$B$31*(S8/50)))))-((Archetypes!$C$11*(IF(S8<0,1+Assumptions!$B$32*MIN(1,ABS(S8)/ABS(Assumptions!$B$21)),MAX(0.1,1-Assumptions!$B$31*(S8/50)))))*W8)*Archetypes!$C$15)*(Archetypes!$C$13*IF(S8<0,1-Assumptions!$B$33*MIN(1,ABS(S8)/ABS(Assumptions!$B$21)),1))*5)+(((Archetypes!$C$11*(IF(S8<0,1+Assumptions!$B$32*MIN(1,ABS(S8)/ABS(Assumptions!$B$21)),MAX(0.1,1-Assumptions!$B$31*(S8/50)))))*W8*Archetypes!$C$15*Archetypes!$C$22)*(Archetypes!$C$13*IF(S8<0,1-Assumptions!$B$33*MIN(1,ABS(S8)/ABS(Assumptions!$B$21)),1))*5*Assumptions!$B$18))*IF(S8<0,Assumptions!$B$9,1)))*$E8 -> 4661.7826 | AB8: =(AB7)+(AA8)-(MAX(0,((AB7)+(AA8)-(AC8)))*(IF(Archetypes!$C$27="",Assumptions!$B$11,Archetypes!$C$27))) -> 12383.596 | AC8: =Archetypes!$C$33 -> 90.34 | AD8: =MAX(0,(AB8)-(AC8)) -> 12293.256 | AF8: =AG7 -> 66.009904 | AG8: =MAX(Assumptions!$B$21,(AF8)+(AH8)) -> 70.557255 | AH8: =(((Archetypes!$D$11*(IF(AF8<0,1+Assumptions!$B$32*MIN(1,ABS(AF8)/ABS(Assumptions!$B$21)),MAX(0.1,1-Assumptions!$B$31*(AF8/50)))))-((Archetypes!$D$11*(IF(AF8<0,1+Assumptions!$B$32*MIN(1,ABS(AF8)/ABS(Assumptions!$B$21)),MAX(0.1,1-Assumptions!$B$31*(AF8/50)))))*AJ8)*Archetypes!$D$15)*Assumptions!$B$22+((Archetypes!$D$11*(IF(AF8<0,1+Assumptions!$B$32*MIN(1,ABS(AF8)/ABS(Assumptions!$B$21)),MAX(0.1,1-Assumptions!$B$31*(AF8/50)))))*AJ8*Archetypes!$D$15*Archetypes!$D$22)*Assumptions!$B$23+(Archetypes!$D$11*(IF(AF8<0,1+Assumptions!$B$32*MIN(1,ABS(AF8)/ABS(Assumptions!$B$21)),MAX(0.1,1-Assumptions!$B$31*(AF8/50)))))*Assumptions!$B$24+-((Archetypes!$D$11*(IF(AF8<0,1+Assumptions!$B$32*MIN(1,ABS(AF8)/ABS(Assumptions!$B$21)),MAX(0.1,1-Assumptions!$B$31*(AF8/50)))))*Archetypes!$D$16)*(Assumptions!$B$27*(1+Assumptions!$B$28*Archetypes!$D$14)/(1+Assumptions!$B$29*Archetypes!$D$12))+-(Archetypes!$D$11*(IF(AF8<0,1+Assumptions!$B$32*MIN(1,ABS(AF8)/ABS(Assumptions!$B$21)),MAX(0.1,1-Assumptions!$B$31*(AF8/50)))))*Archetypes!$D$17*((Archetypes!$D$31)/100)*Assumptions!$B$30+-Assumptions!$B$25*Assumptions!$B$26)*$E8 -> 4.547351 | AI8: =(Archetypes!$D$11*(IF(AF8<0,1+Assumptions!$B$32*MIN(1,ABS(AF8)/ABS(Assumptions!$B$21)),MAX(0.1,1-Assumptions!$B$31*(AF8/50)))))*$E8 -> 3.7418608 | AJ8: =Archetypes!$D$30 -> 0.104 | AK8: =AI8*AJ8 -> 0.38915352 | AL8: =((AI8-AK8)*Archetypes!$D$15)+(AK8*Archetypes!$D$15*Archetypes!$D$22) -> 5.8462833 | AM8: =AI8*Archetypes!$D$16 -> 0.74837216 | AN8: =(IF(AF8<0,Assumptions!$B$8,IF(AF8<10,Assumptions!$B$34,IF(AF8<25,Assumptions!$B$35,Assumptions!$B$36))))*((((Archetypes!$D$5*Assumptions!$B$4+Archetypes!$D$6*Assumptions!$B$5)*60))+(Assumptions!$B$6*(((Archetypes!$D$11*(IF(AF8<0,1+Assumptions!$B$32*MIN(1,ABS(AF8)/ABS(Assumptions!$B$21)),MAX(0.1,1-Assumptions!$B$31*(AF8/50)))))-((Archetypes!$D$11*(IF(AF8<0,1+Assumptions!$B$32*MIN(1,ABS(AF8)/ABS(Assumptions!$B$21)),MAX(0.1,1-Assumptions!$B$31*(AF8/50)))))*AJ8)*Archetypes!$D$20)+((Archetypes!$D$11*(IF(AF8<0,1+Assumptions!$B$32*MIN(1,ABS(AF8)/ABS(Assumptions!$B$21)),MAX(0.1,1-Assumptions!$B$31*(AF8/50)))))*AJ8*Archetypes!$D$20*Archetypes!$D$21)*Assumptions!$B$18)*(IF($D8=1,1,Assumptions!$B$7)))+(((((Archetypes!$D$11*(IF(AF8<0,1+Assumptions!$B$32*MIN(1,ABS(AF8)/ABS(Assumptions!$B$21)),MAX(0.1,1-Assumptions!$B$31*(AF8/50)))))-((Archetypes!$D$11*(IF(AF8<0,1+Assumptions!$B$32*MIN(1,ABS(AF8)/ABS(Assumptions!$B$21)),MAX(0.1,1-Assumptions!$B$31*(AF8/50)))))*AJ8)*Archetypes!$D$15)*(Archetypes!$D$13*IF(AF8<0,1-Assumptions!$B$33*MIN(1,ABS(AF8)/ABS(Assumptions!$B$21)),1))*5)+(((Archetypes!$D$11*(IF(AF8<0,1+Assumptions!$B$32*MIN(1,ABS(AF8)/ABS(Assumptions!$B$21)),MAX(0.1,1-Assumptions!$B$31*(AF8/50)))))*AJ8*Archetypes!$D$15*Archetypes!$D$22)*(Archetypes!$D$13*IF(AF8<0,1-Assumptions!$B$33*MIN(1,ABS(AF8)/ABS(Assumptions!$B$21)),1))*5*Assumptions!$B$18))*IF(AF8<0,Assumptions!$B$9,1)))*$E8 -> 8517.5505 | AO8: =(AO7)+(AN8)-(MAX(0,((AO7)+(AN8)-(AP8)))*(IF(Archetypes!$D$27="",Assumptions!$B$11,Archetypes!$D$27))) -> 17599.111 | AP8: =Archetypes!$D$33 -> 201.32917 | AQ8: =MAX(0,(AO8)-(AP8)) -> 17397.782
