Workbook

Sheet ReadMe
A1: Dungeon Builder Option A archetype simulator
A3: How to use
A5: 1) Go to the Assumptions sheet to review global tuning knobs. Cells with yellow fill are intended to be edited.
A6: 2) Go to the Archetypes sheet and edit the yellow cells for each archetype. Three archetypes are prefilled: Safe, Balanced, Lethal.
A7: 3) Use Simulation_48h for hour by hour detail through 48 hours. Use Simulation_7d_6h for the full week at 6 hour steps. Both use Hours online per day from Assumptions.
A8: 4) Review the KPI sheet for 24 hour, 3 day, and 7 day snapshots plus warning flags.
A9: 5) If values behave strangely, adjust one knob at a time. The goal is to make optimization matter while keeping heat and upkeep as real pressure.

Sheet Assumptions
A1: Global assumptions and tuning knobs
A3: ECONOMY
A4: Core mana per level per minute | B4: 1.5 | C4: CoreLevel*2
A5: Floor mana per floor per minute | B5: 1 | C5: ActiveFloors*1
A6: Skill spill rate (online) | B6: 0.15 | C6: Damage*rate
A7: Skill spill retention (offline) | B7: 0.3 | C7: Start value, research can raise
A8: Negative heat mana efficiency | B8: 1.1 | C8: Applies when heat < 0
A9: Negative heat death mana factor | B9: 0.8 | C9: Multiplier on death mana when heat < 0
A10: Hours online per day | B10: 2 | C10: For the schedule in Simulation
A11: Spend percent of usable mana per hour (default) | B11: 0.2 | C11: Used if archetype does not override
A13: ELITES
A14: Base elite party chance | B14: 0.01 | C14: Baseline per party
A15: Elite chance rating slope | B15: 0.0002 | C15: Additional chance per rating point
A16: No low level monsters bonus | B16: 0.05 | C16: Added if NoLowLevelMonsters is Yes
A17: Elite chance cap | B17: 0.8 | C17: Maximum probability
A18: Elite multiplier (death and spill) | B18: 2.5 | C18: Locked value
A20: HEAT
A21: Heat min cap | B21: -15 | C21: Locked, configurable later
A22: Heat gain per normal adventurer death | B22: 1
A23: Heat gain per elite adventurer death | B23: 3
A24: Multi death bonus heat per party | B24: 0.1 | C24: Expected bonus heat per party
A25: Passive heat decay per hour (baseline) | B25: 0.15 | C25: Always applies
A26: Passive heat decay multiplier (research) | B26: 1 | C26: Set above 1 for research
A27: Survival cooling base per full survive run | B27: 0.4 | C27: Before depth and party size scaling
A28: Survival cooling depth slope | B28: 0.15 | C28: Per floor entered
A29: Survival cooling party size penalty slope | B29: 0.1 | C29: Larger party reduces cooling
A30: Loot cooling per 100 loot value extracted | B30: 0.1 | C30: Heat reduced per 100 value
A31: Heat traffic penalty slope | B31: 0.6 | C31: Traffic multiplier = 1 - slope*(heat/50), min 0.10
A32: Negative heat traffic bonus at min heat | B32: 0.4 | C32: Traffic boost when heat = min cap
A33: Negative heat level reduction at min heat | B33: 0.4 | C33: Percent reduction to adventurer level when heat = min cap
A34: Peace efficiency | B34: 1 | C34: Heat 0 to 9
A35: Notice efficiency | B35: 0.95 | C35: Heat 10 to 24
A36: Concern efficiency | B36: 0.85 | C36: Heat 25 to 49
A38: UPKEEP
A39: Upkeep base per monster | B39: 5 | C39: Reserved mana base
A40: Upkeep level slope | B40: 0.2 | C40: Linear part before threshold
A41: Upkeep threshold level | B41: 10 | C41: After this, exponential growth applies
A42: Upkeep exponential rate | B42: 0.1 | C42: Per level above threshold
A43: Tier 1 multiplier | B43: 1 | C43: Evolution tier 1
A44: Tier 2 multiplier | B44: 1.5 | C44: Evolution tier 2
A45: Tier 3 multiplier | B45: 2.5 | C45: Evolution tier 3
A46: Reserved mana safety buffer | B46: 0 | C46: Optional extra reserved mana
A47: LOOT VALUE
A48: Tier base value (tier 1) | B48: 10 | C48: Value for tier index 1
A49: Tier growth factor | B49: 2.2 | C49: Value multiplier per tier index
A50: Rarity multipliers table below
A52: Rarity | B52: Multiplier
A53: Common | B53: 1
A54: Uncommon | B54: 1.4
A55: Rare | B55: 2
A56: Elite | B56: 3
A57: Epic | B57: 4.5
A58: Legendary | B58: 7
A60: Adventurer value slope per level (heat) | B60: 0.05
A61: Survival ratio floor for cooling | B61: 0.6
A62: Cooling multiplier below survival floor | B62: 0.5
A64: RESERVES
A65: Infrastructure reserve per floor | B65: 1200 | C65: Base reserved mana per floor
A66: Infrastructure rating slope | B66: 0.01 | C66: Multiplier per rating point
A67: Room reset reserve per party | B67: 10 | C67: Ops reserve per party
A68: Room reset depth slope | B68: 0.2 | C68: Extra ops reserve per floor depth above 1
A69: Loot crafting base reserve per item | B69: 4 | C69: Reserve per generated loot item (tier 1)
A70: Loot crafting tier factor | B70: 2 | C70: Multiplier per tier index
A71: Ops buffer hours | B71: 3 | C71: Hours of ops capacity reserved
A72: Loot buffer hours | B72: 3 | C72: Hours of loot capacity reserved
A73: Infrastructure core slope | B73: 0.006 | C73: Multiplier per core level above 1

Sheet Archetypes
A1: Archetypes side by side inputs and derived values
A3: Input or output | B3: Safe | C3: Balanced | D3: Lethal
A4: Stage (Early or Mid) | B4: Early | C4: Mid | D4: Mid
A5: Core level | B5: 1 | C5: 5 | D5: 8
A6: Active floors | B6: 1 | C6: 3 | D6: 5
A7: Starting total mana | B7: 0 | C7: 0 | D7: 0
A8: Starting heat | B8: 0 | C8: 5 | D8: 15
A9: Dungeon rating (from 25 floor model) | B9: 60 | C9: 140 | D9: 220
A10: No low level monsters (Yes or No) | B10: No | C10: No | D10: Yes
A11: Base parties per hour | B11: 10 | C11: 6 | D11: 3
A12: Average party size | B12: 2 | C12: 4 | D12: 5
A13: Average adventurer level | B13: 6 | C13: 12 | D13: 18
A14: Average depth reached (highest floor entered) | B14: 2 | C14: 3 | D14: 4
A15: Deaths per party (expected) | B15: 0.1 | C15: 0.5 | D15: 1.5
A16: Full party survival rate | B16: 0.75 | C16: 0.45 | D16: 0.2
A17: Tradeable loot extraction rate | B17: 0.9 | C17: 0.7 | D17: 0.4
A18: Loot tier index | B18: 1 | C18: 2 | D18: 3
A19: Loot rarity | B19: Uncommon | C19: Rare | D19: Elite
A20: Damage per party (normal) | B20: 1200 | C20: 3200 | D20: 6500
A21: Elite party damage multiplier | B21: 2.5 | C21: 2.5 | D21: 2.5
A22: Elite party deaths multiplier | B22: 1.2 | C22: 1.3 | D22: 1.4
A23: Monster count | B23: 12 | C23: 20 | D23: 28
A24: Average monster level | B24: 4 | C24: 10 | D24: 16
A25: Average evolution tier (1 to 3) | B25: 1.2 | C25: 1.6 | D25: 2.1
A26: Other reserved mana (loot, traps, etc.) | B26: 0 | C26: 25 | D26: 60
A27: Spend percent of usable mana per hour | B27: 0.2 | C27: 0.25 | D27: 0.3
A29: Derived outputs
A30: Elite party chance | B30: =MIN(Assumptions!$B$17,Assumptions!$B$14+Assumptions!$B$15*B9+IF(B10="Yes",Assumptions!$B$16,0)) -> 0.022 | C30: =MIN(Assumptions!$B$17,Assumptions!$B$14+Assumptions!$B$15*C9+IF(C10="Yes",Assumptions!$B$16,0)) -> 0.038 | D30: =MIN(Assumptions!$B$17,Assumptions!$B$14+Assumptions!$B$15*D9+IF(D10="Yes",Assumptions!$B$16,0)) -> 0.104
A31: Loot value per extracted run | B31: =Assumptions!$B$48*POWER(Assumptions!$B$49,B18-1)*INDEX(Assumptions!$B$53:$B$58,MATCH(B19,Assumptions!$A$53:$A$58,0)) -> 14 | C31: =Assumptions!$B$48*POWER(Assumptions!$B$49,C18-1)*INDEX(Assumptions!$B$53:$B$58,MATCH(C19,Assumptions!$A$53:$A$58,0)) -> 44 | D31: =Assumptions!$B$48*POWER(Assumptions!$B$49,D18-1)*INDEX(Assumptions!$B$53:$B$58,MATCH(D19,Assumptions!$A$53:$A$58,0)) -> 145.2
A32: Monster upkeep reserved mana | B32: =B23*((Assumptions!$B$39+Assumptions!$B$40*B24)*IF(B24>Assumptions!$B$41,POWER(1+Assumptions!$B$42,B24-Assumptions!$B$41),1))*IF(B25<=2,Assumptions!$B$43+(B25-1)*(Assumptions!$B$44-Assumptions!$B$43),Assumptions!$B$44+(B25-2)*(Assumptions!$B$45-Assumptions!$B$44)) -> 76.56 | C32: =C23*((Assumptions!$B$39+Assumptions!$B$40*C24)*IF(C24>Assumptions!$B$41,POWER(1+Assumptions!$B$42,C24-Assumptions!$B$41),1))*IF(C25<=2,Assumptions!$B$43+(C25-1)*(Assumptions!$B$44-Assumptions!$B$43),Assumptions!$B$44+(C25-2)*(Assumptions!$B$45-Assumptions!$B$44)) -> 182 | D32: =D23*((Assumptions!$B$39+Assumptions!$B$40*D24)*IF(D24>Assumptions!$B$41,POWER(1+Assumptions!$B$42,D24-Assumptions!$B$41),1))*IF(D25<=2,Assumptions!$B$43+(D25-1)*(Assumptions!$B$44-Assumptions!$B$43),Assumptions!$B$44+(D25-2)*(Assumptions!$B$45-Assumptions!$B$44)) -> 650.80065
A33: Total reserved mana | B33: =B36 -> 1996.56 | C33: =C36 -> 9054.36 | D33: =D36 -> 20717.201
A34: Loot items generated per party | B34: 1 | C34: 2 | D34: 3
A35: Infrastructure reserve | B35: =Assumptions!$B$65*B6*(1+Assumptions!$B$66*B9)*(1+Assumptions!$B$73*(B5-1)) -> 1920 | C35: =Assumptions!$B$65*C6*(1+Assumptions!$B$66*C9)*(1+Assumptions!$B$73*(C5-1)) -> 8847.36 | D35: =Assumptions!$B$65*D6*(1+Assumptions!$B$66*D9)*(1+Assumptions!$B$73*(D5-1)) -> 20006.4
A36: Fixed reserved mana (base) | B36: =B32+B26+B35+Assumptions!$B$46 -> 1996.56 | C36: =C32+C26+C35+Assumptions!$B$46 -> 9054.36 | D36: =D32+D26+D35+Assumptions!$B$46 -> 20717.201

Sheet Simulation_48h
A1: Simulation_48h simulation for three archetypes
F2: Safe | S2: Balanced | AF2: Lethal
A3: Step start hour | B3: Day | C3: Hour in day | D3: Online (1 or 0) | E3: Step hours | F3: Heat start | G3: Heat end | H3: Heat change | I3: Parties in step | J3: Elite chance | K3: Elite parties in step | L3: Deaths in step | M3: Full survive runs in step | N3: Mana gain in step | O3: Total mana end | P3: Reserved mana | Q3: Usable mana end | S3: Heat start | T3: Heat end | U3: Heat change | V3: Parties in step | W3: Elite chance | X3: Elite parties in step | Y3: Deaths in step | Z3: Full survive runs in step | AA3: Mana gain in step | AB3: Total mana end | AC3: Reserved mana | AD3: Usable mana end | AF3: Heat start | AG3: Heat end | AH3: Heat change | AI3: Parties in step | AJ3: Elite chance | AK3: Elite parties in step | AL3: Deaths in step | AM3: Full survive runs in step | AN3: Mana gain in step | AO3: Total mana end | AP3: Reserved mana | AQ3: Usable mana end
A4: 0 | B4: =INT(A4/24)+1 -> 1 | C4: =MOD(A4,24) -> 0 | D4: =IF(C4<Assumptions!$B$10,1,0) -> 1 | E4: 1 | F4: =Archetypes!$B$8 -> 0 | G4: =MAX(Assumptions!$B$21,F4+H4) -> -2.0701216 | H4: =((L4*(Assumptions!$B$22+((Assumptions!$B$23-Assumptions!$B$22)*IF(I4>0,K4/I4,0)))*(1+Assumptions!$B$60*(Archetypes!$B$13-1)))+IF(L4>I4,I4*Assumptions!$B$24,0)-IF(IF(I4>0,M4/I4,1)<Assumptions!$B$61,((M4*(Assumptions!$B$27*(1+Assumptions!$B$28*(Archetypes!$B$14-1))/(1+Assumptions!$B$29*(Archetypes!$B$12-1))))+(((I4*Archetypes!$B$17*IF(I4>0,M4/I4,1)*Archetypes!$B$31)/100)*Assumptions!$B$30))*Assumptions!$B$62,((M4*(Assumptions!$B$27*(1+Assumptions!$B$28*(Archetypes!$B$14-1))/(1+Assumptions!$B$29*(Archetypes!$B$12-1))))+(((I4*Archetypes!$B$17*IF(I4>0,M4/I4,1)*Archetypes!$B$31)/100)*Assumptions!$B$30)))-(Assumptions!$B$25*Assumptions!$B$26*E4))*E4 -> -2.0701216 | I4: =(Archetypes!$B$11*(IF(F4<0,1+Assumptions!$B$32*MIN(1,ABS(F4)/ABS(Assumptions!$B$21)),MAX(0.1,1-Assumptions!$B$31*(F4/50)))))*$E4 -> 10 | J4: =Archetypes!$B$30 -> 0.022 | K4: =I4*J4 -> 0.22 | L4: =((I4-K4)*Archetypes!$B$15)+(K4*Archetypes!$B$15*Archetypes!$B$22) -> 1.0044 | M4: =I4*Archetypes!$B$16 -> 7.5 | N4: =(IF(F4<0,Assumptions!$B$8,IF(F4<10,Assumptions!$B$34,IF(F4<25,Assumptions!$B$35,Assumptions!$B$36))))*((((Archetypes!$B$5*Assumptions!$B$4+Archetypes!$B$6*Assumptions!$B$5)*60))+(Assumptions!$B$6*(((Archetypes!$B$11*(IF(F4<0,1+Assumptions!$B$32*MIN(1,ABS(F4)/ABS(Assumptions!$B$21)),MAX(0.1,1-Assumptions!$B$31*(F4/50)))))-((Archetypes!$B$11*(IF(F4<0,1+Assumptions!$B$32*MIN(1,ABS(F4)/ABS(Assumptions!$B$21)),MAX(0.1,1-Assumptions!$B$31*(F4/50)))))*J4)*Archetypes!$B$20)+((Archetypes!$B$11*(IF(F4<0,1+Assumptions!$B$32*MIN(1,ABS(F4)/ABS(Assumptions!$B$21)),MAX(0.1,1-Assumptions!$B$31*(F4/50)))))*J4*Archetypes!$B$20*Archetypes!$B$21)*Assumptions!$B$18)*(IF($D4=1,1,Assumptions!$B$7)))+(((((Archetypes!$B$11*(IF(F4<0,1+Assumptions!$B$32*MIN(1,ABS(F4)/ABS(Assumptions!$B$21)),MAX(0.1,1-Assumptions!$B$31*(F4/50)))))-((Archetypes!$B$11*(IF(F4<0,1+Assumptions!$B$32*MIN(1,ABS(F4)/ABS(Assumptions!$B$21)),MAX(0.1,1-Assumptions!$B$31*(F4/50)))))*J4)*Archetypes!$B$15)*(Archetypes!$B$13*IF(F4<0,1-Assumptions!$B$33*MIN(1,ABS(F4)/ABS(Assumptions!$B$21)),1))*5)+(((Archetypes!$B$11*(IF(F4<0,1+Assumptions!$B$32*MIN(1,ABS(F4)/ABS(Assumptions!$B$21)),MAX(0.1,1-Assumptions!$B$31*(F4/50)))))*J4*Archetypes!$B$15*Archetypes!$B$22)*(Archetypes!$B$13*IF(F4<0,1-Assumptions!$B$33*MIN(1,ABS(F4)/ABS(Assumptions!$B$21)),1))*5*Assumptions!$B$18))*IF(F4<0,Assumptions!$B$9,1)))*$E4 -> 660.72 | O4: =(Archetypes!$B$7)+(N4)-(MAX(0,((Archetypes!$B$7)+(N4)-(P4)))*(IF(Archetypes!$B$27="",Assumptions!$B$11,Archetypes!$B$27))) -> 660.72 | P4: =Archetypes!$B$36 + (Assumptions!$B$67*(IF($E4=0,0,I4/$E4))*Assumptions!$B$71*(1+Assumptions!$B$68*(Archetypes!$B$14-1))) + (Assumptions!$B$69*Archetypes!$B$34*(IF($E4=0,0,I4/$E4))*Assumptions!$B$72*POWER(Assumptions!$B$70,Archetypes!$B$18-1)) -> 2476.56 | Q4: =MAX(0,(O4)-(P4)) -> 0 | S4: =Archetypes!$C$8 -> 5 | T4: =MAX(Assumptions!$B$21,S4+U4) -> 9.0601272 | U4: =((Y4*(Assumptions!$B$22+((Assumptions!$B$23-Assumptions!$B$22)*IF(V4>0,X4/V4,0)))*(1+Assumptions!$B$60*(Archetypes!$C$13-1)))+IF(Y4>V4,V4*Assumptions!$B$24,0)-IF(IF(V4>0,Z4/V4,1)<Assumptions!$B$61,((Z4*(Assumptions!$B$27*(1+Assumptions!$B$28*(Archetypes!$C$14-1))/(1+Assumptions!$B$29*(Archetypes!$C$12-1))))+(((V4*Archetypes!$C$17*IF(V4>0,Z4/V4,1)*Archetypes!$C$31)/100)*Assumptions!$B$30))*Assumptions!$B$62,((Z4*(Assumptions!$B$27*(1+Assumptions!$B$28*(Archetypes!$C$14-1))/(1+Assumptions!$B$29*(Archetypes!$C$12-1))))+(((V4*Archetypes!$C$17*IF(V4>0,Z4/V4,1)*Archetypes!$C$31)/100)*Assumptions!$B$30)))-(Assumptions!$B$25*Assumptions!$B$26*E4))*E4 -> 4.0601272 | V4: =(Archetypes!$C$11*(IF(S4<0,1+Assumptions!$B$32*MIN(1,ABS(S4)/ABS(Assumptions!$B$21)),MAX(0.1,1-Assumptions!$B$31*(S4/50)))))*$E4 -> 5.64 | W4: =Archetypes!$C$30 -> 0.038 | X4: =V4*W4 -> 0.21432 | Y4: =((V4-X4)*Archetypes!$C$15)+(X4*Archetypes!$C$15*Archetypes!$C$22) -> 2.852148 | Z4: =V4*Archetypes!$C$16 -> 2.538 | AA4: =(IF(S4<0,Assumptions!$B$8,IF(S4<10,Assumptions!$B$34,IF(S4<25,Assumptions!$B$35,Assumptions!$B$36))))*((((Archetypes!$C$5*Assumptions!$B$4+Archetypes!$C$6*Assumptions!$B$5)*60))+(Assumptions!$B$6*(((Archetypes!$C$11*(IF(S4<0,1+Assumptions!$B$32*MIN(1,ABS(S4)/ABS(Assumptions!$B$21)),MAX(0.1,1-Assumptions!$B$31*(S4/50)))))-((Archetypes!$C$11*(IF(S4<0,1+Assumptions!$B$32*MIN(1,ABS(S4)/ABS(Assumptions!$B$21)),MAX(0.1,1-Assumptions!$B$31*(S4/50)))))*W4)*Archetypes!$C$20)+((Archetypes!$C$11*(IF(S4<0,1+Assumptions!$B$32*MIN(1,ABS(S4)/ABS(Assumptions!$B$21)),MAX(0.1,1-Assumptions!$B$31*(S4/50)))))*W4*Archetypes!$C$20*Archetypes!$C$21)*Assumptions!$B$18)*(IF($D4=1,1,Assumptions!$B$7)))+(((((Archetypes!$C$11*(IF(S4<0,1+Assumptions!$B$32*MIN(1,ABS(S4)/ABS(Assumptions!$B$21)),MAX(0.1,1-Assumptions!$B$31*(S4/50)))))-((Archetypes!$C$11*(IF(S4<0,1+Assumptions!$B$32*MIN(1,ABS(S4)/ABS(Assumptions!$B$21)),MAX(0.1,1-Assumptions!$B$31*(S4/50)))))*W4)*Archetypes!$C$15)*(Archetypes!$C$13*IF(S4<0,1-Assumptions!$B$33*MIN(1,ABS(S4)/ABS(Assumptions!$B$21)),1))*5)+(((Archetypes!$C$11*(IF(S4<0,1+Assumptions!$B$32*MIN(1,ABS(S4)/ABS(Assumptions!$B$21)),MAX(0.1,1-Assumptions!$B$31*(S4/50)))))*W4*Archetypes!$C$15*Archetypes!$C$22)*(Archetypes!$C$13*IF(S4<0,1-Assumptions!$B$33*MIN(1,ABS(S4)/ABS(Assumptions!$B$21)),1))*5*Assumptions!$B$18))*IF(S4<0,Assumptions!$B$9,1)))*$E4 -> 1523.799 | AB4: =(Archetypes!$C$7)+(AA4)-(MAX(0,((Archetypes!$C$7)+(AA4)-(AC4)))*(IF(Archetypes!$C$27="",Assumptions!$B$11,Archetypes!$C$27))) -> 1523.799 | AC4: =Archetypes!$C$36 + (Assumptions!$B$67*(IF($E4=0,0,V4/$E4))*Assumptions!$B$71*(1+Assumptions!$B$68*(Archetypes!$C$14-1))) + (Assumptions!$B$69*Archetypes!$C$34*(IF($E4=0,0,V4/$E4))*Assumptions!$B$72*POWER(Assumptions!$B$70,Archetypes!$C$18-1)) -> 9561.96 | AD4: =MAX(0,(AB4)-(AC4)) -> 0 | AF4: =Archetypes!$D$8 -> 15 | AG4: =MAX(Assumptions!$B$21,AF4+AH4) -> 23.569261 | AH4: =((AL4*(Assumptions!$B$22+((Assumptions!$B$23-Assumptions!$B$22)*IF(AI4>0,AK4/AI4,0)))*(1+Assumptions!$B$60*(Archetypes!$D$13-1)))+IF(AL4>AI4,AI4*Assumptions!$B$24,0)-IF(IF(AI4>0,AM4/AI4,1)<Assumptions!$B$61,((AM4*(Assumptions!$B$27*(1+Assumptions!$B$28*(Archetypes!$D$14-1))/(1+Assumptions!$B$29*(Archetypes!$D$12-1))))+(((AI4*Archetypes!$D$17*IF(AI4>0,AM4/AI4,1)*Archetypes!$D$31)/100)*Assumptions!$B$30))*Assumptions!$B$62,((AM4*(Assumptions!$B$27*(1+Assumptions!$B$28*(Archetypes!$D$14-1))/(1+Assumptions!$B$29*(Archetypes!$D$12-1))))+(((AI4*Archetypes!$D$17*IF(AI4>0,AM4/AI4,1)*Archetypes!$D$31)/100)*Assumptions!$B$30)))-(Assumptions!$B$25*Assumptions!$B$26*E4))*E4 -> 8.5692608 | AI4: =(Archetypes!$D$11*(IF(AF4<0,1+Assumptions!$B$32*MIN(1,ABS(AF4)/ABS(Assumptions!$B$21)),MAX(0.1,1-Assumptions!$B$31*(AF4/50)))))*$E4 -> 2.46 | AJ4: =Archetypes!$D$30 -> 0.104 | AK4: =AI4*AJ4 -> 0.25584 | AL4: =((AI4-AK4)*Archetypes!$D$15)+(AK4*Archetypes!$D$15*Archetypes!$D$22) -> 3.843504 | AM4: =AI4*Archetypes!$D$16 -> 0.492 | AN4: =(IF(AF4<0,Assumptions!$B$8,IF(AF4<10,Assumptions!$B$34,IF(AF4<25,Assumptions!$B$35,Assumptions!$B$36))))*((((Archetypes!$D$5*Assumptions!$B$4+Archetypes!$D$6*Assumptions!$B$5)*60))+(Assumptions!$B$6*(((Archetypes!$D$11*(IF(AF4<0,1+Assumptions!$B$32*MIN(1,ABS(AF4)/ABS(Assumptions!$B$21)),MAX(0.1,1-Assumptions!$B$31*(AF4/50)))))-((Archetypes!$D$11*(IF(AF4<0,1+Assumptions!$B$32*MIN(1,ABS(AF4)/ABS(Assumptions!$B$21)),MAX(0.1,1-Assumptions!$B$31*(AF4/50)))))*AJ4)*Archetypes!$D$20)+((Archetypes!$D$11*(IF(AF4<0,1+Assumptions!$B$32*MIN(1,ABS(AF4)/ABS(Assumptions!$B$21)),MAX(0.1,1-Assumptions!$B$31*(AF4/50)))))*AJ4*Archetypes!$D$20*Archetypes!$D$21)*Assumptions!$B$18)*(IF($D4=1,1,Assumptions!$B$7)))+(((((Archetypes!$D$11*(IF(AF4<0,1+Assumptions!$B$32*MIN(1,ABS(AF4)/ABS(Assumptions!$B$21)),MAX(0.1,1-Assumptions!$B$31*(AF4/50)))))-((Archetypes!$D$11*(IF(AF4<0,1+Assumptions!$B$32*MIN(1,ABS(AF4)/ABS(Assumptions!$B$21)),MAX(0.1,1-Assumptions!$B$31*(AF4/50)))))*AJ4)*Archetypes!$D$15)*(Archetypes!$D$13*IF(AF4<0,1-Assumptions!$B$33*MIN(1,ABS(AF4)/ABS(Assumptions!$B$21)),1))*5)+(((Archetypes!$D$11*(IF(AF4<0,1+Assumptions!$B$32*MIN(1,ABS(AF4)/ABS(Assumptions!$B$21)),MAX(0.1,1-Assumptions!$B$31*(AF4/50)))))*AJ4*Archetypes!$D$15*Archetypes!$D$22)*(Archetypes!$D$13*IF(AF4<0,1-Assumptions!$B$33*MIN(1,ABS(AF4)/ABS(Assumptions!$B$21)),1))*5*Assumptions!$B$18))*IF(AF4<0,Assumptions!$B$9,1)))*$E4 -> 2505.8112 | AO4: =(Archetypes!$D$7)+(AN4)-(MAX(0,((Archetypes!$D$7)+(AN4)-(AP4)))*(IF(Archetypes!$D$27="",Assumptions!$B$11,Archetypes!$D$27))) -> 2505.8112 | AP4: =Archetypes!$D$36 + (Assumptions!$B$67*(IF($E4=0,0,AI4/$E4))*Assumptions!$B$71*(1+Assumptions!$B$68*(Archetypes!$D$14-1))) + (Assumptions!$B$69*Archetypes!$D$34*(IF($E4=0,0,AI4/$E4))*Assumptions!$B$72*POWER(Assumptions!$B$70,Archetypes!$D$18-1)) -> 21189.521 | AQ4: =MAX(0,(AO4)-(AP4)) -> 0
A5: 1 | B5: =INT(A5/24)+1 -> 1 | C5: =MOD(A5,24) -> 1 | D5: =IF(C5<Assumptions!$B$10,1,0) -> 1 | E5: 1 | F5: =G4 -> -2.0701216 | G5: =MAX(Assumptions!$B$21,F5+H5) -> -4.2462402 | H5: =((L5*(Assumptions!$B$22+((Assumptions!$B$23-Assumptions!$B$22)*IF(I5>0,K5/I5,0)))*(1+Assumptions!$B$60*(Archetypes!$B$13-1)))+IF(L5>I5,I5*Assumptions!$B$24,0)-IF(IF(I5>0,M5/I5,1)<Assumptions!$B$61,((M5*(Assumptions!$B$27*(1+Assumptions!$B$28*(Archetypes!$B$14-1))/(1+Assumptions!$B$29*(Archetypes!$B$12-1))))+(((I5*Archetypes!$B$17*IF(I5>0,M5/I5,1)*Archetypes!$B$31)/100)*Assumptions!$B$30))*Assumptions!$B$62,((M5*(Assumptions!$B$27*(1+Assumptions!$B$28*(Archetypes!$B$14-1))/(1+Assumptions!$B$29*(Archetypes!$B$12-1))))+(((I5*Archetypes!$B$17*IF(I5>0,M5/I5,1)*Archetypes!$B$31)/100)*Assumptions!$B$30)))-(Assumptions!$B$25*Assumptions!$B$26*E5))*E5 -> -2.1761186 | I5: =(Archetypes!$B$11*(IF(F5<0,1+Assumptions!$B$32*MIN(1,ABS(F5)/ABS(Assumptions!$B$21)),MAX(0.1,1-Assumptions!$B$31*(F5/50)))))*$E5 -> 10.552032 | J5: =Archetypes!$B$30 -> 0.022 | K5: =I5*J5 -> 0.23214471 | L5: =((I5-K5)*Archetypes!$B$15)+(K5*Archetypes!$B$15*Archetypes!$B$22) -> 1.0598461 | M5: =I5*Archetypes!$B$16 -> 7.9140243 | N5: =(IF(F5<0,Assumptions!$B$8,IF(F5<10,Assumptions!$B$34,IF(F5<25,Assumptions!$B$35,Assumptions!$B$36))))*((((Archetypes!$B$5*Assumptions!$B$4+Archetypes!$B$6*Assumptions!$B$5)*60))+(Assumptions!$B$6*(((Archetypes!$B$11*(IF(F5<0,1+Assumptions!$B$32*MIN(1,ABS(F5)/ABS(Assumptions!$B$21)),MAX(0.1,1-Assumptions!$B$31*(F5/50)))))-((Archetypes!$B$11*(IF(F5<0,1+Assumptions!$B$32*MIN(1,ABS(F5)/ABS(Assumptions!$B$21)),MAX(0.1,1-Assumptions!$B$31*(F5/50)))))*J5)*Archetypes!$B$20)+((Archetypes!$B$11*(IF(F5<0,1+Assumptions!$B$32*MIN(1,ABS(F5)/ABS(Assumptions!$B$21)),MAX(0.1,1-Assumptions!$B$31*(F5/50)))))*J5*Archetypes!$B$20*Archetypes!$B$21)*Assumptions!$B$18)*(IF($D5=1,1,Assumptions!$B$7)))+(((((Archetypes!$B$11*(IF(F5<0,1+Assumptions!$B$32*MIN(1,ABS(F5)/ABS(Assumptions!$B$21)),MAX(0.1,1-Assumptions!$B$31*(F5/50)))))-((Archetypes!$B$11*(IF(F5<0,1+Assumptions!$B$32*MIN(1,ABS(F5)/ABS(Assumptions!$B$21)),MAX(0.1,1-Assumptions!$B$31*(F5/50)))))*J5)*Archetypes!$B$15)*(Archetypes!$B$13*IF(F5<0,1-Assumptions!$B$33*MIN(1,ABS(F5)/ABS(Assumptions!$B$21)),1))*5)+(((Archetypes!$B$11*(IF(F5<0,1+Assumptions!$B$32*MIN(1,ABS(F5)/ABS(Assumptions!$B$21)),MAX(0.1,1-Assumptions!$B$31*(F5/50)))))*J5*Archetypes!$B$15*Archetypes!$B$22)*(Archetypes!$B$13*IF(F5<0,1-Assumptions!$B$33*MIN(1,ABS(F5)/ABS(Assumptions!$B$21)),1))*5*Assumptions!$B$18))*IF(F5<0,Assumptions!$B$9,1)))*$E5 -> 672.40906 | O5: =(O4)+(N5)-(MAX(0,((O4)+(N5)-(P5)))*(IF(Archetypes!$B$27="",Assumptions!$B$11,Archetypes!$B$27))) -> 1333.1291 | P5: =Archetypes!$B$36 + (Assumptions!$B$67*(IF($E5=0,0,I5/$E5))*Assumptions!$B$71*(1+Assumptions!$B$68*(Archetypes!$B$14-1))) + (Assumptions!$B$69*Archetypes!$B$34*(IF($E5=0,0,I5/$E5))*Assumptions!$B$72*POWER(Assumptions!$B$70,Archetypes!$B$18-1)) -> 2503.0576 | Q5: =MAX(0,(O5)-(P5)) -> 0 | S5: =T4 -> 9.0601272 | T5: =MAX(Assumptions!$B$21,S5+U5) -> 12.902038 | U5: =((Y5*(Assumptions!$B$22+((Assumptions!$B$23-Assumptions!$B$22)*IF(V5>0,X5/V5,0)))*(1+Assumptions!$B$60*(Archetypes!$C$13-1)))+IF(Y5>V5,V5*Assumptions!$B$24,0)-IF(IF(V5>0,Z5/V5,1)<Assumptions!$B$61,((Z5*(Assumptions!$B$27*(1+Assumptions!$B$28*(Archetypes!$C$14-1))/(1+Assumptions!$B$29*(Archetypes!$C$12-1))))+(((V5*Archetypes!$C$17*IF(V5>0,Z5/V5,1)*Archetypes!$C$31)/100)*Assumptions!$B$30))*Assumptions!$B$62,((Z5*(Assumptions!$B$27*(1+Assumptions!$B$28*(Archetypes!$C$14-1))/(1+Assumptions!$B$29*(Archetypes!$C$12-1))))+(((V5*Archetypes!$C$17*IF(V5>0,Z5/V5,1)*Archetypes!$C$31)/100)*Assumptions!$B$30)))-(Assumptions!$B$25*Assumptions!$B$26*E5))*E5 -> 3.8419104 | V5: =(Archetypes!$C$11*(IF(S5<0,1+Assumptions!$B$32*MIN(1,ABS(S5)/ABS(Assumptions!$B$21)),MAX(0.1,1-Assumptions!$B$31*(S5/50)))))*$E5 -> 5.3476708 | W5: =Archetypes!$C$30 -> 0.038 | X5: =V5*W5 -> 0.20321149 | Y5: =((V5-X5)*Archetypes!$C$15)+(X5*Archetypes!$C$15*Archetypes!$C$22) -> 2.7043171 | Z5: =V5*Archetypes!$C$16 -> 2.4064519 | AA5: =(IF(S5<0,Assumptions!$B$8,IF(S5<10,Assumptions!$B$34,IF(S5<25,Assumptions!$B$35,Assumptions!$B$36))))*((((Archetypes!$C$5*Assumptions!$B$4+Archetypes!$C$6*Assumptions!$B$5)*60))+(Assumptions!$B$6*(((Archetypes!$C$11*(IF(S5<0,1+Assumptions!$B$32*MIN(1,ABS(S5)/ABS(Assumptions!$B$21)),MAX(0.1,1-Assumptions!$B$31*(S5/50)))))-((Archetypes!$C$11*(IF(S5<0,1+Assumptions!$B$32*MIN(1,ABS(S5)/ABS(Assumptions!$B$21)),MAX(0.1,1-Assumptions!$B$31*(S5/50)))))*W5)*Archetypes!$C$20)+((Archetypes!$C$11*(IF(S5<0,1+Assumptions!$B$32*MIN(1,ABS(S5)/ABS(Assumptions!$B$21)),MAX(0.1,1-Assumptions!$B$31*(S5/50)))))*W5*Archetypes!$C$20*Archetypes!$C$21)*Assumptions!$B$18)*(IF($D5=1,1,Assumptions!$B$7)))+(((((Archetypes!$C$11*(IF(S5<0,1+Assumptions!$B$32*MIN(1,ABS(S5)/ABS(Assumptions!$B$21)),MAX(0.1,1-Assumptions!$B$31*(S5/50)))))-((Archetypes!$C$11*(IF(S5<0,1+Assumptions!$B$32*MIN(1,ABS(S5)/ABS(Assumptions!$B$21)),MAX(0.1,1-Assumptions!$B$31*(S5/50)))))*W5)*Archetypes!$C$15)*(Archetypes!$C$13*IF(S5<0,1-Assumptions!$B$33*MIN(1,ABS(S5)/ABS(Assumptions!$B$21)),1))*5)+(((Archetypes!$C$11*(IF(S5<0,1+Assumptions!$B$32*MIN(1,ABS(S5)/ABS(Assumptions!$B$21)),MAX(0.1,1-Assumptions!$B$31*(S5/50)))))*W5*Archetypes!$C$15*Archetypes!$C$22)*(Archetypes!$C$13*IF(S5<0,1-Assumptions!$B$33*MIN(1,ABS(S5)/ABS(Assumptions!$B$21)),1))*5*Assumptions!$B$18))*IF(S5<0,Assumptions!$B$9,1)))*$E5 -> 1477.4721 | AB5: =(AB4)+(AA5)-(MAX(0,((AB4)+(AA5)-(AC5)))*(IF(Archetypes!$C$27="",Assumptions!$B$11,Archetypes!$C$27))) -> 3001.2711 | AC5: =Archetypes!$C$36 + (Assumptions!$B$67*(IF($E5=0,0,V5/$E5))*Assumptions!$B$71*(1+Assumptions!$B$68*(Archetypes!$C$14-1))) + (Assumptions!$B$69*Archetypes!$C$34*(IF($E5=0,0,V5/$E5))*Assumptions!$B$72*POWER(Assumptions!$B$70,Archetypes!$C$18-1)) -> 9535.6504 | AD5: =MAX(0,(AB5)-(AC5)) -> 0 | AF5: =AG4 -> 23.569261 | AG5: =MAX(Assumptions!$B$21,AF5+AH5) -> 31.045093 | AH5: =((AL5*(Assumptions!$B$22+((Assumptions!$B$23-Assumptions!$B$22)*IF(AI5>0,AK5/AI5,0)))*(1+Assumptions!$B$60*(Archetypes!$D$13-1)))+IF(AL5>AI5,AI5*Assumptions!$B$24,0)-IF(IF(AI5>0,AM5/AI5,1)<Assumptions!$B$61,((AM5*(Assumptions!$B$27*(1+Assumptions!$B$28*(Archetypes!$D$14-1))/(1+Assumptions!$B$29*(Archetypes!$D$12-1))))+(((AI5*Archetypes!$D$17*IF(AI5>0,AM5/AI5,1)*Archetypes!$D$31)/100)*Assumptions!$B$30))*Assumptions!$B$62,((AM5*(Assumptions!$B$27*(1+Assumptions!$B$28*(Archetypes!$D$14-1))/(1+Assumptions!$B$29*(Archetypes!$D$12-1))))+(((AI5*Archetypes!$D$17*IF(AI5>0,AM5/AI5,1)*Archetypes!$D$31)/100)*Assumptions!$B$30)))-(Assumptions!$B$25*Assumptions!$B$26*E5))*E5 -> 7.4758322 | AI5: =(Archetypes!$D$11*(IF(AF5<0,1+Assumptions!$B$32*MIN(1,ABS(AF5)/ABS(Assumptions!$B$21)),MAX(0.1,1-Assumptions!$B$31*(AF5/50)))))*$E5 -> 2.1515066 | AJ5: =Archetypes!$D$30 -> 0.104 | AK5: =AI5*AJ5 -> 0.22375669 | AL5: =((AI5-AK5)*Archetypes!$D$15)+(AK5*Archetypes!$D$15*Archetypes!$D$22) -> 3.3615139 | AM5: =AI5*Archetypes!$D$16 -> 0.43030132 | AN5: =(IF(AF5<0,Assumptions!$B$8,IF(AF5<10,Assumptions!$B$34,IF(AF5<25,Assumptions!$B$35,Assumptions!$B$36))))*((((Archetypes!$D$5*Assumptions!$B$4+Archetypes!$D$6*Assumptions!$B$5)*60))+(Assumptions!$B$6*(((Archetypes!$D$11*(IF(AF5<0,1+Assumptions!$B$32*MIN(1,ABS(AF5)/ABS(Assumptions!$B$21)),MAX(0.1,1-Assumptions!$B$31*(AF5/50)))))-((Archetypes!$D$11*(IF(AF5<0,1+Assumptions!$B$32*MIN(1,ABS(AF5)/ABS(Assumptions!$B$21)),MAX(0.1,1-Assumptions!$B$31*(AF5/50)))))*AJ5)*Archetypes!$D$20)+((Archetypes!$D$11*(IF(AF5<0,1+Assumptions!$B$32*MIN(1,ABS(AF5)/ABS(Assumptions!$B$21)),MAX(0.1,1-Assumptions!$B$31*(AF5/50)))))*AJ5*Archetypes!$D$20*Archetypes!$D$21)*Assumptions!$B$18)*(IF($D5=1,1,Assumptions!$B$7)))+(((((Archetypes!$D$11*(IF(AF5<0,1+Assumptions!$B$32*MIN(1,ABS(AF5)/ABS(Assumptions!$B$21)),MAX(0.1,1-Assumptions!$B$31*(AF5/50)))))-((Archetypes!$D$11*(IF(AF5<0,1+Assumptions!$B$32*MIN(1,ABS(AF5)/ABS(Assumptions!$B$21)),MAX(0.1,1-Assumptions!$B$31*(AF5/50)))))*AJ5)*Archetypes!$D$15)*(Archetypes!$D$13*IF(AF5<0,1-Assumptions!$B$33*MIN(1,ABS(AF5)/ABS(Assumptions!$B$21)),1))*5)+(((Archetypes!$D$11*(IF(AF5<0,1+Assumptions!$B$32*MIN(1,ABS(AF5)/ABS(Assumptions!$B$21)),MAX(0.1,1-Assumptions!$B$31*(AF5/50)))))*AJ5*Archetypes!$D$15*Archetypes!$D$22)*(Archetypes!$D$13*IF(AF5<0,1-Assumptions!$B$33*MIN(1,ABS(AF5)/ABS(Assumptions!$B$21)),1))*5*Assumptions!$B$18))*IF(AF5<0,Assumptions!$B$9,1)))*$E5 -> 2313.0892 | AO5: =(AO4)+(AN5)-(MAX(0,((AO4)+(AN5)-(AP5)))*(IF(Archetypes!$D$27="",Assumptions!$B$11,Archetypes!$D$27))) -> 4818.9004 | AP5: =Archetypes!$D$36 + (Assumptions!$B$67*(IF($E5=0,0,AI5/$E5))*Assumptions!$B$71*(1+Assumptions!$B$68*(Archetypes!$D$14-1))) + (Assumptions!$B$69*Archetypes!$D$34*(IF($E5=0,0,AI5/$E5))*Assumptions!$B$72*POWER(Assumptions!$B$70,Archetypes!$D$18-1)) -> 21130.29 | AQ5: =MAX(0,(AO5)-(AP5)) -> 0
A6: 2 | B6: =INT(A6/24)+1 -> 1 | C6: =MOD(A6,24) -> 2 | D6: =IF(C6<Assumptions!$B$10,1,0) -> 0 | E6: 1 | F6: =G5 -> -4.2462402 | G6: =MAX(Assumptions!$B$21,F6+H6) -> -6.5337831 | H6: =((L6*(Assumptions!$B$22+((Assumptions!$B$23-Assumptions!$B$22)*IF(I6>0,K6/I6,0)))*(1+Assumptions!$B$60*(Archetypes!$B$13-1)))+IF(L6>I6,I6*Assumptions!$B$24,0)-IF(IF(I6>0,M6/I6,1)<Assumptions!$B$61,((M6*(Assumptions!$B$27*(1+Assumptions!$B$28*(Archetypes!$B$14-1))/(1+Assumptions!$B$29*(Archetypes!$B$12-1))))+(((I6*Archetypes!$B$17*IF(I6>0,M6/I6,1)*Archetypes!$B$31)/100)*Assumptions!$B$30))*Assumptions!$B$62,((M6*(Assumptions!$B$27*(1+Assumptions!$B$28*(Archetypes!$B$14-1))/(1+Assumptions!$B$29*(Archetypes!$B$12-1))))+(((I6*Archetypes!$B$17*IF(I6>0,M6/I6,1)*Archetypes!$B$31)/100)*Assumptions!$B$30)))-(Assumptions!$B$25*Assumptions!$B$26*E6))*E6 -> -2.2875429 | I6: =(Archetypes!$B$11*(IF(F6<0,1+Assumptions!$B$32*MIN(1,ABS(F6)/ABS(Assumptions!$B$21)),MAX(0.1,1-Assumptions!$B$31*(F6/50)))))*$E6 -> 11.132331 | J6: =Archetypes!$B$30 -> 0.022 | K6: =I6*J6 -> 0.24491128 | L6: =((I6-K6)*Archetypes!$B$15)+(K6*Archetypes!$B$15*Archetypes!$B$22) -> 1.1181313 | M6: =I6*Archetypes!$B$16 -> 8.349248 | N6: =(IF(F6<0,Assumptions!$B$8,IF(F6<10,Assumptions!$B$34,IF(F6<25,Assumptions!$B$35,Assumptions!$B$36))))*((((Archetypes!$B$5*Assumptions!$B$4+Archetypes!$B$6*Assumptions!$B$5)*60))+(Assumptions!$B$6*(((Archetypes!$B$11*(IF(F6<0,1+Assumptions!$B$32*MIN(1,ABS(F6)/ABS(Assumptions!$B$21)),MAX(0.1,1-Assumptions!$B$31*(F6/50)))))-((Archetypes!$B$11*(IF(F6<0,1+Assumptions!$B$32*MIN(1,ABS(F6)/ABS(Assumptions!$B$21)),MAX(0.1,1-Assumptions!$B$31*(F6/50)))))*J6)*Archetypes!$B$20)+((Archetypes!$B$11*(IF(F6<0,1+Assumptions!$B$32*MIN(1,ABS(F6)/ABS(Assumptions!$B$21)),MAX(0.1,1-Assumptions!$B$31*(F6/50)))))*J6*Archetypes!$B$20*Archetypes!$B$21)*Assumptions!$B$18)*(IF($D6=1,1,Assumptions!$B$7)))+(((((Archetypes!$B$11*(IF(F6<0,1+Assumptions!$B$32*MIN(1,ABS(F6)/ABS(Assumptions!$B$21)),MAX(0.1,1-Assumptions!$B$31*(F6/50)))))-((Archetypes!$B$11*(IF(F6<0,1+Assumptions!$B$32*MIN(1,ABS(F6)/ABS(Assumptions!$B$21)),MAX(0.1,1-Assumptions!$B$31*(F6/50)))))*J6)*Archetypes!$B$15)*(Archetypes!$B$13*IF(F6<0,1-Assumptions!$B$33*MIN(1,ABS(F6)/ABS(Assumptions!$B$21)),1))*5)+(((Archetypes!$B$11*(IF(F6<0,1+Assumptions!$B$32*MIN(1,ABS(F6)/ABS(Assumptions!$B$21)),MAX(0.1,1-Assumptions!$B$31*(F6/50)))))*J6*Archetypes!$B$15*Archetypes!$B$22)*(Archetypes!$B$13*IF(F6<0,1-Assumptions!$B$33*MIN(1,ABS(F6)/ABS(Assumptions!$B$21)),1))*5*Assumptions!$B$18))*IF(F6<0,Assumptions!$B$9,1)))*$E6 -> 503.6884 | O6: =(O5)+(N6)-(MAX(0,((O5)+(N6)-(P6)))*(IF(Archetypes!$B$27="",Assumptions!$B$11,Archetypes!$B$27))) -> 1836.8175 | P6: =Archetypes!$B$36 + (Assumptions!$B$67*(IF($E6=0,0,I6/$E6))*Assumptions!$B$71*(1+Assumptions!$B$68*(Archetypes!$B$14-1))) + (Assumptions!$B$69*Archetypes!$B$34*(IF($E6=0,0,I6/$E6))*Assumptions!$B$72*POWER(Assumptions!$B$70,Archetypes!$B$18-1)) -> 2530.9119 | Q6: =MAX(0,(O6)-(P6)) -> 0 | S6: =T5 -> 12.902038 | T6: =MAX(Assumptions!$B$21,S6+U6) -> 16.53746 | U6: =((Y6*(Assumptions!$B$22+((Assumptions!$B$23-Assumptions!$B$22)*IF(V6>0,X6/V6,0)))*(1+Assumptions!$B$60*(Archetypes!$C$13-1)))+IF(Y6>V6,V6*Assumptions!$B$24,0)-IF(IF(V6>0,Z6/V6,1)<Assumptions!$B$61,((Z6*(Assumptions!$B$27*(1+Assumptions!$B$28*(Archetypes!$C$14-1))/(1+Assumptions!$B$29*(Archetypes!$C$12-1))))+(((V6*Archetypes!$C$17*IF(V6>0,Z6/V6,1)*Archetypes!$C$31)/100)*Assumptions!$B$30))*Assumptions!$B$62,((Z6*(Assumptions!$B$27*(1+Assumptions!$B$28*(Archetypes!$C$14-1))/(1+Assumptions!$B$29*(Archetypes!$C$12-1))))+(((V6*Archetypes!$C$17*IF(V6>0,Z6/V6,1)*Archetypes!$C$31)/100)*Assumptions!$B$30)))-(Assumptions!$B$25*Assumptions!$B$26*E6))*E6 -> 3.6354219 | V6: =(Archetypes!$C$11*(IF(S6<0,1+Assumptions!$B$32*MIN(1,ABS(S6)/ABS(Assumptions!$B$21)),MAX(0.1,1-Assumptions!$B$31*(S6/50)))))*$E6 -> 5.0710533 | W6: =Archetypes!$C$30 -> 0.038 | X6: =V6*W6 -> 0.19270003 | Y6: =((V6-X6)*Archetypes!$C$15)+(X6*Archetypes!$C$15*Archetypes!$C$22) -> 2.5644316 | Z6: =V6*Archetypes!$C$16 -> 2.281974 | AA6: =(IF(S6<0,Assumptions!$B$8,IF(S6<10,Assumptions!$B$34,IF(S6<25,Assumptions!$B$35,Assumptions!$B$36))))*((((Archetypes!$C$5*Assumptions!$B$4+Archetypes!$C$6*Assumptions!$B$5)*60))+(Assumptions!$B$6*(((Archetypes!$C$11*(IF(S6<0,1+Assumptions!$B$32*MIN(1,ABS(S6)/ABS(Assumptions!$B$21)),MAX(0.1,1-Assumptions!$B$31*(S6/50)))))-((Archetypes!$C$11*(IF(S6<0,1+Assumptions!$B$32*MIN(1,ABS(S6)/ABS(Assumptions!$B$21)),MAX(0.1,1-Assumptions!$B$31*(S6/50)))))*W6)*Archetypes!$C$20)+((Archetypes!$C$11*(IF(S6<0,1+Assumptions!$B$32*MIN(1,ABS(S6)/ABS(Assumptions!$B$21)),MAX(0.1,1-Assumptions!$B$31*(S6/50)))))*W6*Archetypes!$C$20*Archetypes!$C$21)*Assumptions!$B$18)*(IF($D6=1,1,Assumptions!$B$7)))+(((((Archetypes!$C$11*(IF(S6<0,1+Assumptions!$B$32*MIN(1,ABS(S6)/ABS(Assumptions!$B$21)),MAX(0.1,1-Assumptions!$B$31*(S6/50)))))-((Archetypes!$C$11*(IF(S6<0,1+Assumptions!$B$32*MIN(1,ABS(S6)/ABS(Assumptions!$B$21)),MAX(0.1,1-Assumptions!$B$31*(S6/50)))))*W6)*Archetypes!$C$15)*(Archetypes!$C$13*IF(S6<0,1-Assumptions!$B$33*MIN(1,ABS(S6)/ABS(Assumptions!$B$21)),1))*5)+(((Archetypes!$C$11*(IF(S6<0,1+Assumptions!$B$32*MIN(1,ABS(S6)/ABS(Assumptions!$B$21)),MAX(0.1,1-Assumptions!$B$31*(S6/50)))))*W6*Archetypes!$C$15*Archetypes!$C$22)*(Archetypes!$C$13*IF(S6<0,1-Assumptions!$B$33*MIN(1,ABS(S6)/ABS(Assumptions!$B$21)),1))*5*Assumptions!$B$18))*IF(S6<0,Assumptions!$B$9,1)))*$E6 -> 1038.5209 | AB6: =(AB5)+(AA6)-(MAX(0,((AB5)+(AA6)-(AC6)))*(IF(Archetypes!$C$27="",Assumptions!$B$11,Archetypes!$C$27))) -> 4039.792 | AC6: =Archetypes!$C$36 + (Assumptions!$B$67*(IF($E6=0,0,V6/$E6))*Assumptions!$B$71*(1+Assumptions!$B$68*(Archetypes!$C$14-1))) + (Assumptions!$B$69*Archetypes!$C$34*(IF($E6=0,0,V6/$E6))*Assumptions!$B$72*POWER(Assumptions!$B$70,Archetypes!$C$18-1)) -> 9510.7548 | AD6: =MAX(0,(AB6)-(AC6)) -> 0 | AF6: =AG5 -> 31.045093 | AG6: =MAX(Assumptions!$B$21,AF6+AH6) -> 37.567017 | AH6: =((AL6*(Assumptions!$B$22+((Assumptions!$B$23-Assumptions!$B$22)*IF(AI6>0,AK6/AI6,0)))*(1+Assumptions!$B$60*(Archetypes!$D$13-1)))+IF(AL6>AI6,AI6*Assumptions!$B$24,0)-IF(IF(AI6>0,AM6/AI6,1)<Assumptions!$B$61,((AM6*(Assumptions!$B$27*(1+Assumptions!$B$28*(Archetypes!$D$14-1))/(1+Assumptions!$B$29*(Archetypes!$D$12-1))))+(((AI6*Archetypes!$D$17*IF(AI6>0,AM6/AI6,1)*Archetypes!$D$31)/100)*Assumptions!$B$30))*Assumptions!$B$62,((AM6*(Assumptions!$B$27*(1+Assumptions!$B$28*(Archetypes!$D$14-1))/(1+Assumptions!$B$29*(Archetypes!$D$12-1))))+(((AI6*Archetypes!$D$17*IF(AI6>0,AM6/AI6,1)*Archetypes!$D$31)/100)*Assumptions!$B$30)))-(Assumptions!$B$25*Assumptions!$B$26*E6))*E6 -> 6.5219239 | AI6: =(Archetypes!$D$11*(IF(AF6<0,1+Assumptions!$B$32*MIN(1,ABS(AF6)/ABS(Assumptions!$B$21)),MAX(0.1,1-Assumptions!$B$31*(AF6/50)))))*$E6 -> 1.8823767 | AJ6: =Archetypes!$D$30 -> 0.104 | AK6: =AI6*AJ6 -> 0.19576717 | AL6: =((AI6-AK6)*Archetypes!$D$15)+(AK6*Archetypes!$D$15*Archetypes!$D$22) -> 2.9410253 | AM6: =AI6*Archetypes!$D$16 -> 0.37647533 | AN6: =(IF(AF6<0,Assumptions!$B$8,IF(AF6<10,Assumptions!$B$34,IF(AF6<25,Assumptions!$B$35,Assumptions!$B$36))))*((((Archetypes!$D$5*Assumptions!$B$4+Archetypes!$D$6*Assumptions!$B$5)*60))+(Assumptions!$B$6*(((Archetypes!$D$11*(IF(AF6<0,1+Assumptions!$B$32*MIN(1,ABS(AF6)/ABS(Assumptions!$B$21)),MAX(0.1,1-Assumptions!$B$31*(AF6/50)))))-((Archetypes!$D$11*(IF(AF6<0,1+Assumptions!$B$32*MIN(1,ABS(AF6)/ABS(Assumptions!$B$21)),MAX(0.1,1-Assumptions!$B$31*(AF6/50)))))*AJ6)*Archetypes!$D$20)+((Archetypes!$D$11*(IF(AF6<0,1+Assumptions!$B$32*MIN(1,ABS(AF6)/ABS(Assumptions!$B$21)),MAX(0.1,1-Assumptions!$B$31*(AF6/50)))))*AJ6*Archetypes!$D$20*Archetypes!$D$21)*Assumptions!$B$18)*(IF($D6=1,1,Assumptions!$B$7)))+(((((Archetypes!$D$11*(IF(AF6<0,1+Assumptions!$B$32*MIN(1,ABS(AF6)/ABS(Assumptions!$B$21)),MAX(0.1,1-Assumptions!$B$31*(AF6/50)))))-((Archetypes!$D$11*(IF(AF6<0,1+Assumptions!$B$32*MIN(1,ABS(AF6)/ABS(Assumptions!$B$21)),MAX(0.1,1-Assumptions!$B$31*(AF6/50)))))*AJ6)*Archetypes!$D$15)*(Archetypes!$D$13*IF(AF6<0,1-Assumptions!$B$33*MIN(1,ABS(AF6)/ABS(Assumptions!$B$21)),1))*5)+(((Archetypes!$D$11*(IF(AF6<0,1+Assumptions!$B$32*MIN(1,ABS(AF6)/ABS(Assumptions!$B$21)),MAX(0.1,1-Assumptions!$B$31*(AF6/50)))))*AJ6*Archetypes!$D$15*Archetypes!$D$22)*(Archetypes!$D$13*IF(AF6<0,1-Assumptions!$B$33*MIN(1,ABS(AF6)/ABS(Assumptions!$B$21)),1))*5*Assumptions!$B$18))*IF(AF6<0,Assumptions!$B$9,1)))*$E6 -> 1322.7657 | AO6: =(AO5)+(AN6)-(MAX(0,((AO5)+(AN6)-(AP6)))*(IF(Archetypes!$D$27="",Assumptions!$B$11,Archetypes!$D$27))) -> 6141.6662 | AP6: =Archetypes!$D$36 + (Assumptions!$B$67*(IF($E6=0,0,AI6/$E6))*Assumptions!$B$71*(1+Assumptions!$B$68*(Archetypes!$D$14-1))) + (Assumptions!$B$69*Archetypes!$D$34*(IF($E6=0,0,AI6/$E6))*Assumptions!$B$72*POWER(Assumptions!$B$70,Archetypes!$D$18-1)) -> 21078.617 | AQ6: =MAX(0,(AO6)-(AP6)) -> 0
A7: 3 | B7: =INT(A7/24)+1 -> 1 | C7: =MOD(A7,24) -> 3 | D7: =IF(C7<Assumptions!$B$10,1,0) -> 0 | E7: 1 | F7: =G6 -> -6.5337831 | G7: =MAX(Assumptions!$B$21,F7+H7) -> -8.9384556 | H7: =((L7*(Assumptions!$B$22+((Assumptions!$B$23-Assumptions!$B$22)*IF(I7>0,K7/I7,0)))*(1+Assumptions!$B$60*(Archetypes!$B$13-1)))+IF(L7>I7,I7*Assumptions!$B$24,0)-IF(IF(I7>0,M7/I7,1)<Assumptions!$B$61,((M7*(Assumptions!$B$27*(1+Assumptions!$B$28*(Archetypes!$B$14-1))/(1+Assumptions!$B$29*(Archetypes!$B$12-1))))+(((I7*Archetypes!$B$17*IF(I7>0,M7/I7,1)*Archetypes!$B$31)/100)*Assumptions!$B$30))*Assumptions!$B$62,((M7*(Assumptions!$B$27*(1+Assumptions!$B$28*(Archetypes!$B$14-1))/(1+Assumptions!$B$29*(Archetypes!$B$12-1))))+(((I7*Archetypes!$B$17*IF(I7>0,M7/I7,1)*Archetypes!$B$31)/100)*Assumptions!$B$30)))-(Assumptions!$B$25*Assumptions!$B$26*E7))*E7 -> -2.4046725 | I7: =(Archetypes!$B$11*(IF(F7<0,1+Assumptions!$B$32*MIN(1,ABS(F7)/ABS(Assumptions!$B$21)),MAX(0.1,1-Assumptions!$B$31*(F7/50)))))*$E7 -> 11.742342 | J7: =Archetypes!$B$30 -> 0.022 | K7: =I7*J7 -> 0.25833153 | L7: =((I7-K7)*Archetypes!$B$15)+(K7*Archetypes!$B$15*Archetypes!$B$22) -> 1.1794008 | M7: =I7*Archetypes!$B$16 -> 8.8067566 | N7: =(IF(F7<0,Assumptions!$B$8,IF(F7<10,Assumptions!$B$34,IF(F7<25,Assumptions!$B$35,Assumptions!$B$36))))*((((Archetypes!$B$5*Assumptions!$B$4+Archetypes!$B$6*Assumptions!$B$5)*60))+(Assumptions!$B$6*(((Archetypes!$B$11*(IF(F7<0,1+Assumptions!$B$32*MIN(1,ABS(F7)/ABS(Assumptions!$B$21)),MAX(0.1,1-Assumptions!$B$31*(F7/50)))))-((Archetypes!$B$11*(IF(F7<0,1+Assumptions!$B$32*MIN(1,ABS(F7)/ABS(Assumptions!$B$21)),MAX(0.1,1-Assumptions!$B$31*(F7/50)))))*J7)*Archetypes!$B$20)+((Archetypes!$B$11*(IF(F7<0,1+Assumptions!$B$32*MIN(1,ABS(F7)/ABS(Assumptions!$B$21)),MAX(0.1,1-Assumptions!$B$31*(F7/50)))))*J7*Archetypes!$B$20*Archetypes!$B$21)*Assumptions!$B$18)*(IF($D7=1,1,Assumptions!$B$7)))+(((((Archetypes!$B$11*(IF(F7<0,1+Assumptions!$B$32*MIN(1,ABS(F7)/ABS(Assumptions!$B$21)),MAX(0.1,1-Assumptions!$B$31*(F7/50)))))-((Archetypes!$B$11*(IF(F7<0,1+Assumptions!$B$32*MIN(1,ABS(F7)/ABS(Assumptions!$B$21)),MAX(0.1,1-Assumptions!$B$31*(F7/50)))))*J7)*Archetypes!$B$15)*(Archetypes!$B$13*IF(F7<0,1-Assumptions!$B$33*MIN(1,ABS(F7)/ABS(Assumptions!$B$21)),1))*5)+(((Archetypes!$B$11*(IF(F7<0,1+Assumptions!$B$32*MIN(1,ABS(F7)/ABS(Assumptions!$B$21)),MAX(0.1,1-Assumptions!$B$31*(F7/50)))))*J7*Archetypes!$B$15*Archetypes!$B$22)*(Archetypes!$B$13*IF(F7<0,1-Assumptions!$B$33*MIN(1,ABS(F7)/ABS(Assumptions!$B$21)),1))*5*Assumptions!$B$18))*IF(F7<0,Assumptions!$B$9,1)))*$E7 -> 503.25387 | O7: =(O6)+(N7)-(MAX(0,((O6)+(N7)-(P7)))*(IF(Archetypes!$B$27="",Assumptions!$B$11,Archetypes!$B$27))) -> 2340.0713 | P7: =Archetypes!$B$36 + (Assumptions!$B$67*(IF($E7=0,0,I7/$E7))*Assumptions!$B$71*(1+Assumptions!$B$68*(Archetypes!$B$14-1))) + (Assumptions!$B$69*Archetypes!$B$34*(IF($E7=0,0,I7/$E7))*Assumptions!$B$72*POWER(Assumptions!$B$70,Archetypes!$B$18-1)) -> 2560.1924 | Q7: =MAX(0,(O7)-(P7)) -> 0 | S7: =T6 -> 16.53746 | T7: =MAX(Assumptions!$B$21,S7+U7) -> 19.977491 | U7: =((Y7*(Assumptions!$B$22+((Assumptions!$B$23-Assumptions!$B$22)*IF(V7>0,X7/V7,0)))*(1+Assumptions!$B$60*(Archetypes!$C$13-1)))+IF(Y7>V7,V7*Assumptions!$B$24,0)-IF(IF(V7>0,Z7/V7,1)<Assumptions!$B$61,((Z7*(Assumptions!$B$27*(1+Assumptions!$B$28*(Archetypes!$C$14-1))/(1+Assumptions!$B$29*(Archetypes!$C$12-1))))+(((V7*Archetypes!$C$17*IF(V7>0,Z7/V7,1)*Archetypes!$C$31)/100)*Assumptions!$B$30))*Assumptions!$B$62,((Z7*(Assumptions!$B$27*(1+Assumptions!$B$28*(Archetypes!$C$14-1))/(1+Assumptions!$B$29*(Archetypes!$C$12-1))))+(((V7*Archetypes!$C$17*IF(V7>0,Z7/V7,1)*Archetypes!$C$31)/100)*Assumptions!$B$30)))-(Assumptions!$B$25*Assumptions!$B$26*E7))*E7 -> 3.4400314 | V7: =(Archetypes!$C$11*(IF(S7<0,1+Assumptions!$B$32*MIN(1,ABS(S7)/ABS(Assumptions!$B$21)),MAX(0.1,1-Assumptions!$B$31*(S7/50)))))*$E7 -> 4.8093029 | W7: =Archetypes!$C$30 -> 0.038 | X7: =V7*W7 -> 0.18275351 | Y7: =((V7-X7)*Archetypes!$C$15)+(X7*Archetypes!$C$15*Archetypes!$C$22) -> 2.4320645 | Z7: =V7*Archetypes!$C$16 -> 2.1641863 | AA7: =(IF(S7<0,Assumptions!$B$8,IF(S7<10,Assumptions!$B$34,IF(S7<25,Assumptions!$B$35,Assumptions!$B$36))))*((((Archetypes!$C$5*Assumptions!$B$4+Archetypes!$C$6*Assumptions!$B$5)*60))+(Assumptions!$B$6*(((Archetypes!$C$11*(IF(S7<0,1+Assumptions!$B$32*MIN(1,ABS(S7)/ABS(Assumptions!$B$21)),MAX(0.1,1-Assumptions!$B$31*(S7/50)))))-((Archetypes!$C$11*(IF(S7<0,1+Assumptions!$B$32*MIN(1,ABS(S7)/ABS(Assumptions!$B$21)),MAX(0.1,1-Assumptions!$B$31*(S7/50)))))*W7)*Archetypes!$C$20)+((Archetypes!$C$11*(IF(S7<0,1+Assumptions!$B$32*MIN(1,ABS(S7)/ABS(Assumptions!$B$21)),MAX(0.1,1-Assumptions!$B$31*(S7/50)))))*W7*Archetypes!$C$20*Archetypes!$C$21)*Assumptions!$B$18)*(IF($D7=1,1,Assumptions!$B$7)))+(((((Archetypes!$C$11*(IF(S7<0,1+Assumptions!$B$32*MIN(1,ABS(S7)/ABS(Assumptions!$B$21)),MAX(0.1,1-Assumptions!$B$31*(S7/50)))))-((Archetypes!$C$11*(IF(S7<0,1+Assumptions!$B$32*MIN(1,ABS(S7)/ABS(Assumptions!$B$21)),MAX(0.1,1-Assumptions!$B$31*(S7/50)))))*W7)*Archetypes!$C$15)*(Archetypes!$C$13*IF(S7<0,1-Assumptions!$B$33*MIN(1,ABS(S7)/ABS(Assumptions!$B$21)),1))*5)+(((Archetypes!$C$11*(IF(S7<0,1+Assumptions!$B$32*MIN(1,ABS(S7)/ABS(Assumptions!$B$21)),MAX(0.1,1-Assumptions!$B$31*(S7/50)))))*W7*Archetypes!$C$15*Archetypes!$C$22)*(Archetypes!$C$13*IF(S7<0,1-Assumptions!$B$33*MIN(1,ABS(S7)/ABS(Assumptions!$B$21)),1))*5*Assumptions!$B$18))*IF(S7<0,Assumptions!$B$9,1)))*$E7 -> 1015.8085 | AB7: =(AB6)+(AA7)-(MAX(0,((AB6)+(AA7)-(AC7)))*(IF(Archetypes!$C$27="",Assumptions!$B$11,Archetypes!$C$27))) -> 5055.6005 | AC7: =Archetypes!$C$36 + (Assumptions!$B$67*(IF($E7=0,0,V7/$E7))*Assumptions!$B$71*(1+Assumptions!$B$68*(Archetypes!$C$14-1))) + (Assumptions!$B$69*Archetypes!$C$34*(IF($E7=0,0,V7/$E7))*Assumptions!$B$72*POWER(Assumptions!$B$70,Archetypes!$C$18-1)) -> 9487.1973 | AD7: =MAX(0,(AB7)-(AC7)) -> 0 | AF7: =AG6 -> 37.567017 | AG7: =MAX(Assumptions!$B$21,AF7+AH7) -> 43.25675 | AH7: =((AL7*(Assumptions!$B$22+((Assumptions!$B$23-Assumptions!$B$22)*IF(AI7>0,AK7/AI7,0)))*(1+Assumptions!$B$60*(Archetypes!$D$13-1)))+IF(AL7>AI7,AI7*Assumptions!$B$24,0)-IF(IF(AI7>0,AM7/AI7,1)<Assumptions!$B$61,((AM7*(Assumptions!$B$27*(1+Assumptions!$B$28*(Archetypes!$D$14-1))/(1+Assumptions!$B$29*(Archetypes!$D$12-1))))+(((AI7*Archetypes!$D$17*IF(AI7>0,AM7/AI7,1)*Archetypes!$D$31)/100)*Assumptions!$B$30))*Assumptions!$B$62,((AM7*(Assumptions!$B$27*(1+Assumptions!$B$28*(Archetypes!$D$14-1))/(1+Assumptions!$B$29*(Archetypes!$D$12-1))))+(((AI7*Archetypes!$D$17*IF(AI7>0,AM7/AI7,1)*Archetypes!$D$31)/100)*Assumptions!$B$30)))-(Assumptions!$B$25*Assumptions!$B$26*E7))*E7 -> 5.6897334 | AI7: =(Archetypes!$D$11*(IF(AF7<0,1+Assumptions!$B$32*MIN(1,ABS(AF7)/ABS(Assumptions!$B$21)),MAX(0.1,1-Assumptions!$B$31*(AF7/50)))))*$E7 -> 1.6475874 | AJ7: =Archetypes!$D$30 -> 0.104 | AK7: =AI7*AJ7 -> 0.17134909 | AL7: =((AI7-AK7)*Archetypes!$D$15)+(AK7*Archetypes!$D$15*Archetypes!$D$22) -> 2.5741905 | AM7: =AI7*Archetypes!$D$16 -> 0.32951748 | AN7: =(IF(AF7<0,Assumptions!$B$8,IF(AF7<10,Assumptions!$B$34,IF(AF7<25,Assumptions!$B$35,Assumptions!$B$36))))*((((Archetypes!$D$5*Assumptions!$B$4+Archetypes!$D$6*Assumptions!$B$5)*60))+(Assumptions!$B$6*(((Archetypes!$D$11*(IF(AF7<0,1+Assumptions!$B$32*MIN(1,ABS(AF7)/ABS(Assumptions!$B$21)),MAX(0.1,1-Assumptions!$B$31*(AF7/50)))))-((Archetypes!$D$11*(IF(AF7<0,1+Assumptions!$B$32*MIN(1,ABS(AF7)/ABS(Assumptions!$B$21)),MAX(0.1,1-Assumptions!$B$31*(AF7/50)))))*AJ7)*Archetypes!$D$20)+((Archetypes!$D$11*(IF(AF7<0,1+Assumptions!$B$32*MIN(1,ABS(AF7)/ABS(Assumptions!$B$21)),MAX(0.1,1-Assumptions!$B$31*(AF7/50)))))*AJ7*Archetypes!$D$20*Archetypes!$D$21)*Assumptions!$B$18)*(IF($D7=1,1,Assumptions!$B$7)))+(((((Archetypes!$D$11*(IF(AF7<0,1+Assumptions!$B$32*MIN(1,ABS(AF7)/ABS(Assumptions!$B$21)),MAX(0.1,1-Assumptions!$B$31*(AF7/50)))))-((Archetypes!$D$11*(IF(AF7<0,1+Assumptions!$B$32*MIN(1,ABS(AF7)/ABS(Assumptions!$B$21)),MAX(0.1,1-Assumptions!$B$31*(AF7/50)))))*AJ7)*Archetypes!$D$15)*(Archetypes!$D$13*IF(AF7<0,1-Assumptions!$B$33*MIN(1,ABS(AF7)/ABS(Assumptions!$B$21)),1))*5)+(((Archetypes!$D$11*(IF(AF7<0,1+Assumptions!$B$32*MIN(1,ABS(AF7)/ABS(Assumptions!$B$21)),MAX(0.1,1-Assumptions!$B$31*(AF7/50)))))*AJ7*Archetypes!$D$15*Archetypes!$D$22)*(Archetypes!$D$13*IF(AF7<0,1-Assumptions!$B$33*MIN(1,ABS(AF7)/ABS(Assumptions!$B$21)),1))*5*Assumptions!$B$18))*IF(AF7<0,Assumptions!$B$9,1)))*$E7 -> 1265.918 | AO7: =(AO6)+(AN7)-(MAX(0,((AO6)+(AN7)-(AP7)))*(IF(Archetypes!$D$27="",Assumptions!$B$11,Archetypes!$D$27))) -> 7407.5841 | AP7: =Archetypes!$D$36 + (Assumptions!$B$67*(IF($E7=0,0,AI7/$E7))*Assumptions!$B$71*(1+Assumptions!$B$68*(Archetypes!$D$14-1))) + (Assumptions!$B$69*Archetypes!$D$34*(IF($E7=0,0,AI7/$E7))*Assumptions!$B$72*POWER(Assumptions!$B$70,Archetypes!$D$18-1)) -> 21033.537 | AQ7: =MAX(0,(AO7)-(AP7)) -> 0
A8: 4 | B8: =INT(A8/24)+1 -> 1 | C8: =MOD(A8,24) -> 4 | D8: =IF(C8<Assumptions!$B$10,1,0) -> 0 | E8: 1 | F8: =G7 -> -8.9384556 | G8: =MAX(Assumptions!$B$21,F8+H8) -> -11.466255 | H8: =((L8*(Assumptions!$B$22+((Assumptions!$B$23-Assumptions!$B$22)*IF(I8>0,K8/I8,0)))*(1+Assumptions!$B$60*(Archetypes!$B$13-1)))+IF(L8>I8,I8*Assumptions!$B$24,0)-IF(IF(I8>0,M8/I8,1)<Assumptions!$B$61,((M8*(Assumptions!$B$27*(1+Assumptions!$B$28*(Archetypes!$B$14-1))/(1+Assumptions!$B$29*(Archetypes!$B$12-1))))+(((I8*Archetypes!$B$17*IF(I8>0,M8/I8,1)*Archetypes!$B$31)/100)*Assumptions!$B$30))*Assumptions!$B$62,((M8*(Assumptions!$B$27*(1+Assumptions!$B$28*(Archetypes!$B$14-1))/(1+Assumptions!$B$29*(Archetypes!$B$12-1))))+(((I8*Archetypes!$B$17*IF(I8>0,M8/I8,1)*Archetypes!$B$31)/100)*Assumptions!$B$30)))-(Assumptions!$B$25*Assumptions!$B$26*E8))*E8 -> -2.5277996 | I8: =(Archetypes!$B$11*(IF(F8<0,1+Assumptions!$B$32*MIN(1,ABS(F8)/ABS(Assumptions!$B$21)),MAX(0.1,1-Assumptions!$B$31*(F8/50)))))*$E8 -> 12.383588 | J8: =Archetypes!$B$30 -> 0.022 | K8: =I8*J8 -> 0.27243894 | L8: =((I8-K8)*Archetypes!$B$15)+(K8*Archetypes!$B$15*Archetypes!$B$22) -> 1.2438076 | M8: =I8*Archetypes!$B$16 -> 9.2876911 | N8: =(IF(F8<0,Assumptions!$B$8,IF(F8<10,Assumptions!$B$34,IF(F8<25,Assumptions!$B$35,Assumptions!$B$36))))*((((Archetypes!$B$5*Assumptions!$B$4+Archetypes!$B$6*Assumptions!$B$5)*60))+(Assumptions!$B$6*(((Archetypes!$B$11*(IF(F8<0,1+Assumptions!$B$32*MIN(1,ABS(F8)/ABS(Assumptions!$B$21)),MAX(0.1,1-Assumptions!$B$31*(F8/50)))))-((Archetypes!$B$11*(IF(F8<0,1+Assumptions!$B$32*MIN(1,ABS(F8)/ABS(Assumptions!$B$21)),MAX(0.1,1-Assumptions!$B$31*(F8/50)))))*J8)*Archetypes!$B$20)+((Archetypes!$B$11*(IF(F8<0,1+Assumptions!$B$32*MIN(1,ABS(F8)/ABS(Assumptions!$B$21)),MAX(0.1,1-Assumptions!$B$31*(F8/50)))))*J8*Archetypes!$B$20*Archetypes!$B$21)*Assumptions!$B$18)*(IF($D8=1,1,Assumptions!$B$7)))+(((((Archetypes!$B$11*(IF(F8<0,1+Assumptions!$B$32*MIN(1,ABS(F8)/ABS(Assumptions!$B$21)),MAX(0.1,1-Assumptions!$B$31*(F8/50)))))-((Archetypes!$B$11*(IF(F8<0,1+Assumptions!$B$32*MIN(1,ABS(F8)/ABS(Assumptions!$B$21)),MAX(0.1,1-Assumptions!$B$31*(F8/50)))))*J8)*Archetypes!$B$15)*(Archetypes!$B$13*IF(F8<0,1-Assumptions!$B$33*MIN(1,ABS(F8)/ABS(Assumptions!$B$21)),1))*5)+(((Archetypes!$B$11*(IF(F8<0,1+Assumptions!$B$32*MIN(1,ABS(F8)/ABS(Assumptions!$B$21)),MAX(0.1,1-Assumptions!$B$31*(F8/50)))))*J8*Archetypes!$B$15*Archetypes!$B$22)*(Archetypes!$B$13*IF(F8<0,1-Assumptions!$B$33*MIN(1,ABS(F8)/ABS(Assumptions!$B$21)),1))*5*Assumptions!$B$18))*IF(F8<0,Assumptions!$B$9,1)))*$E8 -> 500.66953 | O8: =(O7)+(N8)-(MAX(0,((O7)+(N8)-(P8)))*(IF(Archetypes!$B$27="",Assumptions!$B$11,Archetypes!$B$27))) -> 2790.7871 | P8: =Archetypes!$B$36 + (Assumptions!$B$67*(IF($E8=0,0,I8/$E8))*Assumptions!$B$71*(1+Assumptions!$B$68*(Archetypes!$B$14-1))) + (Assumptions!$B$69*Archetypes!$B$34*(IF($E8=0,0,I8/$E8))*Assumptions!$B$72*POWER(Assumptions!$B$70,Archetypes!$B$18-1)) -> 2590.9722 | Q8: =MAX(0,(O8)-(P8)) -> 199.81491 | S8: =T7 -> 19.977491 | T8: =MAX(Assumptions!$B$21,S8+U8) -> 23.232633 | U8: =((Y8*(Assumptions!$B$22+((Assumptions!$B$23-Assumptions!$B$22)*IF(V8>0,X8/V8,0)))*(1+Assumptions!$B$60*(Archetypes!$C$13-1)))+IF(Y8>V8,V8*Assumptions!$B$24,0)-IF(IF(V8>0,Z8/V8,1)<Assumptions!$B$61,((Z8*(Assumptions!$B$27*(1+Assumptions!$B$28*(Archetypes!$C$14-1))/(1+Assumptions!$B$29*(Archetypes!$C$12-1))))+(((V8*Archetypes!$C$17*IF(V8>0,Z8/V8,1)*Archetypes!$C$31)/100)*Assumptions!$B$30))*Assumptions!$B$62,((Z8*(Assumptions!$B$27*(1+Assumptions!$B$28*(Archetypes!$C$14-1))/(1+Assumptions!$B$29*(Archetypes!$C$12-1))))+(((V8*Archetypes!$C$17*IF(V8>0,Z8/V8,1)*Archetypes!$C$31)/100)*Assumptions!$B$30)))-(Assumptions!$B$25*Assumptions!$B$26*E8))*E8 -> 3.2551424 | V8: =(Archetypes!$C$11*(IF(S8<0,1+Assumptions!$B$32*MIN(1,ABS(S8)/ABS(Assumptions!$B$21)),MAX(0.1,1-Assumptions!$B$31*(S8/50)))))*$E8 -> 4.5616207 | W8: =Archetypes!$C$30 -> 0.038 | X8: =V8*W8 -> 0.17334158 | Y8: =((V8-X8)*Archetypes!$C$15)+(X8*Archetypes!$C$15*Archetypes!$C$22) -> 2.3068116 | Z8: =V8*Archetypes!$C$16 -> 2.0527293 | AA8: =(IF(S8<0,Assumptions!$B$8,IF(S8<10,Assumptions!$B$34,IF(S8<25,Assumptions!$B$35,Assumptions!$B$36))))*((((Archetypes!$C$5*Assumptions!$B$4+Archetypes!$C$6*Assumptions!$B$5)*60))+(Assumptions!$B$6*(((Archetypes!$C$11*(IF(S8<0,1+Assumptions!$B$32*MIN(1,ABS(S8)/ABS(Assumptions!$B$21)),MAX(0.1,1-Assumptions!$B$31*(S8/50)))))-((Archetypes!$C$11*(IF(S8<0,1+Assumptions!$B$32*MIN(1,ABS(S8)/ABS(Assumptions!$B$21)),MAX(0.1,1-Assumptions!$B$31*(S8/50)))))*W8)*Archetypes!$C$20)+((Archetypes!$C$11*(IF(S8<0,1+Assumptions!$B$32*MIN(1,ABS(S8)/ABS(Assumptions!$B$21)),MAX(0.1,1-Assumptions!$B$31*(S8/50)))))*W8*Archetypes!$C$20*Archetypes!$C$21)*Assumptions!$B$18)*(IF($D8=1,1,Assumptions!$B$7)))+(((((Archetypes!$C$11*(IF(S8<0,1+Assumptions!$B$32*MIN(1,ABS(S8)/ABS(Assumptions!$B$21)),MAX(0.1,1-Assumptions!$B$31*(S8/50)))))-((Archetypes!$C$11*(IF(S8<0,1+Assumptions!$B$32*MIN(1,ABS(S8)/ABS(Assumptions!$B$21)),MAX(0.1,1-Assumptions!$B$31*(S8/50)))))*W8)*Archetypes!$C$15)*(Archetypes!$C$13*IF(S8<0,1-Assumptions!$B$33*MIN(1,ABS(S8)/ABS(Assumptions!$B$21)),1))*5)+(((Archetypes!$C$11*(IF(S8<0,1+Assumptions!$B$32*MIN(1,ABS(S8)/ABS(Assumptions!$B$21)),MAX(0.1,1-Assumptions!$B$31*(S8/50)))))*W8*Archetypes!$C$15*Archetypes!$C$22)*(Archetypes!$C$13*IF(S8<0,1-Assumptions!$B$33*MIN(1,ABS(S8)/ABS(Assumptions!$B$21)),1))*5*Assumptions!$B$18))*IF(S8<0,Assumptions!$B$9,1)))*$E8 -> 994.31684 | AB8: =(AB7)+(AA8)-(MAX(0,((AB7)+(AA8)-(AC8)))*(IF(Archetypes!$C$27="",Assumptions!$B$11,Archetypes!$C$27))) -> 6049.9174 | AC8: =Archetypes!$C$36 + (Assumptions!$B$67*(IF($E8=0,0,V8/$E8))*Assumptions!$B$71*(1+Assumptions!$B$68*(Archetypes!$C$14-1))) + (Assumptions!$B$69*Archetypes!$C$34*(IF($E8=0,0,V8/$E8))*Assumptions!$B$72*POWER(Assumptions!$B$70,Archetypes!$C$18-1)) -> 9464.9059 | AD8: =MAX(0,(AB8)-(AC8)) -> 0 | AF8: =AG7 -> 43.25675 | AG8: =MAX(Assumptions!$B$21,AF8+AH8) -> 48.22048 | AH8: =((AL8*(Assumptions!$B$22+((Assumptions!$B$23-Assumptions!$B$22)*IF(AI8>0,AK8/AI8,0)))*(1+Assumptions!$B$60*(Archetypes!$D$13-1)))+IF(AL8>AI8,AI8*Assumptions!$B$24,0)-IF(IF(AI8>0,AM8/AI8,1)<Assumptions!$B$61,((AM8*(Assumptions!$B$27*(1+Assumptions!$B$28*(Archetypes!$D$14-1))/(1+Assumptions!$B$29*(Archetypes!$D$12-1))))+(((AI8*Archetypes!$D$17*IF(AI8>0,AM8/AI8,1)*Archetypes!$D$31)/100)*Assumptions!$B$30))*Assumptions!$B$62,((AM8*(Assumptions!$B$27*(1+Assumptions!$B$28*(Archetypes!$D$14-1))/(1+Assumptions!$B$29*(Archetypes!$D$12-1))))+(((AI8*Archetypes!$D$17*IF(AI8>0,AM8/AI8,1)*Archetypes!$D$31)/100)*Assumptions!$B$30)))-(Assumptions!$B$25*Assumptions!$B$26*E8))*E8 -> 4.9637294 | AI8: =(Archetypes!$D$11*(IF(AF8<0,1+Assumptions!$B$32*MIN(1,ABS(AF8)/ABS(Assumptions!$B$21)),MAX(0.1,1-Assumptions!$B$31*(AF8/50)))))*$E8 -> 1.442757 | AJ8: =Archetypes!$D$30 -> 0.104 | AK8: =AI8*AJ8 -> 0.15004673 | AL8: =((AI8-AK8)*Archetypes!$D$15)+(AK8*Archetypes!$D$15*Archetypes!$D$22) -> 2.2541635 | AM8: =AI8*Archetypes!$D$16 -> 0.2885514 | AN8: =(IF(AF8<0,Assumptions!$B$8,IF(AF8<10,Assumptions!$B$34,IF(AF8<25,Assumptions!$B$35,Assumptions!$B$36))))*((((Archetypes!$D$5*Assumptions!$B$4+Archetypes!$D$6*Assumptions!$B$5)*60))+(Assumptions!$B$6*(((Archetypes!$D$11*(IF(AF8<0,1+Assumptions!$B$32*MIN(1,ABS(AF8)/ABS(Assumptions!$B$21)),MAX(0.1,1-Assumptions!$B$31*(AF8/50)))))-((Archetypes!$D$11*(IF(AF8<0,1+Assumptions!$B$32*MIN(1,ABS(AF8)/ABS(Assumptions!$B$21)),MAX(0.1,1-Assumptions!$B$31*(AF8/50)))))*AJ8)*Archetypes!$D$20)+((Archetypes!$D$11*(IF(AF8<0,1+Assumptions!$B$32*MIN(1,ABS(AF8)/ABS(Assumptions!$B$21)),MAX(0.1,1-Assumptions!$B$31*(AF8/50)))))*AJ8*Archetypes!$D$20*Archetypes!$D$21)*Assumptions!$B$18)*(IF($D8=1,1,Assumptions!$B$7)))+(((((Archetypes!$D$11*(IF(AF8<0,1+Assumptions!$B$32*MIN(1,ABS(AF8)/ABS(Assumptions!$B$21)),MAX(0.1,1-Assumptions!$B$31*(AF8/50)))))-((Archetypes!$D$11*(IF(AF8<0,1+Assumptions!$B$32*MIN(1,ABS(AF8)/ABS(Assumptions!$B$21)),MAX(0.1,1-Assumptions!$B$31*(AF8/50)))))*AJ8)*Archetypes!$D$15)*(Archetypes!$D$13*IF(AF8<0,1-Assumptions!$B$33*MIN(1,ABS(AF8)/ABS(Assumptions!$B$21)),1))*5)+(((Archetypes!$D$11*(IF(AF8<0,1+Assumptions!$B$32*MIN(1,ABS(AF8)/ABS(Assumptions!$B$21)),MAX(0.1,1-Assumptions!$B$31*(AF8/50)))))*AJ8*Archetypes!$D$15*Archetypes!$D$22)*(Archetypes!$D$13*IF(AF8<0,1-Assumptions!$B$33*MIN(1,ABS(AF8)/ABS(Assumptions!$B$21)),1))*5*Assumptions!$B$18))*IF(AF8<0,Assumptions!$B$9,1)))*$E8 -> 1216.3239 | AO8: =(AO7)+(AN8)-(MAX(0,((AO7)+(AN8)-(AP8)))*(IF(Archetypes!$D$27="",Assumptions!$B$11,Archetypes!$D$27))) -> 8623.9081 | AP8: =Archetypes!$D$36 + (Assumptions!$B$67*(IF($E8=0,0,AI8/$E8))*Assumptions!$B$71*(1+Assumptions!$B$68*(Archetypes!$D$14-1))) + (Assumptions!$B$69*Archetypes!$D$34*(IF($E8=0,0,AI8/$E8))*Assumptions!$B$72*POWER(Assumptions!$B$70,Archetypes!$D$18-1)) -> 20994.21 | AQ8: =MAX(0,(AO8)-(AP8)) -> 0
A9: 5 | B9: =INT(A9/24)+1 -> 1 | C9: =MOD(A9,24) -> 5 | D9: =IF(C9<Assumptions!$B$10,1,0) -> 0 | E9: 1 | F9: =G8 -> -11.466255 | G9: =MAX(Assumptions!$B$21,F9+H9) -> -14.123486 | H9: =((L9*(Assumptions!$B$22+((Assumptions!$B$23-Assumptions!$B$22)*IF(I9>0,K9/I9,0)))*(1+Assumptions!$B$60*(Archetypes!$B$13-1)))+IF(L9>I9,I9*Assumptions!$B$24,0)-IF(IF(I9>0,M9/I9,1)<Assumptions!$B$61,((M9*(Assumptions!$B$27*(1+Assumptions!$B$28*(Archetypes!$B$14-1))/(1+Assumptions!$B$29*(Archetypes!$B$12-1))))+(((I9*Archetypes!$B$17*IF(I9>0,M9/I9,1)*Archetypes!$B$31)/100)*Assumptions!$B$30))*Assumptions!$B$62,((M9*(Assumptions!$B$27*(1+Assumptions!$B$28*(Archetypes!$B$14-1))/(1+Assumptions!$B$29*(Archetypes!$B$12-1))))+(((I9*Archetypes!$B$17*IF(I9>0,M9/I9,1)*Archetypes!$B$31)/100)*Assumptions!$B$30)))-(Assumptions!$B$25*Assumptions!$B$26*E9))*E9 -> -2.6572311 | I9: =(Archetypes!$B$11*(IF(F9<0,1+Assumptions!$B$32*MIN(1,ABS(F9)/ABS(Assumptions!$B$21)),MAX(0.1,1-Assumptions!$B$31*(F9/50)))))*$E9 -> 13.057668 | J9: =Archetypes!$B$30 -> 0.022 | K9: =I9*J9 -> 0.2872687 | L9: =((I9-K9)*Archetypes!$B$15)+(K9*Archetypes!$B$15*Archetypes!$B$22) -> 1.3115122 | M9: =I9*Archetypes!$B$16 -> 9.793251 | N9: =(IF(F9<0,Assumptions!$B$8,IF(F9<10,Assumptions!$B$34,IF(F9<25,Assumptions!$B$35,Assumptions!$B$36))))*((((Archetypes!$B$5*Assumptions!$B$4+Archetypes!$B$6*Assumptions!$B$5)*60))+(Assumptions!$B$6*(((Archetypes!$B$11*(IF(F9<0,1+Assumptions!$B$32*MIN(1,ABS(F9)/ABS(Assumptions!$B$21)),MAX(0.1,1-Assumptions!$B$31*(F9/50)))))-((Archetypes!$B$11*(IF(F9<0,1+Assumptions!$B$32*MIN(1,ABS(F9)/ABS(Assumptions!$B$21)),MAX(0.1,1-Assumptions!$B$31*(F9/50)))))*J9)*Archetypes!$B$20)+((Archetypes!$B$11*(IF(F9<0,1+Assumptions!$B$32*MIN(1,ABS(F9)/ABS(Assumptions!$B$21)),MAX(0.1,1-Assumptions!$B$31*(F9/50)))))*J9*Archetypes!$B$20*Archetypes!$B$21)*Assumptions!$B$18)*(IF($D9=1,1,Assumptions!$B$7)))+(((((Archetypes!$B$11*(IF(F9<0,1+Assumptions!$B$32*MIN(1,ABS(F9)/ABS(Assumptions!$B$21)),MAX(0.1,1-Assumptions!$B$31*(F9/50)))))-((Archetypes!$B$11*(IF(F9<0,1+Assumptions!$B$32*MIN(1,ABS(F9)/ABS(Assumptions!$B$21)),MAX(0.1,1-Assumptions!$B$31*(F9/50)))))*J9)*Archetypes!$B$15)*(Archetypes!$B$13*IF(F9<0,1-Assumptions!$B$33*MIN(1,ABS(F9)/ABS(Assumptions!$B$21)),1))*5)+(((Archetypes!$B$11*(IF(F9<0,1+Assumptions!$B$32*MIN(1,ABS(F9)/ABS(Assumptions!$B$21)),MAX(0.1,1-Assumptions!$B$31*(F9/50)))))*J9*Archetypes!$B$15*Archetypes!$B$22)*(Archetypes!$B$13*IF(F9<0,1-Assumptions!$B$33*MIN(1,ABS(F9)/ABS(Assumptions!$B$21)),1))*5*Assumptions!$B$18))*IF(F9<0,Assumptions!$B$9,1)))*$E9 -> 495.60185 | O9: =(O8)+(N9)-(MAX(0,((O8)+(N9)-(P9)))*(IF(Archetypes!$B$27="",Assumptions!$B$11,Archetypes!$B$27))) -> 3153.7768 | P9: =Archetypes!$B$36 + (Assumptions!$B$67*(IF($E9=0,0,I9/$E9))*Assumptions!$B$71*(1+Assumptions!$B$68*(Archetypes!$B$14-1))) + (Assumptions!$B$69*Archetypes!$B$34*(IF($E9=0,0,I9/$E9))*Assumptions!$B$72*POWER(Assumptions!$B$70,Archetypes!$B$18-1)) -> 2623.3281 | Q9: =MAX(0,(O9)-(P9)) -> 530.44874 | S9: =T8 -> 23.232633 | T9: =MAX(Assumptions!$B$21,S9+U9) -> 26.312824 | U9: =((Y9*(Assumptions!$B$22+((Assumptions!$B$23-Assumptions!$B$22)*IF(V9>0,X9/V9,0)))*(1+Assumptions!$B$60*(Archetypes!$C$13-1)))+IF(Y9>V9,V9*Assumptions!$B$24,0)-IF(IF(V9>0,Z9/V9,1)<Assumptions!$B$61,((Z9*(Assumptions!$B$27*(1+Assumptions!$B$28*(Archetypes!$C$14-1))/(1+Assumptions!$B$29*(Archetypes!$C$12-1))))+(((V9*Archetypes!$C$17*IF(V9>0,Z9/V9,1)*Archetypes!$C$31)/100)*Assumptions!$B$30))*Assumptions!$B$62,((Z9*(Assumptions!$B$27*(1+Assumptions!$B$28*(Archetypes!$C$14-1))/(1+Assumptions!$B$29*(Archetypes!$C$12-1))))+(((V9*Archetypes!$C$17*IF(V9>0,Z9/V9,1)*Archetypes!$C$31)/100)*Assumptions!$B$30)))-(Assumptions!$B$25*Assumptions!$B$26*E9))*E9 -> 3.0801906 | V9: =(Archetypes!$C$11*(IF(S9<0,1+Assumptions!$B$32*MIN(1,ABS(S9)/ABS(Assumptions!$B$21)),MAX(0.1,1-Assumptions!$B$31*(S9/50)))))*$E9 -> 4.3272504 | W9: =Archetypes!$C$30 -> 0.038 | X9: =V9*W9 -> 0.16443552 | Y9: =((V9-X9)*Archetypes!$C$15)+(X9*Archetypes!$C$15*Archetypes!$C$22) -> 2.1882905 | Z9: =V9*Archetypes!$C$16 -> 1.9472627 | AA9: =(IF(S9<0,Assumptions!$B$8,IF(S9<10,Assumptions!$B$34,IF(S9<25,Assumptions!$B$35,Assumptions!$B$36))))*((((Archetypes!$C$5*Assumptions!$B$4+Archetypes!$C$6*Assumptions!$B$5)*60))+(Assumptions!$B$6*(((Archetypes!$C$11*(IF(S9<0,1+Assumptions!$B$32*MIN(1,ABS(S9)/ABS(Assumptions!$B$21)),MAX(0.1,1-Assumptions!$B$31*(S9/50)))))-((Archetypes!$C$11*(IF(S9<0,1+Assumptions!$B$32*MIN(1,ABS(S9)/ABS(Assumptions!$B$21)),MAX(0.1,1-Assumptions!$B$31*(S9/50)))))*W9)*Archetypes!$C$20)+((Archetypes!$C$11*(IF(S9<0,1+Assumptions!$B$32*MIN(1,ABS(S9)/ABS(Assumptions!$B$21)),MAX(0.1,1-Assumptions!$B$31*(S9/50)))))*W9*Archetypes!$C$20*Archetypes!$C$21)*Assumptions!$B$18)*(IF($D9=1,1,Assumptions!$B$7)))+(((((Archetypes!$C$11*(IF(S9<0,1+Assumptions!$B$32*MIN(1,ABS(S9)/ABS(Assumptions!$B$21)),MAX(0.1,1-Assumptions!$B$31*(S9/50)))))-((Archetypes!$C$11*(IF(S9<0,1+Assumptions!$B$32*MIN(1,ABS(S9)/ABS(Assumptions!$B$21)),MAX(0.1,1-Assumptions!$B$31*(S9/50)))))*W9)*Archetypes!$C$15)*(Archetypes!$C$13*IF(S9<0,1-Assumptions!$B$33*MIN(1,ABS(S9)/ABS(Assumptions!$B$21)),1))*5)+(((Archetypes!$C$11*(IF(S9<0,1+Assumptions!$B$32*MIN(1,ABS(S9)/ABS(Assumptions!$B$21)),MAX(0.1,1-Assumptions!$B$31*(S9/50)))))*W9*Archetypes!$C$15*Archetypes!$C$22)*(Archetypes!$C$13*IF(S9<0,1-Assumptions!$B$33*MIN(1,ABS(S9)/ABS(Assumptions!$B$21)),1))*5*Assumptions!$B$18))*IF(S9<0,Assumptions!$B$9,1)))*$E9 -> 973.98028 | AB9: =(AB8)+(AA9)-(MAX(0,((AB8)+(AA9)-(AC9)))*(IF(Archetypes!$C$27="",Assumptions!$B$11,Archetypes!$C$27))) -> 7023.8976 | AC9: =Archetypes!$C$36 + (Assumptions!$B$67*(IF($E9=0,0,V9/$E9))*Assumptions!$B$71*(1+Assumptions!$B$68*(Archetypes!$C$14-1))) + (Assumptions!$B$69*Archetypes!$C$34*(IF($E9=0,0,V9/$E9))*Assumptions!$B$72*POWER(Assumptions!$B$70,Archetypes!$C$18-1)) -> 9443.8125 | AD9: =MAX(0,(AB9)-(AC9)) -> 0 | AF9: =AG8 -> 48.22048 | AG9: =MAX(Assumptions!$B$21,AF9+AH9) -> 52.550843 | AH9: =((AL9*(Assumptions!$B$22+((Assumptions!$B$23-Assumptions!$B$22)*IF(AI9>0,AK9/AI9,0)))*(1+Assumptions!$B$60*(Archetypes!$D$13-1)))+IF(AL9>AI9,AI9*Assumptions!$B$24,0)-IF(IF(AI9>0,AM9/AI9,1)<Assumptions!$B$61,((AM9*(Assumptions!$B$27*(1+Assumptions!$B$28*(Archetypes!$D$14-1))/(1+Assumptions!$B$29*(Archetypes!$D$12-1))))+(((AI9*Archetypes!$D$17*IF(AI9>0,AM9/AI9,1)*Archetypes!$D$31)/100)*Assumptions!$B$30))*Assumptions!$B$62,((AM9*(Assumptions!$B$27*(1+Assumptions!$B$28*(Archetypes!$D$14-1))/(1+Assumptions!$B$29*(Archetypes!$D$12-1))))+(((AI9*Archetypes!$D$17*IF(AI9>0,AM9/AI9,1)*Archetypes!$D$31)/100)*Assumptions!$B$30)))-(Assumptions!$B$25*Assumptions!$B$26*E9))*E9 -> 4.3303628 | AI9: =(Archetypes!$D$11*(IF(AF9<0,1+Assumptions!$B$32*MIN(1,ABS(AF9)/ABS(Assumptions!$B$21)),MAX(0.1,1-Assumptions!$B$31*(AF9/50)))))*$E9 -> 1.2640627 | AJ9: =Archetypes!$D$30 -> 0.104 | AK9: =AI9*AJ9 -> 0.13146252 | AL9: =((AI9-AK9)*Archetypes!$D$15)+(AK9*Archetypes!$D$15*Archetypes!$D$22) -> 1.9749716 | AM9: =AI9*Archetypes!$D$16 -> 0.25281255 | AN9: =(IF(AF9<0,Assumptions!$B$8,IF(AF9<10,Assumptions!$B$34,IF(AF9<25,Assumptions!$B$35,Assumptions!$B$36))))*((((Archetypes!$D$5*Assumptions!$B$4+Archetypes!$D$6*Assumptions!$B$5)*60))+(Assumptions!$B$6*(((Archetypes!$D$11*(IF(AF9<0,1+Assumptions!$B$32*MIN(1,ABS(AF9)/ABS(Assumptions!$B$21)),MAX(0.1,1-Assumptions!$B$31*(AF9/50)))))-((Archetypes!$D$11*(IF(AF9<0,1+Assumptions!$B$32*MIN(1,ABS(AF9)/ABS(Assumptions!$B$21)),MAX(0.1,1-Assumptions!$B$31*(AF9/50)))))*AJ9)*Archetypes!$D$20)+((Archetypes!$D$11*(IF(AF9<0,1+Assumptions!$B$32*MIN(1,ABS(AF9)/ABS(Assumptions!$B$21)),MAX(0.1,1-Assumptions!$B$31*(AF9/50)))))*AJ9*Archetypes!$D$20*Archetypes!$D$21)*Assumptions!$B$18)*(IF($D9=1,1,Assumptions!$B$7)))+(((((Archetypes!$D$11*(IF(AF9<0,1+Assumptions!$B$32*MIN(1,ABS(AF9)/ABS(Assumptions!$B$21)),MAX(0.1,1-Assumptions!$B$31*(AF9/50)))))-((Archetypes!$D$11*(IF(AF9<0,1+Assumptions!$B$32*MIN(1,ABS(AF9)/ABS(Assumptions!$B$21)),MAX(0.1,1-Assumptions!$B$31*(AF9/50)))))*AJ9)*Archetypes!$D$15)*(Archetypes!$D$13*IF(AF9<0,1-Assumptions!$B$33*MIN(1,ABS(AF9)/ABS(Assumptions!$B$21)),1))*5)+(((Archetypes!$D$11*(IF(AF9<0,1+Assumptions!$B$32*MIN(1,ABS(AF9)/ABS(Assumptions!$B$21)),MAX(0.1,1-Assumptions!$B$31*(AF9/50)))))*AJ9*Archetypes!$D$15*Archetypes!$D$22)*(Archetypes!$D$13*IF(AF9<0,1-Assumptions!$B$33*MIN(1,ABS(AF9)/ABS(Assumptions!$B$21)),1))*5*Assumptions!$B$18))*IF(AF9<0,Assumptions!$B$9,1)))*$E9 -> 1173.058 | AO9: =(AO8)+(AN9)-(MAX(0,((AO8)+(AN9)-(AP9)))*(IF(Archetypes!$D$27="",Assumptions!$B$11,Archetypes!$D$27))) -> 9796.9661 | AP9: =Archetypes!$D$36 + (Assumptions!$B$67*(IF($E9=0,0,AI9/$E9))*Assumptions!$B$71*(1+Assumptions!$B$68*(Archetypes!$D$14-1))) + (Assumptions!$B$69*Archetypes!$D$34*(IF($E9=0,0,AI9/$E9))*Assumptions!$B$72*POWER(Assumptions!$B$70,Archetypes!$D$18-1)) -> 20959.901 | AQ9: =MAX(0,(AO9)-(AP9)) -> 0
A10: 6 | B10: =INT(A10/24)+1 -> 1 | C10: =MOD(A10,24) -> 6 | D10: =IF(C10<Assumptions!$B$10,1,0) -> 0 | E10: 1 | F10: =G9 -> -14.123486 | G10: =MAX(Assumptions!$B$21,F10+H10) -> -15 | H10: =((L10*(Assumptions!$B$22+((Assumptions!$B$23-Assumptions!$B$22)*IF(I10>0,K10/I10,0)))*(1+Assumptions!$B$60*(Archetypes!$B$13-1)))+IF(L10>I10,I10*Assumptions!$B$24,0)-IF(IF(I10>0,M10/I10,1)<Assumptions!$B$61,((M10*(Assumptions!$B$27*(1+Assumptions!$B$28*(Archetypes!$B$14-1))/(1+Assumptions!$B$29*(Archetypes!$B$12-1))))+(((I10*Archetypes!$B$17*IF(I10>0,M10/I10,1)*Archetypes!$B$31)/100)*Assumptions!$B$30))*Assumptions!$B$62,((M10*(Assumptions!$B$27*(1+Assumptions!$B$28*(Archetypes!$B$14-1))/(1+Assumptions!$B$29*(Archetypes!$B$12-1))))+(((I10*Archetypes!$B$17*IF(I10>0,M10/I10,1)*Archetypes!$B$31)/100)*Assumptions!$B$30)))-(Assumptions!$B$25*Assumptions!$B$26*E10))*E10 -> -2.7932899 | I10: =(Archetypes!$B$11*(IF(F10<0,1+Assumptions!$B$32*MIN(1,ABS(F10)/ABS(Assumptions!$B$21)),MAX(0.1,1-Assumptions!$B$31*(F10/50)))))*$E10 -> 13.766263 | J10: =Archetypes!$B$30 -> 0.022 | K10: =I10*J10 -> 0.30285779 | L10: =((I10-K10)*Archetypes!$B$15)+(K10*Archetypes!$B$15*Archetypes!$B$22) -> 1.3826835 | M10: =I10*Archetypes!$B$16 -> 10.324697 | N10: =(IF(F10<0,Assumptions!$B$8,IF(F10<10,Assumptions!$B$34,IF(F10<25,Assumptions!$B$35,Assumptions!$B$36))))*((((Archetypes!$B$5*Assumptions!$B$4+Archetypes!$B$6*Assumptions!$B$5)*60))+(Assumptions!$B$6*(((Archetypes!$B$11*(IF(F10<0,1+Assumptions!$B$32*MIN(1,ABS(F10)/ABS(Assumptions!$B$21)),MAX(0.1,1-Assumptions!$B$31*(F10/50)))))-((Archetypes!$B$11*(IF(F10<0,1+Assumptions!$B$32*MIN(1,ABS(F10)/ABS(Assumptions!$B$21)),MAX(0.1,1-Assumptions!$B$31*(F10/50)))))*J10)*Archetypes!$B$20)+((Archetypes!$B$11*(IF(F10<0,1+Assumptions!$B$32*MIN(1,ABS(F10)/ABS(Assumptions!$B$21)),MAX(0.1,1-Assumptions!$B$31*(F10/50)))))*J10*Archetypes!$B$20*Archetypes!$B$21)*Assumptions!$B$18)*(IF($D10=1,1,Assumptions!$B$7)))+(((((Archetypes!$B$11*(IF(F10<0,1+Assumptions!$B$32*MIN(1,ABS(F10)/ABS(Assumptions!$B$21)),MAX(0.1,1-Assumptions!$B$31*(F10/50)))))-((Archetypes!$B$11*(IF(F10<0,1+Assumptions!$B$32*MIN(1,ABS(F10)/ABS(Assumptions!$B$21)),MAX(0.1,1-Assumptions!$B$31*(F10/50)))))*J10)*Archetypes!$B$15)*(Archetypes!$B$13*IF(F10<0,1-Assumptions!$B$33*MIN(1,ABS(F10)/ABS(Assumptions!$B$21)),1))*5)+(((Archetypes!$B$11*(IF(F10<0,1+Assumptions!$B$32*MIN(1,ABS(F10)/ABS(Assumptions!$B$21)),MAX(0.1,1-Assumptions!$B$31*(F10/50)))))*J10*Archetypes!$B$15*Archetypes!$B$22)*(Archetypes!$B$13*IF(F10<0,1-Assumptions!$B$33*MIN(1,ABS(F10)/ABS(Assumptions!$B$21)),1))*5*Assumptions!$B$18))*IF(F10<0,Assumptions!$B$9,1)))*$E10 -> 487.67675 | O10: =(O9)+(N10)-(MAX(0,((O9)+(N10)-(P10)))*(IF(Archetypes!$B$27="",Assumptions!$B$11,Archetypes!$B$27))) -> 3444.631 | P10: =Archetypes!$B$36 + (Assumptions!$B$67*(IF($E10=0,0,I10/$E10))*Assumptions!$B$71*(1+Assumptions!$B$68*(Archetypes!$B$14-1))) + (Assumptions!$B$69*Archetypes!$B$34*(IF($E10=0,0,I10/$E10))*Assumptions!$B$72*POWER(Assumptions!$B$70,Archetypes!$B$18-1)) -> 2657.3406 | Q10: =MAX(0,(O10)-(P10)) -> 787.29035 | S10: =T9 -> 26.312824 | T10: =MAX(Assumptions!$B$21,S10+U10) -> 29.227466 | U10: =((Y10*(Assumptions!$B$22+((Assumptions!$B$23-Assumptions!$B$22)*IF(V10>0,X10/V10,0)))*(1+Assumptions!$B$60*(Archetypes!$C$13-1)))+IF(Y10>V10,V10*Assumptions!$B$24,0)-IF(IF(V10>0,Z10/V10,1)<Assumptions!$B$61,((Z10*(Assumptions!$B$27*(1+Assumptions!$B$28*(Archetypes!$C$14-1))/(1+Assumptions!$B$29*(Archetypes!$C$12-1))))+(((V10*Archetypes!$C$17*IF(V10>0,Z10/V10,1)*Archetypes!$C$31)/100)*Assumptions!$B$30))*Assumptions!$B$62,((Z10*(Assumptions!$B$27*(1+Assumptions!$B$28*(Archetypes!$C$14-1))/(1+Assumptions!$B$29*(Archetypes!$C$12-1))))+(((V10*Archetypes!$C$17*IF(V10>0,Z10/V10,1)*Archetypes!$C$31)/100)*Assumptions!$B$30)))-(Assumptions!$B$25*Assumptions!$B$26*E10))*E10 -> 2.9146417 | V10: =(Archetypes!$C$11*(IF(S10<0,1+Assumptions!$B$32*MIN(1,ABS(S10)/ABS(Assumptions!$B$21)),MAX(0.1,1-Assumptions!$B$31*(S10/50)))))*$E10 -> 4.1054767 | W10: =Archetypes!$C$30 -> 0.038 | X10: =V10*W10 -> 0.15600811 | Y10: =((V10-X10)*Archetypes!$C$15)+(X10*Archetypes!$C$15*Archetypes!$C$22) -> 2.0761396 | Z10: =V10*Archetypes!$C$16 -> 1.8474645 | AA10: =(IF(S10<0,Assumptions!$B$8,IF(S10<10,Assumptions!$B$34,IF(S10<25,Assumptions!$B$35,Assumptions!$B$36))))*((((Archetypes!$C$5*Assumptions!$B$4+Archetypes!$C$6*Assumptions!$B$5)*60))+(Assumptions!$B$6*(((Archetypes!$C$11*(IF(S10<0,1+Assumptions!$B$32*MIN(1,ABS(S10)/ABS(Assumptions!$B$21)),MAX(0.1,1-Assumptions!$B$31*(S10/50)))))-((Archetypes!$C$11*(IF(S10<0,1+Assumptions!$B$32*MIN(1,ABS(S10)/ABS(Assumptions!$B$21)),MAX(0.1,1-Assumptions!$B$31*(S10/50)))))*W10)*Archetypes!$C$20)+((Archetypes!$C$11*(IF(S10<0,1+Assumptions!$B$32*MIN(1,ABS(S10)/ABS(Assumptions!$B$21)),MAX(0.1,1-Assumptions!$B$31*(S10/50)))))*W10*Archetypes!$C$20*Archetypes!$C$21)*Assumptions!$B$18)*(IF($D10=1,1,Assumptions!$B$7)))+(((((Archetypes!$C$11*(IF(S10<0,1+Assumptions!$B$32*MIN(1,ABS(S10)/ABS(Assumptions!$B$21)),MAX(0.1,1-Assumptions!$B$31*(S10/50)))))-((Archetypes!$C$11*(IF(S10<0,1+Assumptions!$B$32*MIN(1,ABS(S10)/ABS(Assumptions!$B$21)),MAX(0.1,1-Assumptions!$B$31*(S10/50)))))*W10)*Archetypes!$C$15)*(Archetypes!$C$13*IF(S10<0,1-Assumptions!$B$33*MIN(1,ABS(S10)/ABS(Assumptions!$B$21)),1))*5)+(((Archetypes!$C$11*(IF(S10<0,1+Assumptions!$B$32*MIN(1,ABS(S10)/ABS(Assumptions!$B$21)),MAX(0.1,1-Assumptions!$B$31*(S10/50)))))*W10*Archetypes!$C$15*Archetypes!$C$22)*(Archetypes!$C$13*IF(S10<0,1-Assumptions!$B$33*MIN(1,ABS(S10)/ABS(Assumptions!$B$21)),1))*5*Assumptions!$B$18))*IF(S10<0,Assumptions!$B$9,1)))*$E10 -> 854.23812 | AB10: =(AB9)+(AA10)-(MAX(0,((AB9)+(AA10)-(AC10)))*(IF(Archetypes!$C$27="",Assumptions!$B$11,Archetypes!$C$27))) -> 7878.1358 | AC10: =Archetypes!$C$36 + (Assumptions!$B$67*(IF($E10=0,0,V10/$E10))*Assumptions!$B$71*(1+Assumptions!$B$68*(Archetypes!$C$14-1))) + (Assumptions!$B$69*Archetypes!$C$34*(IF($E10=0,0,V10/$E10))*Assumptions!$B$72*POWER(Assumptions!$B$70,Archetypes!$C$18-1)) -> 9423.8529 | AD10: =MAX(0,(AB10)-(AC10)) -> 0 | AF10: =AG9 -> 52.550843 | AG10: =MAX(Assumptions!$B$21,AF10+AH10) -> 56.328656 | AH10: =((AL10*(Assumptions!$B$22+((Assumptions!$B$23-Assumptions!$B$22)*IF(AI10>0,AK10/AI10,0)))*(1+Assumptions!$B$60*(Archetypes!$D$13-1)))+IF(AL10>AI10,AI10*Assumptions!$B$24,0)-IF(IF(AI10>0,AM10/AI10,1)<Assumptions!$B$61,((AM10*(Assumptions!$B$27*(1+Assumptions!$B$28*(Archetypes!$D$14-1))/(1+Assumptions!$B$29*(Archetypes!$D$12-1))))+(((AI10*Archetypes!$D$17*IF(AI10>0,AM10/AI10,1)*Archetypes!$D$31)/100)*Assumptions!$B$30))*Assumptions!$B$62,((AM10*(Assumptions!$B$27*(1+Assumptions!$B$28*(Archetypes!$D$14-1))/(1+Assumptions!$B$29*(Archetypes!$D$12-1))))+(((AI10*Archetypes!$D$17*IF(AI10>0,AM10/AI10,1)*Archetypes!$D$31)/100)*Assumptions!$B$30)))-(Assumptions!$B$25*Assumptions!$B$26*E10))*E10 -> 3.7778131 | AI10: =(Archetypes!$D$11*(IF(AF10<0,1+Assumptions!$B$32*MIN(1,ABS(AF10)/ABS(Assumptions!$B$21)),MAX(0.1,1-Assumptions!$B$31*(AF10/50)))))*$E10 -> 1.1081697 | AJ10: =Archetypes!$D$30 -> 0.104 | AK10: =AI10*AJ10 -> 0.11524965 | AL10: =((AI10-AK10)*Archetypes!$D$15)+(AK10*Archetypes!$D$15*Archetypes!$D$22) -> 1.7314043 | AM10: =AI10*Archetypes!$D$16 -> 0.22163393 | AN10: =(IF(AF10<0,Assumptions!$B$8,IF(AF10<10,Assumptions!$B$34,IF(AF10<25,Assumptions!$B$35,Assumptions!$B$36))))*((((Archetypes!$D$5*Assumptions!$B$4+Archetypes!$D$6*Assumptions!$B$5)*60))+(Assumptions!$B$6*(((Archetypes!$D$11*(IF(AF10<0,1+Assumptions!$B$32*MIN(1,ABS(AF10)/ABS(Assumptions!$B$21)),MAX(0.1,1-Assumptions!$B$31*(AF10/50)))))-((Archetypes!$D$11*(IF(AF10<0,1+Assumptions!$B$32*MIN(1,ABS(AF10)/ABS(Assumptions!$B$21)),MAX(0.1,1-Assumptions!$B$31*(AF10/50)))))*AJ10)*Archetypes!$D$20)+((Archetypes!$D$11*(IF(AF10<0,1+Assumptions!$B$32*MIN(1,ABS(AF10)/ABS(Assumptions!$B$21)),MAX(0.1,1-Assumptions!$B$31*(AF10/50)))))*AJ10*Archetypes!$D$20*Archetypes!$D$21)*Assumptions!$B$18)*(IF($D10=1,1,Assumptions!$B$7)))+(((((Archetypes!$D$11*(IF(AF10<0,1+Assumptions!$B$32*MIN(1,ABS(AF10)/ABS(Assumptions!$B$21)),MAX(0.1,1-Assumptions!$B$31*(AF10/50)))))-((Archetypes!$D$11*(IF(AF10<0,1+Assumptions!$B$32*MIN(1,ABS(AF10)/ABS(Assumptions!$B$21)),MAX(0.1,1-Assumptions!$B$31*(AF10/50)))))*AJ10)*Archetypes!$D$15)*(Archetypes!$D$13*IF(AF10<0,1-Assumptions!$B$33*MIN(1,ABS(AF10)/ABS(Assumptions!$B$21)),1))*5)+(((Archetypes!$D$11*(IF(AF10<0,1+Assumptions!$B$32*MIN(1,ABS(AF10)/ABS(Assumptions!$B$21)),MAX(0.1,1-Assumptions!$B$31*(AF10/50)))))*AJ10*Archetypes!$D$15*Archetypes!$D$22)*(Archetypes!$D$13*IF(AF10<0,1-Assumptions!$B$33*MIN(1,ABS(AF10)/ABS(Assumptions!$B$21)),1))*5*Assumptions!$B$18))*IF(AF10<0,Assumptions!$B$9,1)))*$E10 -> 1135.3128 | AO10: =(AO9)+(AN10)-(MAX(0,((AO9)+(AN10)-(AP10)))*(IF(Archetypes!$D$27="",Assumptions!$B$11,Archetypes!$D$27))) -> 10932.279 | AP10: =Archetypes!$D$36 + (Assumptions!$B$67*(IF($E10=0,0,AI10/$E10))*Assumptions!$B$71*(1+Assumptions!$B$68*(Archetypes!$D$14-1))) + (Assumptions!$B$69*Archetypes!$D$34*(IF($E10=0,0,AI10/$E10))*Assumptions!$B$72*POWER(Assumptions!$B$70,Archetypes!$D$18-1)) -> 20929.969 | AQ10: =MAX(0,(AO10)-(AP10)) -> 0
A11: 7 | B11: =INT(A11/24)+1 -> 1 | C11: =MOD(A11,24) -> 7 | D11: =IF(C11<Assumptions!$B$10,1,0) -> 0 | E11: 1 | F11: =G10 -> -15 | G11: =MAX(Assumptions!$B$21,F11+H11) -> -15 | H11: =((L11*(Assumptions!$B$22+((Assumptions!$B$23-Assumptions!$B$22)*IF(I11>0,K11/I11,0)))*(1+Assumptions!$B$60*(Archetypes!$B$13-1)))+IF(L11>I11,I11*Assumptions!$B$24,0)-IF(IF(I11>0,M11/I11,1)<Assumptions!$B$61,((M11*(Assumptions!$B$27*(1+Assumptions!$B$28*(Archetypes!$B$14-1))/(1+Assumptions!$B$29*(Archetypes!$B$12-1))))+(((I11*Archetypes!$B$17*IF(I11>0,M11/I11,1)*Archetypes!$B$31)/100)*Assumptions!$B$30))*Assumptions!$B$62,((M11*(Assumptions!$B$27*(1+Assumptions!$B$28*(Archetypes!$B$14-1))/(1+Assumptions!$B$29*(Archetypes!$B$12-1))))+(((I11*Archetypes!$B$17*IF(I11>0,M11/I11,1)*Archetypes!$B$31)/100)*Assumptions!$B$30)))-(Assumptions!$B$25*Assumptions!$B$26*E11))*E11 -> -2.8381703 | I11: =(Archetypes!$B$11*(IF(F11<0,1+Assumptions!$B$32*MIN(1,ABS(F11)/ABS(Assumptions!$B$21)),MAX(0.1,1-Assumptions!$B$31*(F11/50)))))*$E11 -> 14 | J11: =Archetypes!$B$30 -> 0.022 | K11: =I11*J11 -> 0.308 | L11: =((I11-K11)*Archetypes!$B$15)+(K11*Archetypes!$B$15*Archetypes!$B$22) -> 1.40616 | M11: =I11*Archetypes!$B$16 -> 10.5 | N11: =(IF(F11<0,Assumptions!$B$8,IF(F11<10,Assumptions!$B$34,IF(F11<25,Assumptions!$B$35,Assumptions!$B$36))))*((((Archetypes!$B$5*Assumptions!$B$4+Archetypes!$B$6*Assumptions!$B$5)*60))+(Assumptions!$B$6*(((Archetypes!$B$11*(IF(F11<0,1+Assumptions!$B$32*MIN(1,ABS(F11)/ABS(Assumptions!$B$21)),MAX(0.1,1-Assumptions!$B$31*(F11/50)))))-((Archetypes!$B$11*(IF(F11<0,1+Assumptions!$B$32*MIN(1,ABS(F11)/ABS(Assumptions!$B$21)),MAX(0.1,1-Assumptions!$B$31*(F11/50)))))*J11)*Archetypes!$B$20)+((Archetypes!$B$11*(IF(F11<0,1+Assumptions!$B$32*MIN(1,ABS(F11)/ABS(Assumptions!$B$21)),MAX(0.1,1-Assumptions!$B$31*(F11/50)))))*J11*Archetypes!$B$20*Archetypes!$B$21)*Assumptions!$B$18)*(IF($D11=1,1,Assumptions!$B$7)))+(((((Archetypes!$B$11*(IF(F11<0,1+Assumptions!$B$32*MIN(1,ABS(F11)/ABS(Assumptions!$B$21)),MAX(0.1,1-Assumptions!$B$31*(F11/50)))))-((Archetypes!$B$11*(IF(F11<0,1+Assumptions!$B$32*MIN(1,ABS(F11)/ABS(Assumptions!$B$21)),MAX(0.1,1-Assumptions!$B$31*(F11/50)))))*J11)*Archetypes!$B$15)*(Archetypes!$B$13*IF(F11<0,1-Assumptions!$B$33*MIN(1,ABS(F11)/ABS(Assumptions!$B$21)),1))*5)+(((Archetypes!$B$11*(IF(F11<0,1+Assumptions!$B$32*MIN(1,ABS(F11)/ABS(Assumptions!$B$21)),MAX(0.1,1-Assumptions!$B$31*(F11/50)))))*J11*Archetypes!$B$15*Archetypes!$B$22)*(Archetypes!$B$13*IF(F11<0,1-Assumptions!$B$33*MIN(1,ABS(F11)/ABS(Assumptions!$B$21)),1))*5*Assumptions!$B$18))*IF(F11<0,Assumptions!$B$9,1)))*$E11 -> 484.47854 | O11: =(O10)+(N11)-(MAX(0,((O10)+(N11)-(P11)))*(IF(Archetypes!$B$27="",Assumptions!$B$11,Archetypes!$B$27))) -> 3676.9996 | P11: =Archetypes!$B$36 + (Assumptions!$B$67*(IF($E11=0,0,I11/$E11))*Assumptions!$B$71*(1+Assumptions!$B$68*(Archetypes!$B$14-1))) + (Assumptions!$B$69*Archetypes!$B$34*(IF($E11=0,0,I11/$E11))*Assumptions!$B$72*POWER(Assumptions!$B$70,Archetypes!$B$18-1)) -> 2668.56 | Q11: =MAX(0,(O11)-(P11)) -> 1008.4396 | S11: =T10 -> 29.227466 | T11: =MAX(Assumptions!$B$21,S11+U11) -> 31.985456 | U11: =((Y11*(Assumptions!$B$22+((Assumptions!$B$23-Assumptions!$B$22)*IF(V11>0,X11/V11,0)))*(1+Assumptions!$B$60*(Archetypes!$C$13-1)))+IF(Y11>V11,V11*Assumptions!$B$24,0)-IF(IF(V11>0,Z11/V11,1)<Assumptions!$B$61,((Z11*(Assumptions!$B$27*(1+Assumptions!$B$28*(Archetypes!$C$14-1))/(1+Assumptions!$B$29*(Archetypes!$C$12-1))))+(((V11*Archetypes!$C$17*IF(V11>0,Z11/V11,1)*Archetypes!$C$31)/100)*Assumptions!$B$30))*Assumptions!$B$62,((Z11*(Assumptions!$B$27*(1+Assumptions!$B$28*(Archetypes!$C$14-1))/(1+Assumptions!$B$29*(Archetypes!$C$12-1))))+(((V11*Archetypes!$C$17*IF(V11>0,Z11/V11,1)*Archetypes!$C$31)/100)*Assumptions!$B$30)))-(Assumptions!$B$25*Assumptions!$B$26*E11))*E11 -> 2.7579905 | V11: =(Archetypes!$C$11*(IF(S11<0,1+Assumptions!$B$32*MIN(1,ABS(S11)/ABS(Assumptions!$B$21)),MAX(0.1,1-Assumptions!$B$31*(S11/50)))))*$E11 -> 3.8956225 | W11: =Archetypes!$C$30 -> 0.038 | X11: =V11*W11 -> 0.14803365 | Y11: =((V11-X11)*Archetypes!$C$15)+(X11*Archetypes!$C$15*Archetypes!$C$22) -> 1.9700163 | Z11: =V11*Archetypes!$C$16 -> 1.7530301 | AA11: =(IF(S11<0,Assumptions!$B$8,IF(S11<10,Assumptions!$B$34,IF(S11<25,Assumptions!$B$35,Assumptions!$B$36))))*((((Archetypes!$C$5*Assumptions!$B$4+Archetypes!$C$6*Assumptions!$B$5)*60))+(Assumptions!$B$6*(((Archetypes!$C$11*(IF(S11<0,1+Assumptions!$B$32*MIN(1,ABS(S11)/ABS(Assumptions!$B$21)),MAX(0.1,1-Assumptions!$B$31*(S11/50)))))-((Archetypes!$C$11*(IF(S11<0,1+Assumptions!$B$32*MIN(1,ABS(S11)/ABS(Assumptions!$B$21)),MAX(0.1,1-Assumptions!$B$31*(S11/50)))))*W11)*Archetypes!$C$20)+((Archetypes!$C$11*(IF(S11<0,1+Assumptions!$B$32*MIN(1,ABS(S11)/ABS(Assumptions!$B$21)),MAX(0.1,1-Assumptions!$B$31*(S11/50)))))*W11*Archetypes!$C$20*Archetypes!$C$21)*Assumptions!$B$18)*(IF($D11=1,1,Assumptions!$B$7)))+(((((Archetypes!$C$11*(IF(S11<0,1+Assumptions!$B$32*MIN(1,ABS(S11)/ABS(Assumptions!$B$21)),MAX(0.1,1-Assumptions!$B$31*(S11/50)))))-((Archetypes!$C$11*(IF(S11<0,1+Assumptions!$B$32*MIN(1,ABS(S11)/ABS(Assumptions!$B$21)),MAX(0.1,1-Assumptions!$B$31*(S11/50)))))*W11)*Archetypes!$C$15)*(Archetypes!$C$13*IF(S11<0,1-Assumptions!$B$33*MIN(1,ABS(S11)/ABS(Assumptions!$B$21)),1))*5)+(((Archetypes!$C$11*(IF(S11<0,1+Assumptions!$B$32*MIN(1,ABS(S11)/ABS(Assumptions!$B$21)),MAX(0.1,1-Assumptions!$B$31*(S11/50)))))*W11*Archetypes!$C$15*Archetypes!$C$22)*(Archetypes!$C$13*IF(S11<0,1-Assumptions!$B$33*MIN(1,ABS(S11)/ABS(Assumptions!$B$21)),1))*5*Assumptions!$B$18))*IF(S11<0,Assumptions!$B$9,1)))*$E11 -> 837.94561 | AB11: =(AB10)+(AA11)-(MAX(0,((AB10)+(AA11)-(AC11)))*(IF(Archetypes!$C$27="",Assumptions!$B$11,Archetypes!$C$27))) -> 8716.0814 | AC11: =Archetypes!$C$36 + (Assumptions!$B$67*(IF($E11=0,0,V11/$E11))*Assumptions!$B$71*(1+Assumptions!$B$68*(Archetypes!$C$14-1))) + (Assumptions!$B$69*Archetypes!$C$34*(IF($E11=0,0,V11/$E11))*Assumptions!$B$72*POWER(Assumptions!$B$70,Archetypes!$C$18-1)) -> 9404.966 | AD11: =MAX(0,(AB11)-(AC11)) -> 0 | AF11: =AG10 -> 56.328656 | AG11: =MAX(Assumptions!$B$21,AF11+AH11) -> 59.624424 | AH11: =((AL11*(Assumptions!$B$22+((Assumptions!$B$23-Assumptions!$B$22)*IF(AI11>0,AK11/AI11,0)))*(1+Assumptions!$B$60*(Archetypes!$D$13-1)))+IF(AL11>AI11,AI11*Assumptions!$B$24,0)-IF(IF(AI11>0,AM11/AI11,1)<Assumptions!$B$61,((AM11*(Assumptions!$B$27*(1+Assumptions!$B$28*(Archetypes!$D$14-1))/(1+Assumptions!$B$29*(Archetypes!$D$12-1))))+(((AI11*Archetypes!$D$17*IF(AI11>0,AM11/AI11,1)*Archetypes!$D$31)/100)*Assumptions!$B$30))*Assumptions!$B$62,((AM11*(Assumptions!$B$27*(1+Assumptions!$B$28*(Archetypes!$D$14-1))/(1+Assumptions!$B$29*(Archetypes!$D$12-1))))+(((AI11*Archetypes!$D$17*IF(AI11>0,AM11/AI11,1)*Archetypes!$D$31)/100)*Assumptions!$B$30)))-(Assumptions!$B$25*Assumptions!$B$26*E11))*E11 -> 3.2957682 | AI11: =(Archetypes!$D$11*(IF(AF11<0,1+Assumptions!$B$32*MIN(1,ABS(AF11)/ABS(Assumptions!$B$21)),MAX(0.1,1-Assumptions!$B$31*(AF11/50)))))*$E11 -> 0.97216839 | AJ11: =Archetypes!$D$30 -> 0.104 | AK11: =AI11*AJ11 -> 0.10110551 | AL11: =((AI11-AK11)*Archetypes!$D$15)+(AK11*Archetypes!$D$15*Archetypes!$D$22) -> 1.5189159 | AM11: =AI11*Archetypes!$D$16 -> 0.19443368 | AN11: =(IF(AF11<0,Assumptions!$B$8,IF(AF11<10,Assumptions!$B$34,IF(AF11<25,Assumptions!$B$35,Assumptions!$B$36))))*((((Archetypes!$D$5*Assumptions!$B$4+Archetypes!$D$6*Assumptions!$B$5)*60))+(Assumptions!$B$6*(((Archetypes!$D$11*(IF(AF11<0,1+Assumptions!$B$32*MIN(1,ABS(AF11)/ABS(Assumptions!$B$21)),MAX(0.1,1-Assumptions!$B$31*(AF11/50)))))-((Archetypes!$D$11*(IF(AF11<0,1+Assumptions!$B$32*MIN(1,ABS(AF11)/ABS(Assumptions!$B$21)),MAX(0.1,1-Assumptions!$B$31*(AF11/50)))))*AJ11)*Archetypes!$D$20)+((Archetypes!$D$11*(IF(AF11<0,1+Assumptions!$B$32*MIN(1,ABS(AF11)/ABS(Assumptions!$B$21)),MAX(0.1,1-Assumptions!$B$31*(AF11/50)))))*AJ11*Archetypes!$D$20*Archetypes!$D$21)*Assumptions!$B$18)*(IF($D11=1,1,Assumptions!$B$7)))+(((((Archetypes!$D$11*(IF(AF11<0,1+Assumptions!$B$32*MIN(1,ABS(AF11)/ABS(Assumptions!$B$21)),MAX(0.1,1-Assumptions!$B$31*(AF11/50)))))-((Archetypes!$D$11*(IF(AF11<0,1+Assumptions!$B$32*MIN(1,ABS(AF11)/ABS(Assumptions!$B$21)),MAX(0.1,1-Assumptions!$B$31*(AF11/50)))))*AJ11)*Archetypes!$D$15)*(Archetypes!$D$13*IF(AF11<0,1-Assumptions!$B$33*MIN(1,ABS(AF11)/ABS(Assumptions!$B$21)),1))*5)+(((Archetypes!$D$11*(IF(AF11<0,1+Assumptions!$B$32*MIN(1,ABS(AF11)/ABS(Assumptions!$B$21)),MAX(0.1,1-Assumptions!$B$31*(AF11/50)))))*AJ11*Archetypes!$D$15*Archetypes!$D$22)*(Archetypes!$D$13*IF(AF11<0,1-Assumptions!$B$33*MIN(1,ABS(AF11)/ABS(Assumptions!$B$21)),1))*5*Assumptions!$B$18))*IF(AF11<0,Assumptions!$B$9,1)))*$E11 -> 1102.3838 | AO11: =(AO10)+(AN11)-(MAX(0,((AO10)+(AN11)-(AP11)))*(IF(Archetypes!$D$27="",Assumptions!$B$11,Archetypes!$D$27))) -> 12034.663 | AP11: =Archetypes!$D$36 + (Assumptions!$B$67*(IF($E11=0,0,AI11/$E11))*Assumptions!$B$71*(1+Assumptions!$B$68*(Archetypes!$D$14-1))) + (Assumptions!$B$69*Archetypes!$D$34*(IF($E11=0,0,AI11/$E11))*Assumptions!$B$72*POWER(Assumptions!$B$70,Archetypes!$D$18-1)) -> 20903.857 | AQ11: =MAX(0,(AO11)-(AP11)) -> 0
A12: 8 | B12: =INT(A12/24)+1 -> 1 | C12: =MOD(A12,24) -> 8 | D12: =IF(C12<Assumptions!$B$10,1,0) -> 0 | E12: 1 | F12: =G11 -> -15 | G12: =MAX(Assumptions!$B$21,F12+H12) -> -15 | H12: =((L12*(Assumptions!$B$22+((Assumptions!$B$23-Assumptions!$B$22)*IF(I12>0,K12/I12,0)))*(1+Assumptions!$B$60*(Archetypes!$B$13-1)))+IF(L12>I12,I12*Assumptions!$B$24,0)-IF(IF(I12>0,M12/I12,1)<Assumptions!$B$61,((M12*(Assumptions!$B$27*(1+Assumptions!$B$28*(Archetypes!$B$14-1))/(1+Assumptions!$B$29*(Archetypes!$B$12-1))))+(((I12*Archetypes!$B$17*IF(I12>0,M12/I12,1)*Archetypes!$B$31)/100)*Assumptions!$B$30))*Assumptions!$B$62,((M12*(Assumptions!$B$27*(1+Assumptions!$B$28*(Archetypes!$B$14-1))/(1+Assumptions!$B$29*(Archetypes!$B$12-1))))+(((I12*Archetypes!$B$17*IF(I12>0,M12/I12,1)*Archetypes!$B$31)/100)*Assumptions!$B$30)))-(Assumptions!$B$25*Assumptions!$B$26*E12))*E12 -> -2.8381703 | I12: =(Archetypes!$B$11*(IF(F12<0,1+Assumptions!$B$32*MIN(1,ABS(F12)/ABS(Assumptions!$B$21)),MAX(0.1,1-Assumptions!$B$31*(F12/50)))))*$E12 -> 14 | J12: =Archetypes!$B$30 -> 0.022 | K12: =I12*J12 -> 0.308 | L12: =((I12-K12)*Archetypes!$B$15)+(K12*Archetypes!$B$15*Archetypes!$B$22) -> 1.40616 | M12: =I12*Archetypes!$B$16 -> 10.5 | N12: =(IF(F12<0,Assumptions!$B$8,IF(F12<10,Assumptions!$B$34,IF(F12<25,Assumptions!$B$35,Assumptions!$B$36))))*((((Archetypes!$B$5*Assumptions!$B$4+Archetypes!$B$6*Assumptions!$B$5)*60))+(Assumptions!$B$6*(((Archetypes!$B$11*(IF(F12<0,1+Assumptions!$B$32*MIN(1,ABS(F12)/ABS(Assumptions!$B$21)),MAX(0.1,1-Assumptions!$B$31*(F12/50)))))-((Archetypes!$B$11*(IF(F12<0,1+Assumptions!$B$32*MIN(1,ABS(F12)/ABS(Assumptions!$B$21)),MAX(0.1,1-Assumptions!$B$31*(F12/50)))))*J12)*Archetypes!$B$20)+((Archetypes!$B$11*(IF(F12<0,1+Assumptions!$B$32*MIN(1,ABS(F12)/ABS(Assumptions!$B$21)),MAX(0.1,1-Assumptions!$B$31*(F12/50)))))*J12*Archetypes!$B$20*Archetypes!$B$21)*Assumptions!$B$18)*(IF($D12=1,1,Assumptions!$B$7)))+(((((Archetypes!$B$11*(IF(F12<0,1+Assumptions!$B$32*MIN(1,ABS(F12)/ABS(Assumptions!$B$21)),MAX(0.1,1-Assumptions!$B$31*(F12/50)))))-((Archetypes!$B$11*(IF(F12<0,1+Assumptions!$B$32*MIN(1,ABS(F12)/ABS(Assumptions!$B$21)),MAX(0.1,1-Assumptions!$B$31*(F12/50)))))*J12)*Archetypes!$B$15)*(Archetypes!$B$13*IF(F12<0,1-Assumptions!$B$33*MIN(1,ABS(F12)/ABS(Assumptions!$B$21)),1))*5)+(((Archetypes!$B$11*(IF(F12<0,1+Assumptions!$B$32*MIN(1,ABS(F12)/ABS(Assumptions!$B$21)),MAX(0.1,1-Assumptions!$B$31*(F12/50)))))*J12*Archetypes!$B$15*Archetypes!$B$22)*(Archetypes!$B$13*IF(F12<0,1-Assumptions!$B$33*MIN(1,ABS(F12)/ABS(Assumptions!$B$21)),1))*5*Assumptions!$B$18))*IF(F12<0,Assumptions!$B$9,1)))*$E12 -> 484.47854 | O12: =(O11)+(N12)-(MAX(0,((O11)+(N12)-(P12)))*(IF(Archetypes!$B$27="",Assumptions!$B$11,Archetypes!$B$27))) -> 3862.8945 | P12: =Archetypes!$B$36 + (Assumptions!$B$67*(IF($E12=0,0,I12/$E12))*Assumptions!$B$71*(1+Assumptions!$B$68*(Archetypes!$B$14-1))) + (Assumptions!$B$69*Archetypes!$B$34*(IF($E12=0,0,I12/$E12))*Assumptions!$B$72*POWER(Assumptions!$B$70,Archetypes!$B$18-1)) -> 2668.56 | Q12: =MAX(0,(O12)-(P12)) -> 1194.3345 | S12: =T11 -> 31.985456 | T12: =MAX(Assumptions!$B$21,S12+U12) -> 34.595215 | U12: =((Y12*(Assumptions!$B$22+((Assumptions!$B$23-Assumptions!$B$22)*IF(V12>0,X12/V12,0)))*(1+Assumptions!$B$60*(Archetypes!$C$13-1)))+IF(Y12>V12,V12*Assumptions!$B$24,0)-IF(IF(V12>0,Z12/V12,1)<Assumptions!$B$61,((Z12*(Assumptions!$B$27*(1+Assumptions!$B$28*(Archetypes!$C$14-1))/(1+Assumptions!$B$29*(Archetypes!$C$12-1))))+(((V12*Archetypes!$C$17*IF(V12>0,Z12/V12,1)*Archetypes!$C$31)/100)*Assumptions!$B$30))*Assumptions!$B$62,((Z12*(Assumptions!$B$27*(1+Assumptions!$B$28*(Archetypes!$C$14-1))/(1+Assumptions!$B$29*(Archetypes!$C$12-1))))+(((V12*Archetypes!$C$17*IF(V12>0,Z12/V12,1)*Archetypes!$C$31)/100)*Assumptions!$B$30)))-(Assumptions!$B$25*Assumptions!$B$26*E12))*E12 -> 2.6097587 | V12: =(Archetypes!$C$11*(IF(S12<0,1+Assumptions!$B$32*MIN(1,ABS(S12)/ABS(Assumptions!$B$21)),MAX(0.1,1-Assumptions!$B$31*(S12/50)))))*$E12 -> 3.6970472 | W12: =Archetypes!$C$30 -> 0.038 | X12: =V12*W12 -> 0.14048779 | Y12: =((V12-X12)*Archetypes!$C$15)+(X12*Archetypes!$C$15*Archetypes!$C$22) -> 1.8695967 | Z12: =V12*Archetypes!$C$16 -> 1.6636712 | AA12: =(IF(S12<0,Assumptions!$B$8,IF(S12<10,Assumptions!$B$34,IF(S12<25,Assumptions!$B$35,Assumptions!$B$36))))*((((Archetypes!$C$5*Assumptions!$B$4+Archetypes!$C$6*Assumptions!$B$5)*60))+(Assumptions!$B$6*(((Archetypes!$C$11*(IF(S12<0,1+Assumptions!$B$32*MIN(1,ABS(S12)/ABS(Assumptions!$B$21)),MAX(0.1,1-Assumptions!$B$31*(S12/50)))))-((Archetypes!$C$11*(IF(S12<0,1+Assumptions!$B$32*MIN(1,ABS(S12)/ABS(Assumptions!$B$21)),MAX(0.1,1-Assumptions!$B$31*(S12/50)))))*W12)*Archetypes!$C$20)+((Archetypes!$C$11*(IF(S12<0,1+Assumptions!$B$32*MIN(1,ABS(S12)/ABS(Assumptions!$B$21)),MAX(0.1,1-Assumptions!$B$31*(S12/50)))))*W12*Archetypes!$C$20*Archetypes!$C$21)*Assumptions!$B$18)*(IF($D12=1,1,Assumptions!$B$7)))+(((((Archetypes!$C$11*(IF(S12<0,1+Assumptions!$B$32*MIN(1,ABS(S12)/ABS(Assumptions!$B$21)),MAX(0.1,1-Assumptions!$B$31*(S12/50)))))-((Archetypes!$C$11*(IF(S12<0,1+Assumptions!$B$32*MIN(1,ABS(S12)/ABS(Assumptions!$B$21)),MAX(0.1,1-Assumptions!$B$31*(S12/50)))))*W12)*Archetypes!$C$15)*(Archetypes!$C$13*IF(S12<0,1-Assumptions!$B$33*MIN(1,ABS(S12)/ABS(Assumptions!$B$21)),1))*5)+(((Archetypes!$C$11*(IF(S12<0,1+Assumptions!$B$32*MIN(1,ABS(S12)/ABS(Assumptions!$B$21)),MAX(0.1,1-Assumptions!$B$31*(S12/50)))))*W12*Archetypes!$C$15*Archetypes!$C$22)*(Archetypes!$C$13*IF(S12<0,1-Assumptions!$B$33*MIN(1,ABS(S12)/ABS(Assumptions!$B$21)),1))*5*Assumptions!$B$18))*IF(S12<0,Assumptions!$B$9,1)))*$E12 -> 822.52876 | AB12: =(AB11)+(AA12)-(MAX(0,((AB11)+(AA12)-(AC12)))*(IF(Archetypes!$C$27="",Assumptions!$B$11,Archetypes!$C$27))) -> 9500.7312 | AC12: =Archetypes!$C$36 + (Assumptions!$B$67*(IF($E12=0,0,V12/$E12))*Assumptions!$B$71*(1+Assumptions!$B$68*(Archetypes!$C$14-1))) + (Assumptions!$B$69*Archetypes!$C$34*(IF($E12=0,0,V12/$E12))*Assumptions!$B$72*POWER(Assumptions!$B$70,Archetypes!$C$18-1)) -> 9387.0942 | AD12: =MAX(0,(AB12)-(AC12)) -> 113.63691 | AF12: =AG11 -> 59.624424 | AG12: =MAX(Assumptions!$B$21,AF12+AH12) -> 62.499656 | AH12: =((AL12*(Assumptions!$B$22+((Assumptions!$B$23-Assumptions!$B$22)*IF(AI12>0,AK12/AI12,0)))*(1+Assumptions!$B$60*(Archetypes!$D$13-1)))+IF(AL12>AI12,AI12*Assumptions!$B$24,0)-IF(IF(AI12>0,AM12/AI12,1)<Assumptions!$B$61,((AM12*(Assumptions!$B$27*(1+Assumptions!$B$28*(Archetypes!$D$14-1))/(1+Assumptions!$B$29*(Archetypes!$D$12-1))))+(((AI12*Archetypes!$D$17*IF(AI12>0,AM12/AI12,1)*Archetypes!$D$31)/100)*Assumptions!$B$30))*Assumptions!$B$62,((AM12*(Assumptions!$B$27*(1+Assumptions!$B$28*(Archetypes!$D$14-1))/(1+Assumptions!$B$29*(Archetypes!$D$12-1))))+(((AI12*Archetypes!$D$17*IF(AI12>0,AM12/AI12,1)*Archetypes!$D$31)/100)*Assumptions!$B$30)))-(Assumptions!$B$25*Assumptions!$B$26*E12))*E12 -> 2.8752317 | AI12: =(Archetypes!$D$11*(IF(AF12<0,1+Assumptions!$B$32*MIN(1,ABS(AF12)/ABS(Assumptions!$B$21)),MAX(0.1,1-Assumptions!$B$31*(AF12/50)))))*$E12 -> 0.85352074 | AJ12: =Archetypes!$D$30 -> 0.104 | AK12: =AI12*AJ12 -> 0.088766157 | AL12: =((AI12-AK12)*Archetypes!$D$15)+(AK12*Archetypes!$D$15*Archetypes!$D$22) -> 1.3335408 | AM12: =AI12*Archetypes!$D$16 -> 0.17070415 | AN12: =(IF(AF12<0,Assumptions!$B$8,IF(AF12<10,Assumptions!$B$34,IF(AF12<25,Assumptions!$B$35,Assumptions!$B$36))))*((((Archetypes!$D$5*Assumptions!$B$4+Archetypes!$D$6*Assumptions!$B$5)*60))+(Assumptions!$B$6*(((Archetypes!$D$11*(IF(AF12<0,1+Assumptions!$B$32*MIN(1,ABS(AF12)/ABS(Assumptions!$B$21)),MAX(0.1,1-Assumptions!$B$31*(AF12/50)))))-((Archetypes!$D$11*(IF(AF12<0,1+Assumptions!$B$32*MIN(1,ABS(AF12)/ABS(Assumptions!$B$21)),MAX(0.1,1-Assumptions!$B$31*(AF12/50)))))*AJ12)*Archetypes!$D$20)+((Archetypes!$D$11*(IF(AF12<0,1+Assumptions!$B$32*MIN(1,ABS(AF12)/ABS(Assumptions!$B$21)),MAX(0.1,1-Assumptions!$B$31*(AF12/50)))))*AJ12*Archetypes!$D$20*Archetypes!$D$21)*Assumptions!$B$18)*(IF($D12=1,1,Assumptions!$B$7)))+(((((Archetypes!$D$11*(IF(AF12<0,1+Assumptions!$B$32*MIN(1,ABS(AF12)/ABS(Assumptions!$B$21)),MAX(0.1,1-Assumptions!$B$31*(AF12/50)))))-((Archetypes!$D$11*(IF(AF12<0,1+Assumptions!$B$32*MIN(1,ABS(AF12)/ABS(Assumptions!$B$21)),MAX(0.1,1-Assumptions!$B$31*(AF12/50)))))*AJ12)*Archetypes!$D$15)*(Archetypes!$D$13*IF(AF12<0,1-Assumptions!$B$33*MIN(1,ABS(AF12)/ABS(Assumptions!$B$21)),1))*5)+(((Archetypes!$D$11*(IF(AF12<0,1+Assumptions!$B$32*MIN(1,ABS(AF12)/ABS(Assumptions!$B$21)),MAX(0.1,1-Assumptions!$B$31*(AF12/50)))))*AJ12*Archetypes!$D$15*Archetypes!$D$22)*(Archetypes!$D$13*IF(AF12<0,1-Assumptions!$B$33*MIN(1,ABS(AF12)/ABS(Assumptions!$B$21)),1))*5*Assumptions!$B$18))*IF(AF12<0,Assumptions!$B$9,1)))*$E12 -> 1073.6566 | AO12: =(AO11)+(AN12)-(MAX(0,((AO11)+(AN12)-(AP12)))*(IF(Archetypes!$D$27="",Assumptions!$B$11,Archetypes!$D$27))) -> 13108.319 | AP12: =Archetypes!$D$36 + (Assumptions!$B$67*(IF($E12=0,0,AI12/$E12))*Assumptions!$B$71*(1+Assumptions!$B$68*(Archetypes!$D$14-1))) + (Assumptions!$B$69*Archetypes!$D$34*(IF($E12=0,0,AI12/$E12))*Assumptions!$B$72*POWER(Assumptions!$B$70,Archetypes!$D$18-1)) -> 20881.077 | AQ12: =MAX(0,(AO12)-(AP12)) -> 0
A13: 9 | B13: =INT(A13/24)+1 -> 1 | C13: =MOD(A13,24) -> 9 | D13: =IF(C13<Assumptions!$B$10,1,0) -> 0 | E13: 1 | F13: =G12 -> -15 | G13: =MAX(Assumptions!$B$21,F13+H13) -> -15 | H13: =((L13*(Assumptions!$B$22+((Assumptions!$B$23-Assumptions!$B$22)*IF(I13>0,K13/I13,0)))*(1+Assumptions!$B$60*(Archetypes!$B$13-1)))+IF(L13>I13,I13*Assumptions!$B$24,0)-IF(IF(I13>0,M13/I13,1)<Assumptions!$B$61,((M13*(Assumptions!$B$27*(1+Assumptions!$B$28*(Archetypes!$B$14-1))/(1+Assumptions!$B$29*(Archetypes!$B$12-1))))+(((I13*Archetypes!$B$17*IF(I13>0,M13/I13,1)*Archetypes!$B$31)/100)*Assumptions!$B$30))*Assumptions!$B$62,((M13*(Assumptions!$B$27*(1+Assumptions!$B$28*(Archetypes!$B$14-1))/(1+Assumptions!$B$29*(Archetypes!$B$12-1))))+(((I13*Archetypes!$B$17*IF(I13>0,M13/I13,1)*Archetypes!$B$31)/100)*Assumptions!$B$30)))-(Assumptions!$B$25*Assumptions!$B$26*E13))*E13 -> -2.8381703 | I13: =(Archetypes!$B$11*(IF(F13<0,1+Assumptions!$B$32*MIN(1,ABS(F13)/ABS(Assumptions!$B$21)),MAX(0.1,1-Assumptions!$B$31*(F13/50)))))*$E13 -> 14 | J13: =Archetypes!$B$30 -> 0.022 | K13: =I13*J13 -> 0.308 | L13: =((I13-K13)*Archetypes!$B$15)+(K13*Archetypes!$B$15*Archetypes!$B$22) -> 1.40616 | M13: =I13*Archetypes!$B$16 -> 10.5 | N13: =(IF(F13<0,Assumptions!$B$8,IF(F13<10,Assumptions!$B$34,IF(F13<25,Assumptions!$B$35,Assumptions!$B$36))))*((((Archetypes!$B$5*Assumptions!$B$4+Archetypes!$B$6*Assumptions!$B$5)*60))+(Assumptions!$B$6*(((Archetypes!$B$11*(IF(F13<0,1+Assumptions!$B$32*MIN(1,ABS(F13)/ABS(Assumptions!$B$21)),MAX(0.1,1-Assumptions!$B$31*(F13/50)))))-((Archetypes!$B$11*(IF(F13<0,1+Assumptions!$B$32*MIN(1,ABS(F13)/ABS(Assumptions!$B$21)),MAX(0.1,1-Assumptions!$B$31*(F13/50)))))*J13)*Archetypes!$B$20)+((Archetypes!$B$11*(IF(F13<0,1+Assumptions!$B$32*MIN(1,ABS(F13)/ABS(Assumptions!$B$21)),MAX(0.1,1-Assumptions!$B$31*(F13/50)))))*J13*Archetypes!$B$20*Archetypes!$B$21)*Assumptions!$B$18)*(IF($D13=1,1,Assumptions!$B$7)))+(((((Archetypes!$B$11*(IF(F13<0,1+Assumptions!$B$32*MIN(1,ABS(F13)/ABS(Assumptions!$B$21)),MAX(0.1,1-Assumptions!$B$31*(F13/50)))))-((Archetypes!$B$11*(IF(F13<0,1+Assumptions!$B$32*MIN(1,ABS(F13)/ABS(Assumptions!$B$21)),MAX(0.1,1-Assumptions!$B$31*(F13/50)))))*J13)*Archetypes!$B$15)*(Archetypes!$B$13*IF(F13<0,1-Assumptions!$B$33*MIN(1,ABS(F13)/ABS(Assumptions!$B$21)),1))*5)+(((Archetypes!$B$11*(IF(F13<0,1+Assumptions!$B$32*MIN(1,ABS(F13)/ABS(Assumptions!$B$21)),MAX(0.1,1-Assumptions!$B$31*(F13/50)))))*J13*Archetypes!$B$15*Archetypes!$B$22)*(Archetypes!$B$13*IF(F13<0,1-Assumptions!$B$33*MIN(1,ABS(F13)/ABS(Assumptions!$B$21)),1))*5*Assumptions!$B$18))*IF(F13<0,Assumptions!$B$9,1)))*$E13 -> 484.47854 | O13: =(O12)+(N13)-(MAX(0,((O12)+(N13)-(P13)))*(IF(Archetypes!$B$27="",Assumptions!$B$11,Archetypes!$B$27))) -> 4011.6105 | P13: =Archetypes!$B$36 + (Assumptions!$B$67*(IF($E13=0,0,I13/$E13))*Assumptions!$B$71*(1+Assumptions!$B$68*(Archetypes!$B$14-1))) + (Assumptions!$B$69*Archetypes!$B$34*(IF($E13=0,0,I13/$E13))*Assumptions!$B$72*POWER(Assumptions!$B$70,Archetypes!$B$18-1)) -> 2668.56 | Q13: =MAX(0,(O13)-(P13)) -> 1343.0505 | S13: =T12 -> 34.595215 | T13: =MAX(Assumptions!$B$21,S13+U13) -> 37.064709 | U13: =((Y13*(Assumptions!$B$22+((Assumptions!$B$23-Assumptions!$B$22)*IF(V13>0,X13/V13,0)))*(1+Assumptions!$B$60*(Archetypes!$C$13-1)))+IF(Y13>V13,V13*Assumptions!$B$24,0)-IF(IF(V13>0,Z13/V13,1)<Assumptions!$B$61,((Z13*(Assumptions!$B$27*(1+Assumptions!$B$28*(Archetypes!$C$14-1))/(1+Assumptions!$B$29*(Archetypes!$C$12-1))))+(((V13*Archetypes!$C$17*IF(V13>0,Z13/V13,1)*Archetypes!$C$31)/100)*Assumptions!$B$30))*Assumptions!$B$62,((Z13*(Assumptions!$B$27*(1+Assumptions!$B$28*(Archetypes!$C$14-1))/(1+Assumptions!$B$29*(Archetypes!$C$12-1))))+(((V13*Archetypes!$C$17*IF(V13>0,Z13/V13,1)*Archetypes!$C$31)/100)*Assumptions!$B$30)))-(Assumptions!$B$25*Assumptions!$B$26*E13))*E13 -> 2.4694938 | V13: =(Archetypes!$C$11*(IF(S13<0,1+Assumptions!$B$32*MIN(1,ABS(S13)/ABS(Assumptions!$B$21)),MAX(0.1,1-Assumptions!$B$31*(S13/50)))))*$E13 -> 3.5091445 | W13: =Archetypes!$C$30 -> 0.038 | X13: =V13*W13 -> 0.13334749 | Y13: =((V13-X13)*Archetypes!$C$15)+(X13*Archetypes!$C$15*Archetypes!$C$22) -> 1.7745744 | Z13: =V13*Archetypes!$C$16 -> 1.579115 | AA13: =(IF(S13<0,Assumptions!$B$8,IF(S13<10,Assumptions!$B$34,IF(S13<25,Assumptions!$B$35,Assumptions!$B$36))))*((((Archetypes!$C$5*Assumptions!$B$4+Archetypes!$C$6*Assumptions!$B$5)*60))+(Assumptions!$B$6*(((Archetypes!$C$11*(IF(S13<0,1+Assumptions!$B$32*MIN(1,ABS(S13)/ABS(Assumptions!$B$21)),MAX(0.1,1-Assumptions!$B$31*(S13/50)))))-((Archetypes!$C$11*(IF(S13<0,1+Assumptions!$B$32*MIN(1,ABS(S13)/ABS(Assumptions!$B$21)),MAX(0.1,1-Assumptions!$B$31*(S13/50)))))*W13)*Archetypes!$C$20)+((Archetypes!$C$11*(IF(S13<0,1+Assumptions!$B$32*MIN(1,ABS(S13)/ABS(Assumptions!$B$21)),MAX(0.1,1-Assumptions!$B$31*(S13/50)))))*W13*Archetypes!$C$20*Archetypes!$C$21)*Assumptions!$B$18)*(IF($D13=1,1,Assumptions!$B$7)))+(((((Archetypes!$C$11*(IF(S13<0,1+Assumptions!$B$32*MIN(1,ABS(S13)/ABS(Assumptions!$B$21)),MAX(0.1,1-Assumptions!$B$31*(S13/50)))))-((Archetypes!$C$11*(IF(S13<0,1+Assumptions!$B$32*MIN(1,ABS(S13)/ABS(Assumptions!$B$21)),MAX(0.1,1-Assumptions!$B$31*(S13/50)))))*W13)*Archetypes!$C$15)*(Archetypes!$C$13*IF(S13<0,1-Assumptions!$B$33*MIN(1,ABS(S13)/ABS(Assumptions!$B$21)),1))*5)+(((Archetypes!$C$11*(IF(S13<0,1+Assumptions!$B$32*MIN(1,ABS(S13)/ABS(Assumptions!$B$21)),MAX(0.1,1-Assumptions!$B$31*(S13/50)))))*W13*Archetypes!$C$15*Archetypes!$C$22)*(Archetypes!$C$13*IF(S13<0,1-Assumptions!$B$33*MIN(1,ABS(S13)/ABS(Assumptions!$B$21)),1))*5*Assumptions!$B$18))*IF(S13<0,Assumptions!$B$9,1)))*$E13 -> 807.94051 | AB13: =(AB12)+(AA13)-(MAX(0,((AB12)+(AA13)-(AC13)))*(IF(Archetypes!$C$27="",Assumptions!$B$11,Archetypes!$C$27))) -> 10074.049 | AC13: =Archetypes!$C$36 + (Assumptions!$B$67*(IF($E13=0,0,V13/$E13))*Assumptions!$B$71*(1+Assumptions!$B$68*(Archetypes!$C$14-1))) + (Assumptions!$B$69*Archetypes!$C$34*(IF($E13=0,0,V13/$E13))*Assumptions!$B$72*POWER(Assumptions!$B$70,Archetypes!$C$18-1)) -> 9370.183 | AD13: =MAX(0,(AB13)-(AC13)) -> 703.86649 | AF13: =AG12 -> 62.499656 | AG13: =MAX(Assumptions!$B$21,AF13+AH13) -> 65.008011 | AH13: =((AL13*(Assumptions!$B$22+((Assumptions!$B$23-Assumptions!$B$22)*IF(AI13>0,AK13/AI13,0)))*(1+Assumptions!$B$60*(Archetypes!$D$13-1)))+IF(AL13>AI13,AI13*Assumptions!$B$24,0)-IF(IF(AI13>0,AM13/AI13,1)<Assumptions!$B$61,((AM13*(Assumptions!$B$27*(1+Assumptions!$B$28*(Archetypes!$D$14-1))/(1+Assumptions!$B$29*(Archetypes!$D$12-1))))+(((AI13*Archetypes!$D$17*IF(AI13>0,AM13/AI13,1)*Archetypes!$D$31)/100)*Assumptions!$B$30))*Assumptions!$B$62,((AM13*(Assumptions!$B$27*(1+Assumptions!$B$28*(Archetypes!$D$14-1))/(1+Assumptions!$B$29*(Archetypes!$D$12-1))))+(((AI13*Archetypes!$D$17*IF(AI13>0,AM13/AI13,1)*Archetypes!$D$31)/100)*Assumptions!$B$30)))-(Assumptions!$B$25*Assumptions!$B$26*E13))*E13 -> 2.5083552 | AI13: =(Archetypes!$D$11*(IF(AF13<0,1+Assumptions!$B$32*MIN(1,ABS(AF13)/ABS(Assumptions!$B$21)),MAX(0.1,1-Assumptions!$B$31*(AF13/50)))))*$E13 -> 0.7500124 | AJ13: =Archetypes!$D$30 -> 0.104 | AK13: =AI13*AJ13 -> 0.07800129 | AL13: =((AI13-AK13)*Archetypes!$D$15)+(AK13*Archetypes!$D$15*Archetypes!$D$22) -> 1.1718194 | AM13: =AI13*Archetypes!$D$16 -> 0.15000248 | AN13: =(IF(AF13<0,Assumptions!$B$8,IF(AF13<10,Assumptions!$B$34,IF(AF13<25,Assumptions!$B$35,Assumptions!$B$36))))*((((Archetypes!$D$5*Assumptions!$B$4+Archetypes!$D$6*Assumptions!$B$5)*60))+(Assumptions!$B$6*(((Archetypes!$D$11*(IF(AF13<0,1+Assumptions!$B$32*MIN(1,ABS(AF13)/ABS(Assumptions!$B$21)),MAX(0.1,1-Assumptions!$B$31*(AF13/50)))))-((Archetypes!$D$11*(IF(AF13<0,1+Assumptions!$B$32*MIN(1,ABS(AF13)/ABS(Assumptions!$B$21)),MAX(0.1,1-Assumptions!$B$31*(AF13/50)))))*AJ13)*Archetypes!$D$20)+((Archetypes!$D$11*(IF(AF13<0,1+Assumptions!$B$32*MIN(1,ABS(AF13)/ABS(Assumptions!$B$21)),MAX(0.1,1-Assumptions!$B$31*(AF13/50)))))*AJ13*Archetypes!$D$20*Archetypes!$D$21)*Assumptions!$B$18)*(IF($D13=1,1,Assumptions!$B$7)))+(((((Archetypes!$D$11*(IF(AF13<0,1+Assumptions!$B$32*MIN(1,ABS(AF13)/ABS(Assumptions!$B$21)),MAX(0.1,1-Assumptions!$B$31*(AF13/50)))))-((Archetypes!$D$11*(IF(AF13<0,1+Assumptions!$B$32*MIN(1,ABS(AF13)/ABS(Assumptions!$B$21)),MAX(0.1,1-Assumptions!$B$31*(AF13/50)))))*AJ13)*Archetypes!$D$15)*(Archetypes!$D$13*IF(AF13<0,1-Assumptions!$B$33*MIN(1,ABS(AF13)/ABS(Assumptions!$B$21)),1))*5)+(((Archetypes!$D$11*(IF(AF13<0,1+Assumptions!$B$32*MIN(1,ABS(AF13)/ABS(Assumptions!$B$21)),MAX(0.1,1-Assumptions!$B$31*(AF13/50)))))*AJ13*Archetypes!$D$15*Archetypes!$D$22)*(Archetypes!$D$13*IF(AF13<0,1-Assumptions!$B$33*MIN(1,ABS(AF13)/ABS(Assumptions!$B$21)),1))*5*Assumptions!$B$18))*IF(AF13<0,Assumptions!$B$9,1)))*$E13 -> 1048.5949 | AO13: =(AO12)+(AN13)-(MAX(0,((AO12)+(AN13)-(AP13)))*(IF(Archetypes!$D$27="",Assumptions!$B$11,Archetypes!$D$27))) -> 14156.914 | AP13: =Archetypes!$D$36 + (Assumptions!$B$67*(IF($E13=0,0,AI13/$E13))*Assumptions!$B$71*(1+Assumptions!$B$68*(Archetypes!$D$14-1))) + (Assumptions!$B$69*Archetypes!$D$34*(IF($E13=0,0,AI13/$E13))*Assumptions!$B$72*POWER(Assumptions!$B$70,Archetypes!$D$18-1)) -> 20861.203 | AQ13: =MAX(0,(AO13)-(AP13)) -> 0
A14: 10 | B14: =INT(A14/24)+1 -> 1 | C14: =MOD(A14,24) -> 10 | D14: =IF(C14<Assumptions!$B$10,1,0) -> 0 | E14: 1 | F14: =G13 -> -15 | G14: =MAX(Assumptions!$B$21,F14+H14) -> -15 | H14: =((L14*(Assumptions!$B$22+((Assumptions!$B$23-Assumptions!$B$22)*IF(I14>0,K14/I14,0)))*(1+Assumptions!$B$60*(Archetypes!$B$13-1)))+IF(L14>I14,I14*Assumptions!$B$24,0)-IF(IF(I14>0,M14/I14,1)<Assumptions!$B$61,((M14*(Assumptions!$B$27*(1+Assumptions!$B$28*(Archetypes!$B$14-1))/(1+Assumptions!$B$29*(Archetypes!$B$12-1))))+(((I14*Archetypes!$B$17*IF(I14>0,M14/I14,1)*Archetypes!$B$31)/100)*Assumptions!$B$30))*Assumptions!$B$62,((M14*(Assumptions!$B$27*(1+Assumptions!$B$28*(Archetypes!$B$14-1))/(1+Assumptions!$B$29*(Archetypes!$B$12-1))))+(((I14*Archetypes!$B$17*IF(I14>0,M14/I14,1)*Archetypes!$B$31)/100)*Assumptions!$B$30)))-(Assumptions!$B$25*Assumptions!$B$26*E14))*E14 -> -2.8381703 | I14: =(Archetypes!$B$11*(IF(F14<0,1+Assumptions!$B$32*MIN(1,ABS(F14)/ABS(Assumptions!$B$21)),MAX(0.1,1-Assumptions!$B$31*(F14/50)))))*$E14 -> 14 | J14: =Archetypes!$B$30 -> 0.022 | K14: =I14*J14 -> 0.308 | L14: =((I14-K14)*Archetypes!$B$15)+(K14*Archetypes!$B$15*Archetypes!$B$22) -> 1.40616 | M14: =I14*Archetypes!$B$16 -> 10.5 | N14: =(IF(F14<0,Assumptions!$B$8,IF(F14<10,Assumptions!$B$34,IF(F14<25,Assumptions!$B$35,Assumptions!$B$36))))*((((Archetypes!$B$5*Assumptions!$B$4+Archetypes!$B$6*Assumptions!$B$5)*60))+(Assumptions!$B$6*(((Archetypes!$B$11*(IF(F14<0,1+Assumptions!$B$32*MIN(1,ABS(F14)/ABS(Assumptions!$B$21)),MAX(0.1,1-Assumptions!$B$31*(F14/50)))))-((Archetypes!$B$11*(IF(F14<0,1+Assumptions!$B$32*MIN(1,ABS(F14)/ABS(Assumptions!$B$21)),MAX(0.1,1-Assumptions!$B$31*(F14/50)))))*J14)*Archetypes!$B$20)+((Archetypes!$B$11*(IF(F14<0,1+Assumptions!$B$32*MIN(1,ABS(F14)/ABS(Assumptions!$B$21)),MAX(0.1,1-Assumptions!$B$31*(F14/50)))))*J14*Archetypes!$B$20*Archetypes!$B$21)*Assumptions!$B$18)*(IF($D14=1,1,Assumptions!$B$7)))+(((((Archetypes!$B$11*(IF(F14<0,1+Assumptions!$B$32*MIN(1,ABS(F14)/ABS(Assumptions!$B$21)),MAX(0.1,1-Assumptions!$B$31*(F14/50)))))-((Archetypes!$B$11*(IF(F14<0,1+Assumptions!$B$32*MIN(1,ABS(F14)/ABS(Assumptions!$B$21)),MAX(0.1,1-Assumptions!$B$31*(F14/50)))))*J14)*Archetypes!$B$15)*(Archetypes!$B$13*IF(F14<0,1-Assumptions!$B$33*MIN(1,ABS(F14)/ABS(Assumptions!$B$21)),1))*5)+(((Archetypes!$B$11*(IF(F14<0,1+Assumptions!$B$32*MIN(1,ABS(F14)/ABS(Assumptions!$B$21)),MAX(0.1,1-Assumptions!$B$31*(F14/50)))))*J14*Archetypes!$B$15*Archetypes!$B$22)*(Archetypes!$B$13*IF(F14<0,1-Assumptions!$B$33*MIN(1,ABS(F14)/ABS(Assumptions!$B$21)),1))*5*Assumptions!$B$18))*IF(F14<0,Assumptions!$B$9,1)))*$E14 -> 484.47854 | O14: =(O13)+(N14)-(MAX(0,((O13)+(N14)-(P14)))*(IF(Archetypes!$B$27="",Assumptions!$B$11,Archetypes!$B$27))) -> 4130.5832 | P14: =Archetypes!$B$36 + (Assumptions!$B$67*(IF($E14=0,0,I14/$E14))*Assumptions!$B$71*(1+Assumptions!$B$68*(Archetypes!$B$14-1))) + (Assumptions!$B$69*Archetypes!$B$34*(IF($E14=0,0,I14/$E14))*Assumptions!$B$72*POWER(Assumptions!$B$70,Archetypes!$B$18-1)) -> 2668.56 | Q14: =MAX(0,(O14)-(P14)) -> 1462.0232 | S14: =T13 -> 37.064709 | T14: =MAX(Assumptions!$B$21,S14+U14) -> 39.401476 | U14: =((Y14*(Assumptions!$B$22+((Assumptions!$B$23-Assumptions!$B$22)*IF(V14>0,X14/V14,0)))*(1+Assumptions!$B$60*(Archetypes!$C$13-1)))+IF(Y14>V14,V14*Assumptions!$B$24,0)-IF(IF(V14>0,Z14/V14,1)<Assumptions!$B$61,((Z14*(Assumptions!$B$27*(1+Assumptions!$B$28*(Archetypes!$C$14-1))/(1+Assumptions!$B$29*(Archetypes!$C$12-1))))+(((V14*Archetypes!$C$17*IF(V14>0,Z14/V14,1)*Archetypes!$C$31)/100)*Assumptions!$B$30))*Assumptions!$B$62,((Z14*(Assumptions!$B$27*(1+Assumptions!$B$28*(Archetypes!$C$14-1))/(1+Assumptions!$B$29*(Archetypes!$C$12-1))))+(((V14*Archetypes!$C$17*IF(V14>0,Z14/V14,1)*Archetypes!$C$31)/100)*Assumptions!$B$30)))-(Assumptions!$B$25*Assumptions!$B$26*E14))*E14 -> 2.3367676 | V14: =(Archetypes!$C$11*(IF(S14<0,1+Assumptions!$B$32*MIN(1,ABS(S14)/ABS(Assumptions!$B$21)),MAX(0.1,1-Assumptions!$B$31*(S14/50)))))*$E14 -> 3.331341 | W14: =Archetypes!$C$30 -> 0.038 | X14: =V14*W14 -> 0.12659096 | Y14: =((V14-X14)*Archetypes!$C$15)+(X14*Archetypes!$C$15*Archetypes!$C$22) -> 1.6846591 | Z14: =V14*Archetypes!$C$16 -> 1.4991034 | AA14: =(IF(S14<0,Assumptions!$B$8,IF(S14<10,Assumptions!$B$34,IF(S14<25,Assumptions!$B$35,Assumptions!$B$36))))*((((Archetypes!$C$5*Assumptions!$B$4+Archetypes!$C$6*Assumptions!$B$5)*60))+(Assumptions!$B$6*(((Archetypes!$C$11*(IF(S14<0,1+Assumptions!$B$32*MIN(1,ABS(S14)/ABS(Assumptions!$B$21)),MAX(0.1,1-Assumptions!$B$31*(S14/50)))))-((Archetypes!$C$11*(IF(S14<0,1+Assumptions!$B$32*MIN(1,ABS(S14)/ABS(Assumptions!$B$21)),MAX(0.1,1-Assumptions!$B$31*(S14/50)))))*W14)*Archetypes!$C$20)+((Archetypes!$C$11*(IF(S14<0,1+Assumptions!$B$32*MIN(1,ABS(S14)/ABS(Assumptions!$B$21)),MAX(0.1,1-Assumptions!$B$31*(S14/50)))))*W14*Archetypes!$C$20*Archetypes!$C$21)*Assumptions!$B$18)*(IF($D14=1,1,Assumptions!$B$7)))+(((((Archetypes!$C$11*(IF(S14<0,1+Assumptions!$B$32*MIN(1,ABS(S14)/ABS(Assumptions!$B$21)),MAX(0.1,1-Assumptions!$B$31*(S14/50)))))-((Archetypes!$C$11*(IF(S14<0,1+Assumptions!$B$32*MIN(1,ABS(S14)/ABS(Assumptions!$B$21)),MAX(0.1,1-Assumptions!$B$31*(S14/50)))))*W14)*Archetypes!$C$15)*(Archetypes!$C$13*IF(S14<0,1-Assumptions!$B$33*MIN(1,ABS(S14)/ABS(Assumptions!$B$21)),1))*5)+(((Archetypes!$C$11*(IF(S14<0,1+Assumptions!$B$32*MIN(1,ABS(S14)/ABS(Assumptions!$B$21)),MAX(0.1,1-Assumptions!$B$31*(S14/50)))))*W14*Archetypes!$C$15*Archetypes!$C$22)*(Archetypes!$C$13*IF(S14<0,1-Assumptions!$B$33*MIN(1,ABS(S14)/ABS(Assumptions!$B$21)),1))*5*Assumptions!$B$18))*IF(S14<0,Assumptions!$B$9,1)))*$E14 -> 794.13632 | AB14: =(AB13)+(AA14)-(MAX(0,((AB13)+(AA14)-(AC14)))*(IF(Archetypes!$C$27="",Assumptions!$B$11,Archetypes!$C$27))) -> 10489.685 | AC14: =Archetypes!$C$36 + (Assumptions!$B$67*(IF($E14=0,0,V14/$E14))*Assumptions!$B$71*(1+Assumptions!$B$68*(Archetypes!$C$14-1))) + (Assumptions!$B$69*Archetypes!$C$34*(IF($E14=0,0,V14/$E14))*Assumptions!$B$72*POWER(Assumptions!$B$70,Archetypes!$C$18-1)) -> 9354.1807 | AD14: =MAX(0,(AB14)-(AC14)) -> 1135.5038 | AF14: =AG13 -> 65.008011 | AG14: =MAX(Assumptions!$B$21,AF14+AH14) -> 67.196302 | AH14: =((AL14*(Assumptions!$B$22+((Assumptions!$B$23-Assumptions!$B$22)*IF(AI14>0,AK14/AI14,0)))*(1+Assumptions!$B$60*(Archetypes!$D$13-1)))+IF(AL14>AI14,AI14*Assumptions!$B$24,0)-IF(IF(AI14>0,AM14/AI14,1)<Assumptions!$B$61,((AM14*(Assumptions!$B$27*(1+Assumptions!$B$28*(Archetypes!$D$14-1))/(1+Assumptions!$B$29*(Archetypes!$D$12-1))))+(((AI14*Archetypes!$D$17*IF(AI14>0,AM14/AI14,1)*Archetypes!$D$31)/100)*Assumptions!$B$30))*Assumptions!$B$62,((AM14*(Assumptions!$B$27*(1+Assumptions!$B$28*(Archetypes!$D$14-1))/(1+Assumptions!$B$29*(Archetypes!$D$12-1))))+(((AI14*Archetypes!$D$17*IF(AI14>0,AM14/AI14,1)*Archetypes!$D$31)/100)*Assumptions!$B$30)))-(Assumptions!$B$25*Assumptions!$B$26*E14))*E14 -> 2.1882917 | AI14: =(Archetypes!$D$11*(IF(AF14<0,1+Assumptions!$B$32*MIN(1,ABS(AF14)/ABS(Assumptions!$B$21)),MAX(0.1,1-Assumptions!$B$31*(AF14/50)))))*$E14 -> 0.65971161 | AJ14: =Archetypes!$D$30 -> 0.104 | AK14: =AI14*AJ14 -> 0.068610008 | AL14: =((AI14-AK14)*Archetypes!$D$15)+(AK14*Archetypes!$D$15*Archetypes!$D$22) -> 1.0307334 | AM14: =AI14*Archetypes!$D$16 -> 0.13194232 | AN14: =(IF(AF14<0,Assumptions!$B$8,IF(AF14<10,Assumptions!$B$34,IF(AF14<25,Assumptions!$B$35,Assumptions!$B$36))))*((((Archetypes!$D$5*Assumptions!$B$4+Archetypes!$D$6*Assumptions!$B$5)*60))+(Assumptions!$B$6*(((Archetypes!$D$11*(IF(AF14<0,1+Assumptions!$B$32*MIN(1,ABS(AF14)/ABS(Assumptions!$B$21)),MAX(0.1,1-Assumptions!$B$31*(AF14/50)))))-((Archetypes!$D$11*(IF(AF14<0,1+Assumptions!$B$32*MIN(1,ABS(AF14)/ABS(Assumptions!$B$21)),MAX(0.1,1-Assumptions!$B$31*(AF14/50)))))*AJ14)*Archetypes!$D$20)+((Archetypes!$D$11*(IF(AF14<0,1+Assumptions!$B$32*MIN(1,ABS(AF14)/ABS(Assumptions!$B$21)),MAX(0.1,1-Assumptions!$B$31*(AF14/50)))))*AJ14*Archetypes!$D$20*Archetypes!$D$21)*Assumptions!$B$18)*(IF($D14=1,1,Assumptions!$B$7)))+(((((Archetypes!$D$11*(IF(AF14<0,1+Assumptions!$B$32*MIN(1,ABS(AF14)/ABS(Assumptions!$B$21)),MAX(0.1,1-Assumptions!$B$31*(AF14/50)))))-((Archetypes!$D$11*(IF(AF14<0,1+Assumptions!$B$32*MIN(1,ABS(AF14)/ABS(Assumptions!$B$21)),MAX(0.1,1-Assumptions!$B$31*(AF14/50)))))*AJ14)*Archetypes!$D$15)*(Archetypes!$D$13*IF(AF14<0,1-Assumptions!$B$33*MIN(1,ABS(AF14)/ABS(Assumptions!$B$21)),1))*5)+(((Archetypes!$D$11*(IF(AF14<0,1+Assumptions!$B$32*MIN(1,ABS(AF14)/ABS(Assumptions!$B$21)),MAX(0.1,1-Assumptions!$B$31*(AF14/50)))))*AJ14*Archetypes!$D$15*Archetypes!$D$22)*(Archetypes!$D$13*IF(AF14<0,1-Assumptions!$B$33*MIN(1,ABS(AF14)/ABS(Assumptions!$B$21)),1))*5*Assumptions!$B$18))*IF(AF14<0,Assumptions!$B$9,1)))*$E14 -> 1026.731 | AO14: =(AO13)+(AN14)-(MAX(0,((AO13)+(AN14)-(AP14)))*(IF(Archetypes!$D$27="",Assumptions!$B$11,Archetypes!$D$27))) -> 15183.645 | AP14: =Archetypes!$D$36 + (Assumptions!$B$67*(IF($E14=0,0,AI14/$E14))*Assumptions!$B$71*(1+Assumptions!$B$68*(Archetypes!$D$14-1))) + (Assumptions!$B$69*Archetypes!$D$34*(IF($E14=0,0,AI14/$E14))*Assumptions!$B$72*POWER(Assumptions!$B$70,Archetypes!$D$18-1)) -> 20843.865 | AQ14: =MAX(0,(AO14)-(AP14)) -> 0
A15: 11 | B15: =INT(A15/24)+1 -> 1 | C15: =MOD(A15,24) -> 11 | D15: =IF(C15<Assumptions!$B$10,1,0) -> 0 | E15: 1 | F15: =G14 -> -15 | G15: =MAX(Assumptions!$B$21,F15+H15) -> -15 | H15: =((L15*(Assumptions!$B$22+((Assumptions!$B$23-Assumptions!$B$22)*IF(I15>0,K15/I15,0)))*(1+Assumptions!$B$60*(Archetypes!$B$13-1)))+IF(L15>I15,I15*Assumptions!$B$24,0)-IF(IF(I15>0,M15/I15,1)<Assumptions!$B$61,((M15*(Assumptions!$B$27*(1+Assumptions!$B$28*(Archetypes!$B$14-1))/(1+Assumptions!$B$29*(Archetypes!$B$12-1))))+(((I15*Archetypes!$B$17*IF(I15>0,M15/I15,1)*Archetypes!$B$31)/100)*Assumptions!$B$30))*Assumptions!$B$62,((M15*(Assumptions!$B$27*(1+Assumptions!$B$28*(Archetypes!$B$14-1))/(1+Assumptions!$B$29*(Archetypes!$B$12-1))))+(((I15*Archetypes!$B$17*IF(I15>0,M15/I15,1)*Archetypes!$B$31)/100)*Assumptions!$B$30)))-(Assumptions!$B$25*Assumptions!$B$26*E15))*E15 -> -2.8381703 | I15: =(Archetypes!$B$11*(IF(F15<0,1+Assumptions!$B$32*MIN(1,ABS(F15)/ABS(Assumptions!$B$21)),MAX(0.1,1-Assumptions!$B$31*(F15/50)))))*$E15 -> 14 | J15: =Archetypes!$B$30 -> 0.022 | K15: =I15*J15 -> 0.308 | L15: =((I15-K15)*Archetypes!$B$15)+(K15*Archetypes!$B$15*Archetypes!$B$22) -> 1.40616 | M15: =I15*Archetypes!$B$16 -> 10.5 | N15: =(IF(F15<0,Assumptions!$B$8,IF(F15<10,Assumptions!$B$34,IF(F15<25,Assumptions!$B$35,Assumptions!$B$36))))*((((Archetypes!$B$5*Assumptions!$B$4+Archetypes!$B$6*Assumptions!$B$5)*60))+(Assumptions!$B$6*(((Archetypes!$B$11*(IF(F15<0,1+Assumptions!$B$32*MIN(1,ABS(F15)/ABS(Assumptions!$B$21)),MAX(0.1,1-Assumptions!$B$31*(F15/50)))))-((Archetypes!$B$11*(IF(F15<0,1+Assumptions!$B$32*MIN(1,ABS(F15)/ABS(Assumptions!$B$21)),MAX(0.1,1-Assumptions!$B$31*(F15/50)))))*J15)*Archetypes!$B$20)+((Archetypes!$B$11*(IF(F15<0,1+Assumptions!$B$32*MIN(1,ABS(F15)/ABS(Assumptions!$B$21)),MAX(0.1,1-Assumptions!$B$31*(F15/50)))))*J15*Archetypes!$B$20*Archetypes!$B$21)*Assumptions!$B$18)*(IF($D15=1,1,Assumptions!$B$7)))+(((((Archetypes!$B$11*(IF(F15<0,1+Assumptions!$B$32*MIN(1,ABS(F15)/ABS(Assumptions!$B$21)),MAX(0.1,1-Assumptions!$B$31*(F15/50)))))-((Archetypes!$B$11*(IF(F15<0,1+Assumptions!$B$32*MIN(1,ABS(F15)/ABS(Assumptions!$B$21)),MAX(0.1,1-Assumptions!$B$31*(F15/50)))))*J15)*Archetypes!$B$15)*(Archetypes!$B$13*IF(F15<0,1-Assumptions!$B$33*MIN(1,ABS(F15)/ABS(Assumptions!$B$21)),1))*5)+(((Archetypes!$B$11*(IF(F15<0,1+Assumptions!$B$32*MIN(1,ABS(F15)/ABS(Assumptions!$B$21)),MAX(0.1,1-Assumptions!$B$31*(F15/50)))))*J15*Archetypes!$B$15*Archetypes!$B$22)*(Archetypes!$B$13*IF(F15<0,1-Assumptions!$B$33*MIN(1,ABS(F15)/ABS(Assumptions!$B$21)),1))*5*Assumptions!$B$18))*IF(F15<0,Assumptions!$B$9,1)))*$E15 -> 484.47854 | O15: =(O14)+(N15)-(MAX(0,((O14)+(N15)-(P15)))*(IF(Archetypes!$B$27="",Assumptions!$B$11,Archetypes!$B$27))) -> 4225.7614 | P15: =Archetypes!$B$36 + (Assumptions!$B$67*(IF($E15=0,0,I15/$E15))*Assumptions!$B$71*(1+Assumptions!$B$68*(Archetypes!$B$14-1))) + (Assumptions!$B$69*Archetypes!$B$34*(IF($E15=0,0,I15/$E15))*Assumptions!$B$72*POWER(Assumptions!$B$70,Archetypes!$B$18-1)) -> 2668.56 | Q15: =MAX(0,(O15)-(P15)) -> 1557.2014 | S15: =T14 -> 39.401476 | T15: =MAX(Assumptions!$B$21,S15+U15) -> 41.612651 | U15: =((Y15*(Assumptions!$B$22+((Assumptions!$B$23-Assumptions!$B$22)*IF(V15>0,X15/V15,0)))*(1+Assumptions!$B$60*(Archetypes!$C$13-1)))+IF(Y15>V15,V15*Assumptions!$B$24,0)-IF(IF(V15>0,Z15/V15,1)<Assumptions!$B$61,((Z15*(Assumptions!$B$27*(1+Assumptions!$B$28*(Archetypes!$C$14-1))/(1+Assumptions!$B$29*(Archetypes!$C$12-1))))+(((V15*Archetypes!$C$17*IF(V15>0,Z15/V15,1)*Archetypes!$C$31)/100)*Assumptions!$B$30))*Assumptions!$B$62,((Z15*(Assumptions!$B$27*(1+Assumptions!$B$28*(Archetypes!$C$14-1))/(1+Assumptions!$B$29*(Archetypes!$C$12-1))))+(((V15*Archetypes!$C$17*IF(V15>0,Z15/V15,1)*Archetypes!$C$31)/100)*Assumptions!$B$30)))-(Assumptions!$B$25*Assumptions!$B$26*E15))*E15 -> 2.211175 | V15: =(Archetypes!$C$11*(IF(S15<0,1+Assumptions!$B$32*MIN(1,ABS(S15)/ABS(Assumptions!$B$21)),MAX(0.1,1-Assumptions!$B$31*(S15/50)))))*$E15 -> 3.1630937 | W15: =Archetypes!$C$30 -> 0.038 | X15: =V15*W15 -> 0.12019756 | Y15: =((V15-X15)*Archetypes!$C$15)+(X15*Archetypes!$C$15*Archetypes!$C$22) -> 1.5995765 | Z15: =V15*Archetypes!$C$16 -> 1.4233922 | AA15: =(IF(S15<0,Assumptions!$B$8,IF(S15<10,Assumptions!$B$34,IF(S15<25,Assumptions!$B$35,Assumptions!$B$36))))*((((Archetypes!$C$5*Assumptions!$B$4+Archetypes!$C$6*Assumptions!$B$5)*60))+(Assumptions!$B$6*(((Archetypes!$C$11*(IF(S15<0,1+Assumptions!$B$32*MIN(1,ABS(S15)/ABS(Assumptions!$B$21)),MAX(0.1,1-Assumptions!$B$31*(S15/50)))))-((Archetypes!$C$11*(IF(S15<0,1+Assumptions!$B$32*MIN(1,ABS(S15)/ABS(Assumptions!$B$21)),MAX(0.1,1-Assumptions!$B$31*(S15/50)))))*W15)*Archetypes!$C$20)+((Archetypes!$C$11*(IF(S15<0,1+Assumptions!$B$32*MIN(1,ABS(S15)/ABS(Assumptions!$B$21)),MAX(0.1,1-Assumptions!$B$31*(S15/50)))))*W15*Archetypes!$C$20*Archetypes!$C$21)*Assumptions!$B$18)*(IF($D15=1,1,Assumptions!$B$7)))+(((((Archetypes!$C$11*(IF(S15<0,1+Assumptions!$B$32*MIN(1,ABS(S15)/ABS(Assumptions!$B$21)),MAX(0.1,1-Assumptions!$B$31*(S15/50)))))-((Archetypes!$C$11*(IF(S15<0,1+Assumptions!$B$32*MIN(1,ABS(S15)/ABS(Assumptions!$B$21)),MAX(0.1,1-Assumptions!$B$31*(S15/50)))))*W15)*Archetypes!$C$15)*(Archetypes!$C$13*IF(S15<0,1-Assumptions!$B$33*MIN(1,ABS(S15)/ABS(Assumptions!$B$21)),1))*5)+(((Archetypes!$C$11*(IF(S15<0,1+Assumptions!$B$32*MIN(1,ABS(S15)/ABS(Assumptions!$B$21)),MAX(0.1,1-Assumptions!$B$31*(S15/50)))))*W15*Archetypes!$C$15*Archetypes!$C$22)*(Archetypes!$C$13*IF(S15<0,1-Assumptions!$B$33*MIN(1,ABS(S15)/ABS(Assumptions!$B$21)),1))*5*Assumptions!$B$18))*IF(S15<0,Assumptions!$B$9,1)))*$E15 -> 781.07406 | AB15: =(AB14)+(AA15)-(MAX(0,((AB14)+(AA15)-(AC15)))*(IF(Archetypes!$C$27="",Assumptions!$B$11,Archetypes!$C$27))) -> 10787.829 | AC15: =Archetypes!$C$36 + (Assumptions!$B$67*(IF($E15=0,0,V15/$E15))*Assumptions!$B$71*(1+Assumptions!$B$68*(Archetypes!$C$14-1))) + (Assumptions!$B$69*Archetypes!$C$34*(IF($E15=0,0,V15/$E15))*Assumptions!$B$72*POWER(Assumptions!$B$70,Archetypes!$C$18-1)) -> 9339.0384 | AD15: =MAX(0,(AB15)-(AC15)) -> 1448.7901 | AF15: =AG14 -> 67.196302 | AG15: =MAX(Assumptions!$B$21,AF15+AH15) -> 69.10537 | AH15: =((AL15*(Assumptions!$B$22+((Assumptions!$B$23-Assumptions!$B$22)*IF(AI15>0,AK15/AI15,0)))*(1+Assumptions!$B$60*(Archetypes!$D$13-1)))+IF(AL15>AI15,AI15*Assumptions!$B$24,0)-IF(IF(AI15>0,AM15/AI15,1)<Assumptions!$B$61,((AM15*(Assumptions!$B$27*(1+Assumptions!$B$28*(Archetypes!$D$14-1))/(1+Assumptions!$B$29*(Archetypes!$D$12-1))))+(((AI15*Archetypes!$D$17*IF(AI15>0,AM15/AI15,1)*Archetypes!$D$31)/100)*Assumptions!$B$30))*Assumptions!$B$62,((AM15*(Assumptions!$B$27*(1+Assumptions!$B$28*(Archetypes!$D$14-1))/(1+Assumptions!$B$29*(Archetypes!$D$12-1))))+(((AI15*Archetypes!$D$17*IF(AI15>0,AM15/AI15,1)*Archetypes!$D$31)/100)*Assumptions!$B$30)))-(Assumptions!$B$25*Assumptions!$B$26*E15))*E15 -> 1.909068 | AI15: =(Archetypes!$D$11*(IF(AF15<0,1+Assumptions!$B$32*MIN(1,ABS(AF15)/ABS(Assumptions!$B$21)),MAX(0.1,1-Assumptions!$B$31*(AF15/50)))))*$E15 -> 0.58093311 | AJ15: =Archetypes!$D$30 -> 0.104 | AK15: =AI15*AJ15 -> 0.060417044 | AL15: =((AI15-AK15)*Archetypes!$D$15)+(AK15*Archetypes!$D$15*Archetypes!$D$22) -> 0.90764989 | AM15: =AI15*Archetypes!$D$16 -> 0.11618662 | AN15: =(IF(AF15<0,Assumptions!$B$8,IF(AF15<10,Assumptions!$B$34,IF(AF15<25,Assumptions!$B$35,Assumptions!$B$36))))*((((Archetypes!$D$5*Assumptions!$B$4+Archetypes!$D$6*Assumptions!$B$5)*60))+(Assumptions!$B$6*(((Archetypes!$D$11*(IF(AF15<0,1+Assumptions!$B$32*MIN(1,ABS(AF15)/ABS(Assumptions!$B$21)),MAX(0.1,1-Assumptions!$B$31*(AF15/50)))))-((Archetypes!$D$11*(IF(AF15<0,1+Assumptions!$B$32*MIN(1,ABS(AF15)/ABS(Assumptions!$B$21)),MAX(0.1,1-Assumptions!$B$31*(AF15/50)))))*AJ15)*Archetypes!$D$20)+((Archetypes!$D$11*(IF(AF15<0,1+Assumptions!$B$32*MIN(1,ABS(AF15)/ABS(Assumptions!$B$21)),MAX(0.1,1-Assumptions!$B$31*(AF15/50)))))*AJ15*Archetypes!$D$20*Archetypes!$D$21)*Assumptions!$B$18)*(IF($D15=1,1,Assumptions!$B$7)))+(((((Archetypes!$D$11*(IF(AF15<0,1+Assumptions!$B$32*MIN(1,ABS(AF15)/ABS(Assumptions!$B$21)),MAX(0.1,1-Assumptions!$B$31*(AF15/50)))))-((Archetypes!$D$11*(IF(AF15<0,1+Assumptions!$B$32*MIN(1,ABS(AF15)/ABS(Assumptions!$B$21)),MAX(0.1,1-Assumptions!$B$31*(AF15/50)))))*AJ15)*Archetypes!$D$15)*(Archetypes!$D$13*IF(AF15<0,1-Assumptions!$B$33*MIN(1,ABS(AF15)/ABS(Assumptions!$B$21)),1))*5)+(((Archetypes!$D$11*(IF(AF15<0,1+Assumptions!$B$32*MIN(1,ABS(AF15)/ABS(Assumptions!$B$21)),MAX(0.1,1-Assumptions!$B$31*(AF15/50)))))*AJ15*Archetypes!$D$15*Archetypes!$D$22)*(Archetypes!$D$13*IF(AF15<0,1-Assumptions!$B$33*MIN(1,ABS(AF15)/ABS(Assumptions!$B$21)),1))*5*Assumptions!$B$18))*IF(AF15<0,Assumptions!$B$9,1)))*$E15 -> 1007.657 | AO15: =(AO14)+(AN15)-(MAX(0,((AO14)+(AN15)-(AP15)))*(IF(Archetypes!$D$27="",Assumptions!$B$11,Archetypes!$D$27))) -> 16191.302 | AP15: =Archetypes!$D$36 + (Assumptions!$B$67*(IF($E15=0,0,AI15/$E15))*Assumptions!$B$71*(1+Assumptions!$B$68*(Archetypes!$D$14-1))) + (Assumptions!$B$69*Archetypes!$D$34*(IF($E15=0,0,AI15/$E15))*Assumptions!$B$72*POWER(Assumptions!$B$70,Archetypes!$D$18-1)) -> 20828.74 | AQ15: =MAX(0,(AO15)-(AP15)) -> 0
A16: 12 | B16: =INT(A16/24)+1 -> 1 | C16: =MOD(A16,24) -> 12 | D16: =IF(C16<Assumptions!$B$10,1,0) -> 0 | E16: 1 | F16: =G15 -> -15 | G16: =MAX(Assumptions!$B$21,F16+H16) -> -15 | H16: =((L16*(Assumptions!$B$22+((Assumptions!$B$23-Assumptions!$B$22)*IF(I16>0,K16/I16,0)))*(1+Assumptions!$B$60*(Archetypes!$B$13-1)))+IF(L16>I16,I16*Assumptions!$B$24,0)-IF(IF(I16>0,M16/I16,1)<Assumptions!$B$61,((M16*(Assumptions!$B$27*(1+Assumptions!$B$28*(Archetypes!$B$14-1))/(1+Assumptions!$B$29*(Archetypes!$B$12-1))))+(((I16*Archetypes!$B$17*IF(I16>0,M16/I16,1)*Archetypes!$B$31)/100)*Assumptions!$B$30))*Assumptions!$B$62,((M16*(Assumptions!$B$27*(1+Assumptions!$B$28*(Archetypes!$B$14-1))/(1+Assumptions!$B$29*(Archetypes!$B$12-1))))+(((I16*Archetypes!$B$17*IF(I16>0,M16/I16,1)*Archetypes!$B$31)/100)*Assumptions!$B$30)))-(Assumptions!$B$25*Assumptions!$B$26*E16))*E16 -> -2.8381703 | I16: =(Archetypes!$B$11*(IF(F16<0,1+Assumptions!$B$32*MIN(1,ABS(F16)/ABS(Assumptions!$B$21)),MAX(0.1,1-Assumptions!$B$31*(F16/50)))))*$E16 -> 14 | J16: =Archetypes!$B$30 -> 0.022 | K16: =I16*J16 -> 0.308 | L16: =((I16-K16)*Archetypes!$B$15)+(K16*Archetypes!$B$15*Archetypes!$B$22) -> 1.40616 | M16: =I16*Archetypes!$B$16 -> 10.5 | N16: =(IF(F16<0,Assumptions!$B$8,IF(F16<10,Assumptions!$B$34,IF(F16<25,Assumptions!$B$35,Assumptions!$B$36))))*((((Archetypes!$B$5*Assumptions!$B$4+Archetypes!$B$6*Assumptions!$B$5)*60))+(Assumptions!$B$6*(((Archetypes!$B$11*(IF(F16<0,1+Assumptions!$B$32*MIN(1,ABS(F16)/ABS(Assumptions!$B$21)),MAX(0.1,1-Assumptions!$B$31*(F16/50)))))-((Archetypes!$B$11*(IF(F16<0,1+Assumptions!$B$32*MIN(1,ABS(F16)/ABS(Assumptions!$B$21)),MAX(0.1,1-Assumptions!$B$31*(F16/50)))))*J16)*Archetypes!$B$20)+((Archetypes!$B$11*(IF(F16<0,1+Assumptions!$B$32*MIN(1,ABS(F16)/ABS(Assumptions!$B$21)),MAX(0.1,1-Assumptions!$B$31*(F16/50)))))*J16*Archetypes!$B$20*Archetypes!$B$21)*Assumptions!$B$18)*(IF($D16=1,1,Assumptions!$B$7)))+(((((Archetypes!$B$11*(IF(F16<0,1+Assumptions!$B$32*MIN(1,ABS(F16)/ABS(Assumptions!$B$21)),MAX(0.1,1-Assumptions!$B$31*(F16/50)))))-((Archetypes!$B$11*(IF(F16<0,1+Assumptions!$B$32*MIN(1,ABS(F16)/ABS(Assumptions!$B$21)),MAX(0.1,1-Assumptions!$B$31*(F16/50)))))*J16)*Archetypes!$B$15)*(Archetypes!$B$13*IF(F16<0,1-Assumptions!$B$33*MIN(1,ABS(F16)/ABS(Assumptions!$B$21)),1))*5)+(((Archetypes!$B$11*(IF(F16<0,1+Assumptions!$B$32*MIN(1,ABS(F16)/ABS(Assumptions!$B$21)),MAX(0.1,1-Assumptions!$B$31*(F16/50)))))*J16*Archetypes!$B$15*Archetypes!$B$22)*(Archetypes!$B$13*IF(F16<0,1-Assumptions!$B$33*MIN(1,ABS(F16)/ABS(Assumptions!$B$21)),1))*5*Assumptions!$B$18))*IF(F16<0,Assumptions!$B$9,1)))*$E16 -> 484.47854 | O16: =(O15)+(N16)-(MAX(0,((O15)+(N16)-(P16)))*(IF(Archetypes!$B$27="",Assumptions!$B$11,Archetypes!$B$27))) -> 4301.904 | P16: =Archetypes!$B$36 + (Assumptions!$B$67*(IF($E16=0,0,I16/$E16))*Assumptions!$B$71*(1+Assumptions!$B$68*(Archetypes!$B$14-1))) + (Assumptions!$B$69*Archetypes!$B$34*(IF($E16=0,0,I16/$E16))*Assumptions!$B$72*POWER(Assumptions!$B$70,Archetypes!$B$18-1)) -> 2668.56 | Q16: =MAX(0,(O16)-(P16)) -> 1633.344 | S16: =T15 -> 41.612651 | T16: =MAX(Assumptions!$B$21,S16+U16) -> 43.704984 | U16: =((Y16*(Assumptions!$B$22+((Assumptions!$B$23-Assumptions!$B$22)*IF(V16>0,X16/V16,0)))*(1+Assumptions!$B$60*(Archetypes!$C$13-1)))+IF(Y16>V16,V16*Assumptions!$B$24,0)-IF(IF(V16>0,Z16/V16,1)<Assumptions!$B$61,((Z16*(Assumptions!$B$27*(1+Assumptions!$B$28*(Archetypes!$C$14-1))/(1+Assumptions!$B$29*(Archetypes!$C$12-1))))+(((V16*Archetypes!$C$17*IF(V16>0,Z16/V16,1)*Archetypes!$C$31)/100)*Assumptions!$B$30))*Assumptions!$B$62,((Z16*(Assumptions!$B$27*(1+Assumptions!$B$28*(Archetypes!$C$14-1))/(1+Assumptions!$B$29*(Archetypes!$C$12-1))))+(((V16*Archetypes!$C$17*IF(V16>0,Z16/V16,1)*Archetypes!$C$31)/100)*Assumptions!$B$30)))-(Assumptions!$B$25*Assumptions!$B$26*E16))*E16 -> 2.0923325 | V16: =(Archetypes!$C$11*(IF(S16<0,1+Assumptions!$B$32*MIN(1,ABS(S16)/ABS(Assumptions!$B$21)),MAX(0.1,1-Assumptions!$B$31*(S16/50)))))*$E16 -> 3.0038891 | W16: =Archetypes!$C$30 -> 0.038 | X16: =V16*W16 -> 0.11414779 | Y16: =((V16-X16)*Archetypes!$C$15)+(X16*Archetypes!$C$15*Archetypes!$C$22) -> 1.5190667 | Z16: =V16*Archetypes!$C$16 -> 1.3517501 | AA16: =(IF(S16<0,Assumptions!$B$8,IF(S16<10,Assumptions!$B$34,IF(S16<25,Assumptions!$B$35,Assumptions!$B$36))))*((((Archetypes!$C$5*Assumptions!$B$4+Archetypes!$C$6*Assumptions!$B$5)*60))+(Assumptions!$B$6*(((Archetypes!$C$11*(IF(S16<0,1+Assumptions!$B$32*MIN(1,ABS(S16)/ABS(Assumptions!$B$21)),MAX(0.1,1-Assumptions!$B$31*(S16/50)))))-((Archetypes!$C$11*(IF(S16<0,1+Assumptions!$B$32*MIN(1,ABS(S16)/ABS(Assumptions!$B$21)),MAX(0.1,1-Assumptions!$B$31*(S16/50)))))*W16)*Archetypes!$C$20)+((Archetypes!$C$11*(IF(S16<0,1+Assumptions!$B$32*MIN(1,ABS(S16)/ABS(Assumptions!$B$21)),MAX(0.1,1-Assumptions!$B$31*(S16/50)))))*W16*Archetypes!$C$20*Archetypes!$C$21)*Assumptions!$B$18)*(IF($D16=1,1,Assumptions!$B$7)))+(((((Archetypes!$C$11*(IF(S16<0,1+Assumptions!$B$32*MIN(1,ABS(S16)/ABS(Assumptions!$B$21)),MAX(0.1,1-Assumptions!$B$31*(S16/50)))))-((Archetypes!$C$11*(IF(S16<0,1+Assumptions!$B$32*MIN(1,ABS(S16)/ABS(Assumptions!$B$21)),MAX(0.1,1-Assumptions!$B$31*(S16/50)))))*W16)*Archetypes!$C$15)*(Archetypes!$C$13*IF(S16<0,1-Assumptions!$B$33*MIN(1,ABS(S16)/ABS(Assumptions!$B$21)),1))*5)+(((Archetypes!$C$11*(IF(S16<0,1+Assumptions!$B$32*MIN(1,ABS(S16)/ABS(Assumptions!$B$21)),MAX(0.1,1-Assumptions!$B$31*(S16/50)))))*W16*Archetypes!$C$15*Archetypes!$C$22)*(Archetypes!$C$13*IF(S16<0,1-Assumptions!$B$33*MIN(1,ABS(S16)/ABS(Assumptions!$B$21)),1))*5*Assumptions!$B$18))*IF(S16<0,Assumptions!$B$9,1)))*$E16 -> 768.71384 | AB16: =(AB15)+(AA16)-(MAX(0,((AB15)+(AA16)-(AC16)))*(IF(Archetypes!$C$27="",Assumptions!$B$11,Archetypes!$C$27))) -> 10998.584 | AC16: =Archetypes!$C$36 + (Assumptions!$B$67*(IF($E16=0,0,V16/$E16))*Assumptions!$B$71*(1+Assumptions!$B$68*(Archetypes!$C$14-1))) + (Assumptions!$B$69*Archetypes!$C$34*(IF($E16=0,0,V16/$E16))*Assumptions!$B$72*POWER(Assumptions!$B$70,Archetypes!$C$18-1)) -> 9324.71 | AD16: =MAX(0,(AB16)-(AC16)) -> 1673.8743 | AF16: =AG15 -> 69.10537 | AG16: =MAX(Assumptions!$B$21,AF16+AH16) -> 70.770843 | AH16: =((AL16*(Assumptions!$B$22+((Assumptions!$B$23-Assumptions!$B$22)*IF(AI16>0,AK16/AI16,0)))*(1+Assumptions!$B$60*(Archetypes!$D$13-1)))+IF(AL16>AI16,AI16*Assumptions!$B$24,0)-IF(IF(AI16>0,AM16/AI16,1)<Assumptions!$B$61,((AM16*(Assumptions!$B$27*(1+Assumptions!$B$28*(Archetypes!$D$14-1))/(1+Assumptions!$B$29*(Archetypes!$D$12-1))))+(((AI16*Archetypes!$D$17*IF(AI16>0,AM16/AI16,1)*Archetypes!$D$31)/100)*Assumptions!$B$30))*Assumptions!$B$62,((AM16*(Assumptions!$B$27*(1+Assumptions!$B$28*(Archetypes!$D$14-1))/(1+Assumptions!$B$29*(Archetypes!$D$12-1))))+(((AI16*Archetypes!$D$17*IF(AI16>0,AM16/AI16,1)*Archetypes!$D$31)/100)*Assumptions!$B$30)))-(Assumptions!$B$25*Assumptions!$B$26*E16))*E16 -> 1.665473 | AI16: =(Archetypes!$D$11*(IF(AF16<0,1+Assumptions!$B$32*MIN(1,ABS(AF16)/ABS(Assumptions!$B$21)),MAX(0.1,1-Assumptions!$B$31*(AF16/50)))))*$E16 -> 0.51220666 | AJ16: =Archetypes!$D$30 -> 0.104 | AK16: =AI16*AJ16 -> 0.053269493 | AL16: =((AI16-AK16)*Archetypes!$D$15)+(AK16*Archetypes!$D$15*Archetypes!$D$22) -> 0.80027169 | AM16: =AI16*Archetypes!$D$16 -> 0.10244133 | AN16: =(IF(AF16<0,Assumptions!$B$8,IF(AF16<10,Assumptions!$B$34,IF(AF16<25,Assumptions!$B$35,Assumptions!$B$36))))*((((Archetypes!$D$5*Assumptions!$B$4+Archetypes!$D$6*Assumptions!$B$5)*60))+(Assumptions!$B$6*(((Archetypes!$D$11*(IF(AF16<0,1+Assumptions!$B$32*MIN(1,ABS(AF16)/ABS(Assumptions!$B$21)),MAX(0.1,1-Assumptions!$B$31*(AF16/50)))))-((Archetypes!$D$11*(IF(AF16<0,1+Assumptions!$B$32*MIN(1,ABS(AF16)/ABS(Assumptions!$B$21)),MAX(0.1,1-Assumptions!$B$31*(AF16/50)))))*AJ16)*Archetypes!$D$20)+((Archetypes!$D$11*(IF(AF16<0,1+Assumptions!$B$32*MIN(1,ABS(AF16)/ABS(Assumptions!$B$21)),MAX(0.1,1-Assumptions!$B$31*(AF16/50)))))*AJ16*Archetypes!$D$20*Archetypes!$D$21)*Assumptions!$B$18)*(IF($D16=1,1,Assumptions!$B$7)))+(((((Archetypes!$D$11*(IF(AF16<0,1+Assumptions!$B$32*MIN(1,ABS(AF16)/ABS(Assumptions!$B$21)),MAX(0.1,1-Assumptions!$B$31*(AF16/50)))))-((Archetypes!$D$11*(IF(AF16<0,1+Assumptions!$B$32*MIN(1,ABS(AF16)/ABS(Assumptions!$B$21)),MAX(0.1,1-Assumptions!$B$31*(AF16/50)))))*AJ16)*Archetypes!$D$15)*(Archetypes!$D$13*IF(AF16<0,1-Assumptions!$B$33*MIN(1,ABS(AF16)/ABS(Assumptions!$B$21)),1))*5)+(((Archetypes!$D$11*(IF(AF16<0,1+Assumptions!$B$32*MIN(1,ABS(AF16)/ABS(Assumptions!$B$21)),MAX(0.1,1-Assumptions!$B$31*(AF16/50)))))*AJ16*Archetypes!$D$15*Archetypes!$D$22)*(Archetypes!$D$13*IF(AF16<0,1-Assumptions!$B$33*MIN(1,ABS(AF16)/ABS(Assumptions!$B$21)),1))*5*Assumptions!$B$18))*IF(AF16<0,Assumptions!$B$9,1)))*$E16 -> 991.01676 | AO16: =(AO15)+(AN16)-(MAX(0,((AO15)+(AN16)-(AP16)))*(IF(Archetypes!$D$27="",Assumptions!$B$11,Archetypes!$D$27))) -> 17182.319 | AP16: =Archetypes!$D$36 + (Assumptions!$B$67*(IF($E16=0,0,AI16/$E16))*Assumptions!$B$71*(1+Assumptions!$B$68*(Archetypes!$D$14-1))) + (Assumptions!$B$69*Archetypes!$D$34*(IF($E16=0,0,AI16/$E16))*Assumptions!$B$72*POWER(Assumptions!$B$70,Archetypes!$D$18-1)) -> 20815.544 | AQ16: =MAX(0,(AO16)-(AP16)) -> 0
... A51: 47 | B51: =INT(A51/24)+1 -> 2 | C51: =MOD(A51,24) -> 23 | D51: =IF(C51<Assumptions!$B$10,1,0) -> 0 | E51: 1 | F51: =G50 -> -15 | G51: =MAX(Assumptions!$B$21,F51+H51) -> -15 | H51: =((L51*(Assumptions!$B$22+((Assumptions!$B$23-Assumptions!$B$22)*IF(I51>0,K51/I51,0)))*(1+Assumptions!$B$60*(Archetypes!$B$13-1)))+IF(L51>I51,I51*Assumptions!$B$24,0)-IF(IF(I51>0,M51/I51,1)<Assumptions!$B$61,((M51*(Assumptions!$B$27*(1+Assumptions!$B$28*(Archetypes!$B$14-1))/(1+Assumptions!$B$29*(Archetypes!$B$12-1))))+(((I51*Archetypes!$B$17*IF(I51>0,M51/I51,1)*Archetypes!$B$31)/100)*Assumptions!$B$30))*Assumptions!$B$62,((M51*(Assumptions!$B$27*(1+Assumptions!$B$28*(Archetypes!$B$14-1))/(1+Assumptions!$B$29*(Archetypes!$B$12-1))))+(((I51*Archetypes!$B$17*IF(I51>0,M51/I51,1)*Archetypes!$B$31)/100)*Assumptions!$B$30)))-(Assumptions!$B$25*Assumptions!$B$26*E51))*E51 -> -2.8381703 | I51: =(Archetypes!$B$11*(IF(F51<0,1+Assumptions!$B$32*MIN(1,ABS(F51)/ABS(Assumptions!$B$21)),MAX(0.1,1-Assumptions!$B$31*(F51/50)))))*$E51 -> 14 | J51: =Archetypes!$B$30 -> 0.022 | K51: =I51*J51 -> 0.308 | L51: =((I51-K51)*Archetypes!$B$15)+(K51*Archetypes!$B$15*Archetypes!$B$22) -> 1.40616 | M51: =I51*Archetypes!$B$16 -> 10.5 | N51: =(IF(F51<0,Assumptions!$B$8,IF(F51<10,Assumptions!$B$34,IF(F51<25,Assumptions!$B$35,Assumptions!$B$36))))*((((Archetypes!$B$5*Assumptions!$B$4+Archetypes!$B$6*Assumptions!$B$5)*60))+(Assumptions!$B$6*(((Archetypes!$B$11*(IF(F51<0,1+Assumptions!$B$32*MIN(1,ABS(F51)/ABS(Assumptions!$B$21)),MAX(0.1,1-Assumptions!$B$31*(F51/50)))))-((Archetypes!$B$11*(IF(F51<0,1+Assumptions!$B$32*MIN(1,ABS(F51)/ABS(Assumptions!$B$21)),MAX(0.1,1-Assumptions!$B$31*(F51/50)))))*J51)*Archetypes!$B$20)+((Archetypes!$B$11*(IF(F51<0,1+Assumptions!$B$32*MIN(1,ABS(F51)/ABS(Assumptions!$B$21)),MAX(0.1,1-Assumptions!$B$31*(F51/50)))))*J51*Archetypes!$B$20*Archetypes!$B$21)*Assumptions!$B$18)*(IF($D51=1,1,Assumptions!$B$7)))+(((((Archetypes!$B$11*(IF(F51<0,1+Assumptions!$B$32*MIN(1,ABS(F51)/ABS(Assumptions!$B$21)),MAX(0.1,1-Assumptions!$B$31*(F51/50)))))-((Archetypes!$B$11*(IF(F51<0,1+Assumptions!$B$32*MIN(1,ABS(F51)/ABS(Assumptions!$B$21)),MAX(0.1,1-Assumptions!$B$31*(F51/50)))))*J51)*Archetypes!$B$15)*(Archetypes!$B$13*IF(F51<0,1-Assumptions!$B$33*MIN(1,ABS(F51)/ABS(Assumptions!$B$21)),1))*5)+(((Archetypes!$B$11*(IF(F51<0,1+Assumptions!$B$32*MIN(1,ABS(F51)/ABS(Assumptions!$B$21)),MAX(0.1,1-Assumptions!$B$31*(F51/50)))))*J51*Archetypes!$B$15*Archetypes!$B$22)*(Archetypes!$B$13*IF(F51<0,1-Assumptions!$B$33*MIN(1,ABS(F51)/ABS(Assumptions!$B$21)),1))*5*Assumptions!$B$18))*IF(F51<0,Assumptions!$B$9,1)))*$E51 -> 484.47854 | O51: =(O50)+(N51)-(MAX(0,((O50)+(N51)-(P51)))*(IF(Archetypes!$B$27="",Assumptions!$B$11,Archetypes!$B$27))) -> 4608.7491 | P51: =Archetypes!$B$36 + (Assumptions!$B$67*(IF($E51=0,0,I51/$E51))*Assumptions!$B$71*(1+Assumptions!$B$68*(Archetypes!$B$14-1))) + (Assumptions!$B$69*Archetypes!$B$34*(IF($E51=0,0,I51/$E51))*Assumptions!$B$72*POWER(Assumptions!$B$70,Archetypes!$B$18-1)) -> 2668.56 | Q51: =MAX(0,(O51)-(P51)) -> 1940.1891 | S51: =T50 -> 74.911934 | T51: =MAX(Assumptions!$B$21,S51+U51) -> 75.214554 | U51: =((Y51*(Assumptions!$B$22+((Assumptions!$B$23-Assumptions!$B$22)*IF(V51>0,X51/V51,0)))*(1+Assumptions!$B$60*(Archetypes!$C$13-1)))+IF(Y51>V51,V51*Assumptions!$B$24,0)-IF(IF(V51>0,Z51/V51,1)<Assumptions!$B$61,((Z51*(Assumptions!$B$27*(1+Assumptions!$B$28*(Archetypes!$C$14-1))/(1+Assumptions!$B$29*(Archetypes!$C$12-1))))+(((V51*Archetypes!$C$17*IF(V51>0,Z51/V51,1)*Archetypes!$C$31)/100)*Assumptions!$B$30))*Assumptions!$B$62,((Z51*(Assumptions!$B$27*(1+Assumptions!$B$28*(Archetypes!$C$14-1))/(1+Assumptions!$B$29*(Archetypes!$C$12-1))))+(((V51*Archetypes!$C$17*IF(V51>0,Z51/V51,1)*Archetypes!$C$31)/100)*Assumptions!$B$30)))-(Assumptions!$B$25*Assumptions!$B$26*E51))*E51 -> 0.30261907 | V51: =(Archetypes!$C$11*(IF(S51<0,1+Assumptions!$B$32*MIN(1,ABS(S51)/ABS(Assumptions!$B$21)),MAX(0.1,1-Assumptions!$B$31*(S51/50)))))*$E51 -> 0.60634072 | W51: =Archetypes!$C$30 -> 0.038 | X51: =V51*W51 -> 0.023040947 | Y51: =((V51-X51)*Archetypes!$C$15)+(X51*Archetypes!$C$15*Archetypes!$C$22) -> 0.3066265 | Z51: =V51*Archetypes!$C$16 -> 0.27285332 | AA51: =(IF(S51<0,Assumptions!$B$8,IF(S51<10,Assumptions!$B$34,IF(S51<25,Assumptions!$B$35,Assumptions!$B$36))))*((((Archetypes!$C$5*Assumptions!$B$4+Archetypes!$C$6*Assumptions!$B$5)*60))+(Assumptions!$B$6*(((Archetypes!$C$11*(IF(S51<0,1+Assumptions!$B$32*MIN(1,ABS(S51)/ABS(Assumptions!$B$21)),MAX(0.1,1-Assumptions!$B$31*(S51/50)))))-((Archetypes!$C$11*(IF(S51<0,1+Assumptions!$B$32*MIN(1,ABS(S51)/ABS(Assumptions!$B$21)),MAX(0.1,1-Assumptions!$B$31*(S51/50)))))*W51)*Archetypes!$C$20)+((Archetypes!$C$11*(IF(S51<0,1+Assumptions!$B$32*MIN(1,ABS(S51)/ABS(Assumptions!$B$21)),MAX(0.1,1-Assumptions!$B$31*(S51/50)))))*W51*Archetypes!$C$20*Archetypes!$C$21)*Assumptions!$B$18)*(IF($D51=1,1,Assumptions!$B$7)))+(((((Archetypes!$C$11*(IF(S51<0,1+Assumptions!$B$32*MIN(1,ABS(S51)/ABS(Assumptions!$B$21)),MAX(0.1,1-Assumptions!$B$31*(S51/50)))))-((Archetypes!$C$11*(IF(S51<0,1+Assumptions!$B$32*MIN(1,ABS(S51)/ABS(Assumptions!$B$21)),MAX(0.1,1-Assumptions!$B$31*(S51/50)))))*W51)*Archetypes!$C$15)*(Archetypes!$C$13*IF(S51<0,1-Assumptions!$B$33*MIN(1,ABS(S51)/ABS(Assumptions!$B$21)),1))*5)+(((Archetypes!$C$11*(IF(S51<0,1+Assumptions!$B$32*MIN(1,ABS(S51)/ABS(Assumptions!$B$21)),MAX(0.1,1-Assumptions!$B$31*(S51/50)))))*W51*Archetypes!$C$15*Archetypes!$C$22)*(Archetypes!$C$13*IF(S51<0,1-Assumptions!$B$33*MIN(1,ABS(S51)/ABS(Assumptions!$B$21)),1))*5*Assumptions!$B$18))*IF(S51<0,Assumptions!$B$9,1)))*$E51 -> 582.57466 | AB51: =(AB50)+(AA51)-(MAX(0,((AB50)+(AA51)-(AC51)))*(IF(Archetypes!$C$27="",Assumptions!$B$11,Archetypes!$C$27))) -> 10883.722 | AC51: =Archetypes!$C$36 + (Assumptions!$B$67*(IF($E51=0,0,V51/$E51))*Assumptions!$B$71*(1+Assumptions!$B$68*(Archetypes!$C$14-1))) + (Assumptions!$B$69*Archetypes!$C$34*(IF($E51=0,0,V51/$E51))*Assumptions!$B$72*POWER(Assumptions!$B$70,Archetypes!$C$18-1)) -> 9108.9307 | AD51: =MAX(0,(AB51)-(AC51)) -> 1774.7911 | AF51: =AG50 -> 102.96165 | AG51: =MAX(Assumptions!$B$21,AF51+AH51) -> 103.87497 | AH51: =((AL51*(Assumptions!$B$22+((Assumptions!$B$23-Assumptions!$B$22)*IF(AI51>0,AK51/AI51,0)))*(1+Assumptions!$B$60*(Archetypes!$D$13-1)))+IF(AL51>AI51,AI51*Assumptions!$B$24,0)-IF(IF(AI51>0,AM51/AI51,1)<Assumptions!$B$61,((AM51*(Assumptions!$B$27*(1+Assumptions!$B$28*(Archetypes!$D$14-1))/(1+Assumptions!$B$29*(Archetypes!$D$12-1))))+(((AI51*Archetypes!$D$17*IF(AI51>0,AM51/AI51,1)*Archetypes!$D$31)/100)*Assumptions!$B$30))*Assumptions!$B$62,((AM51*(Assumptions!$B$27*(1+Assumptions!$B$28*(Archetypes!$D$14-1))/(1+Assumptions!$B$29*(Archetypes!$D$12-1))))+(((AI51*Archetypes!$D$17*IF(AI51>0,AM51/AI51,1)*Archetypes!$D$31)/100)*Assumptions!$B$30)))-(Assumptions!$B$25*Assumptions!$B$26*E51))*E51 -> 0.91332448 | AI51: =(Archetypes!$D$11*(IF(AF51<0,1+Assumptions!$B$32*MIN(1,ABS(AF51)/ABS(Assumptions!$B$21)),MAX(0.1,1-Assumptions!$B$31*(AF51/50)))))*$E51 -> 0.3 | AJ51: =Archetypes!$D$30 -> 0.104 | AK51: =AI51*AJ51 -> 0.0312 | AL51: =((AI51-AK51)*Archetypes!$D$15)+(AK51*Archetypes!$D$15*Archetypes!$D$22) -> 0.46872 | AM51: =AI51*Archetypes!$D$16 -> 0.06 | AN51: =(IF(AF51<0,Assumptions!$B$8,IF(AF51<10,Assumptions!$B$34,IF(AF51<25,Assumptions!$B$35,Assumptions!$B$36))))*((((Archetypes!$D$5*Assumptions!$B$4+Archetypes!$D$6*Assumptions!$B$5)*60))+(Assumptions!$B$6*(((Archetypes!$D$11*(IF(AF51<0,1+Assumptions!$B$32*MIN(1,ABS(AF51)/ABS(Assumptions!$B$21)),MAX(0.1,1-Assumptions!$B$31*(AF51/50)))))-((Archetypes!$D$11*(IF(AF51<0,1+Assumptions!$B$32*MIN(1,ABS(AF51)/ABS(Assumptions!$B$21)),MAX(0.1,1-Assumptions!$B$31*(AF51/50)))))*AJ51)*Archetypes!$D$20)+((Archetypes!$D$11*(IF(AF51<0,1+Assumptions!$B$32*MIN(1,ABS(AF51)/ABS(Assumptions!$B$21)),MAX(0.1,1-Assumptions!$B$31*(AF51/50)))))*AJ51*Archetypes!$D$20*Archetypes!$D$21)*Assumptions!$B$18)*(IF($D51=1,1,Assumptions!$B$7)))+(((((Archetypes!$D$11*(IF(AF51<0,1+Assumptions!$B$32*MIN(1,ABS(AF51)/ABS(Assumptions!$B$21)),MAX(0.1,1-Assumptions!$B$31*(AF51/50)))))-((Archetypes!$D$11*(IF(AF51<0,1+Assumptions!$B$32*MIN(1,ABS(AF51)/ABS(Assumptions!$B$21)),MAX(0.1,1-Assumptions!$B$31*(AF51/50)))))*AJ51)*Archetypes!$D$15)*(Archetypes!$D$13*IF(AF51<0,1-Assumptions!$B$33*MIN(1,ABS(AF51)/ABS(Assumptions!$B$21)),1))*5)+(((Archetypes!$D$11*(IF(AF51<0,1+Assumptions!$B$32*MIN(1,ABS(AF51)/ABS(Assumptions!$B$21)),MAX(0.1,1-Assumptions!$B$31*(AF51/50)))))*AJ51*Archetypes!$D$15*Archetypes!$D$22)*(Archetypes!$D$13*IF(AF51<0,1-Assumptions!$B$33*MIN(1,ABS(AF51)/ABS(Assumptions!$B$21)),1))*5*Assumptions!$B$18))*IF(AF51<0,Assumptions!$B$9,1)))*$E51 -> 939.63675 | AO51: =(AO50)+(AN51)-(MAX(0,((AO50)+(AN51)-(AP51)))*(IF(Archetypes!$D$27="",Assumptions!$B$11,Archetypes!$D$27))) -> 22967.299 | AP51: =Archetypes!$D$36 + (Assumptions!$B$67*(IF($E51=0,0,AI51/$E51))*Assumptions!$B$71*(1+Assumptions!$B$68*(Archetypes!$D$14-1))) + (Assumptions!$B$69*Archetypes!$D$34*(IF($E51=0,0,AI51/$E51))*Assumptions!$B$72*POWER(Assumptions!$B$70,Archetypes!$D$18-1)) -> 20774.801 | AQ51: =MAX(0,(AO51)-(AP51)) -> 2192.4981

Sheet Simulation_7d_6h
A1: Simulation_7d_6h simulation for three archetypes
F2: Safe | S2: Balanced | AF2: Lethal
A3: Step start hour | B3: Day | C3: Hour in day | D3: Online (1 or 0) | E3: Step hours | F3: Heat start | G3: Heat end | H3: Heat change | I3: Parties in step | J3: Elite chance | K3: Elite parties in step | L3: Deaths in step | M3: Full survive runs in step | N3: Mana gain in step | O3: Total mana end | P3: Reserved mana | Q3: Usable mana end | S3: Heat start | T3: Heat end | U3: Heat change | V3: Parties in step | W3: Elite chance | X3: Elite parties in step | Y3: Deaths in step | Z3: Full survive runs in step | AA3: Mana gain in step | AB3: Total mana end | AC3: Reserved mana | AD3: Usable mana end | AF3: Heat start | AG3: Heat end | AH3: Heat change | AI3: Parties in step | AJ3: Elite chance | AK3: Elite parties in step | AL3: Deaths in step | AM3: Full survive runs in step | AN3: Mana gain in step | AO3: Total mana end | AP3: Reserved mana | AQ3: Usable mana end
A4: 0 | B4: =INT(A4/24)+1 -> 1 | C4: =MOD(A4,24) -> 0 | D4: =IF(C4<Assumptions!$B$10,1,0) -> 1 | E4: 6 | F4: =Archetypes!$B$8 -> 0 | G4: =MAX(Assumptions!$B$21,F4+H4) -> -15 | H4: =((L4*(Assumptions!$B$22+((Assumptions!$B$23-Assumptions!$B$22)*IF(I4>0,K4/I4,0)))*(1+Assumptions!$B$60*(Archetypes!$B$13-1)))+IF(L4>I4,I4*Assumptions!$B$24,0)-IF(IF(I4>0,M4/I4,1)<Assumptions!$B$61,((M4*(Assumptions!$B$27*(1+Assumptions!$B$28*(Archetypes!$B$14-1))/(1+Assumptions!$B$29*(Archetypes!$B$12-1))))+(((I4*Archetypes!$B$17*IF(I4>0,M4/I4,1)*Archetypes!$B$31)/100)*Assumptions!$B$30))*Assumptions!$B$62,((M4*(Assumptions!$B$27*(1+Assumptions!$B$28*(Archetypes!$B$14-1))/(1+Assumptions!$B$29*(Archetypes!$B$12-1))))+(((I4*Archetypes!$B$17*IF(I4>0,M4/I4,1)*Archetypes!$B$31)/100)*Assumptions!$B$30)))-(Assumptions!$B$25*Assumptions!$B$26*E4))*E4 -> -74.524379 | I4: =(Archetypes!$B$11*(IF(F4<0,1+Assumptions!$B$32*MIN(1,ABS(F4)/ABS(Assumptions!$B$21)),MAX(0.1,1-Assumptions!$B$31*(F4/50)))))*$E4 -> 60 | J4: =Archetypes!$B$30 -> 0.022 | K4: =I4*J4 -> 1.32 | L4: =((I4-K4)*Archetypes!$B$15)+(K4*Archetypes!$B$15*Archetypes!$B$22) -> 6.0264 | M4: =I4*Archetypes!$B$16 -> 45 | N4: =(IF(F4<0,Assumptions!$B$8,IF(F4<10,Assumptions!$B$34,IF(F4<25,Assumptions!$B$35,Assumptions!$B$36))))*((((Archetypes!$B$5*Assumptions!$B$4+Archetypes!$B$6*Assumptions!$B$5)*60))+(Assumptions!$B$6*(((Archetypes!$B$11*(IF(F4<0,1+Assumptions!$B$32*MIN(1,ABS(F4)/ABS(Assumptions!$B$21)),MAX(0.1,1-Assumptions!$B$31*(F4/50)))))-((Archetypes!$B$11*(IF(F4<0,1+Assumptions!$B$32*MIN(1,ABS(F4)/ABS(Assumptions!$B$21)),MAX(0.1,1-Assumptions!$B$31*(F4/50)))))*J4)*Archetypes!$B$20)+((Archetypes!$B$11*(IF(F4<0,1+Assumptions!$B$32*MIN(1,ABS(F4)/ABS(Assumptions!$B$21)),MAX(0.1,1-Assumptions!$B$31*(F4/50)))))*J4*Archetypes!$B$20*Archetypes!$B$21)*Assumptions!$B$18)*(IF($D4=1,1,Assumptions!$B$7)))+(((((Archetypes!$B$11*(IF(F4<0,1+Assumptions!$B$32*MIN(1,ABS(F4)/ABS(Assumptions!$B$21)),MAX(0.1,1-Assumptions!$B$31*(F4/50)))))-((Archetypes!$B$11*(IF(F4<0,1+Assumptions!$B$32*MIN(1,ABS(F4)/ABS(Assumptions!$B$21)),MAX(0.1,1-Assumptions!$B$31*(F4/50)))))*J4)*Archetypes!$B$15)*(Archetypes!$B$13*IF(F4<0,1-Assumptions!$B$33*MIN(1,ABS(F4)/ABS(Assumptions!$B$21)),1))*5)+(((Archetypes!$B$11*(IF(F4<0,1+Assumptions!$B$32*MIN(1,ABS(F4)/ABS(Assumptions!$B$21)),MAX(0.1,1-Assumptions!$B$31*(F4/50)))))*J4*Archetypes!$B$15*Archetypes!$B$22)*(Archetypes!$B$13*IF(F4<0,1-Assumptions!$B$33*MIN(1,ABS(F4)/ABS(Assumptions!$B$21)),1))*5*Assumptions!$B$18))*IF(F4<0,Assumptions!$B$9,1)))*$E4 -> 3964.32 | O4: =(Archetypes!$B$7)+(N4)-(MAX(0,((Archetypes!$B$7)+(N4)-(P4)))*(IF(Archetypes!$B$27="",Assumptions!$B$11,Archetypes!$B$27))) -> 3666.768 | P4: =Archetypes!$B$36 + (Assumptions!$B$67*(IF($E4=0,0,I4/$E4))*Assumptions!$B$71*(1+Assumptions!$B$68*(Archetypes!$B$14-1))) + (Assumptions!$B$69*Archetypes!$B$34*(IF($E4=0,0,I4/$E4))*Assumptions!$B$72*POWER(Assumptions!$B$70,Archetypes!$B$18-1)) -> 2476.56 | Q4: =MAX(0,(O4)-(P4)) -> 1190.208 | S4: =Archetypes!$C$8 -> 5 | T4: =MAX(Assumptions!$B$21,S4+U4) -> 151.16458 | U4: =((Y4*(Assumptions!$B$22+((Assumptions!$B$23-Assumptions!$B$22)*IF(V4>0,X4/V4,0)))*(1+Assumptions!$B$60*(Archetypes!$C$13-1)))+IF(Y4>V4,V4*Assumptions!$B$24,0)-IF(IF(V4>0,Z4/V4,1)<Assumptions!$B$61,((Z4*(Assumptions!$B$27*(1+Assumptions!$B$28*(Archetypes!$C$14-1))/(1+Assumptions!$B$29*(Archetypes!$C$12-1))))+(((V4*Archetypes!$C$17*IF(V4>0,Z4/V4,1)*Archetypes!$C$31)/100)*Assumptions!$B$30))*Assumptions!$B$62,((Z4*(Assumptions!$B$27*(1+Assumptions!$B$28*(Archetypes!$C$14-1))/(1+Assumptions!$B$29*(Archetypes!$C$12-1))))+(((V4*Archetypes!$C$17*IF(V4>0,Z4/V4,1)*Archetypes!$C$31)/100)*Assumptions!$B$30)))-(Assumptions!$B$25*Assumptions!$B$26*E4))*E4 -> 146.16458 | V4: =(Archetypes!$C$11*(IF(S4<0,1+Assumptions!$B$32*MIN(1,ABS(S4)/ABS(Assumptions!$B$21)),MAX(0.1,1-Assumptions!$B$31*(S4/50)))))*$E4 -> 33.84 | W4: =Archetypes!$C$30 -> 0.038 | X4: =V4*W4 -> 1.28592 | Y4: =((V4-X4)*Archetypes!$C$15)+(X4*Archetypes!$C$15*Archetypes!$C$22) -> 17.112888 | Z4: =V4*Archetypes!$C$16 -> 15.228 | AA4: =(IF(S4<0,Assumptions!$B$8,IF(S4<10,Assumptions!$B$34,IF(S4<25,Assumptions!$B$35,Assumptions!$B$36))))*((((Archetypes!$C$5*Assumptions!$B$4+Archetypes!$C$6*Assumptions!$B$5)*60))+(Assumptions!$B$6*(((Archetypes!$C$11*(IF(S4<0,1+Assumptions!$B$32*MIN(1,ABS(S4)/ABS(Assumptions!$B$21)),MAX(0.1,1-Assumptions!$B$31*(S4/50)))))-((Archetypes!$C$11*(IF(S4<0,1+Assumptions!$B$32*MIN(1,ABS(S4)/ABS(Assumptions!$B$21)),MAX(0.1,1-Assumptions!$B$31*(S4/50)))))*W4)*Archetypes!$C$20)+((Archetypes!$C$11*(IF(S4<0,1+Assumptions!$B$32*MIN(1,ABS(S4)/ABS(Assumptions!$B$21)),MAX(0.1,1-Assumptions!$B$31*(S4/50)))))*W4*Archetypes!$C$20*Archetypes!$C$21)*Assumptions!$B$18)*(IF($D4=1,1,Assumptions!$B$7)))+(((((Archetypes!$C$11*(IF(S4<0,1+Assumptions!$B$32*MIN(1,ABS(S4)/ABS(Assumptions!$B$21)),MAX(0.1,1-Assumptions!$B$31*(S4/50)))))-((Archetypes!$C$11*(IF(S4<0,1+Assumptions!$B$32*MIN(1,ABS(S4)/ABS(Assumptions!$B$21)),MAX(0.1,1-Assumptions!$B$31*(S4/50)))))*W4)*Archetypes!$C$15)*(Archetypes!$C$13*IF(S4<0,1-Assumptions!$B$33*MIN(1,ABS(S4)/ABS(Assumptions!$B$21)),1))*5)+(((Archetypes!$C$11*(IF(S4<0,1+Assumptions!$B$32*MIN(1,ABS(S4)/ABS(Assumptions!$B$21)),MAX(0.1,1-Assumptions!$B$31*(S4/50)))))*W4*Archetypes!$C$15*Archetypes!$C$22)*(Archetypes!$C$13*IF(S4<0,1-Assumptions!$B$33*MIN(1,ABS(S4)/ABS(Assumptions!$B$21)),1))*5*Assumptions!$B$18))*IF(S4<0,Assumptions!$B$9,1)))*$E4 -> 9142.794 | AB4: =(Archetypes!$C$7)+(AA4)-(MAX(0,((Archetypes!$C$7)+(AA4)-(AC4)))*(IF(Archetypes!$C$27="",Assumptions!$B$11,Archetypes!$C$27))) -> 9142.794 | AC4: =Archetypes!$C$36 + (Assumptions!$B$67*(IF($E4=0,0,V4/$E4))*Assumptions!$B$71*(1+Assumptions!$B$68*(Archetypes!$C$14-1))) + (Assumptions!$B$69*Archetypes!$C$34*(IF($E4=0,0,V4/$E4))*Assumptions!$B$72*POWER(Assumptions!$B$70,Archetypes!$C$18-1)) -> 9561.96 | AD4: =MAX(0,(AB4)-(AC4)) -> 0 | AF4: =Archetypes!$D$8 -> 15 | AG4: =MAX(Assumptions!$B$21,AF4+AH4) -> 323.49339 | AH4: =((AL4*(Assumptions!$B$22+((Assumptions!$B$23-Assumptions!$B$22)*IF(AI4>0,AK4/AI4,0)))*(1+Assumptions!$B$60*(Archetypes!$D$13-1)))+IF(AL4>AI4,AI4*Assumptions!$B$24,0)-IF(IF(AI4>0,AM4/AI4,1)<Assumptions!$B$61,((AM4*(Assumptions!$B$27*(1+Assumptions!$B$28*(Archetypes!$D$14-1))/(1+Assumptions!$B$29*(Archetypes!$D$12-1))))+(((AI4*Archetypes!$D$17*IF(AI4>0,AM4/AI4,1)*Archetypes!$D$31)/100)*Assumptions!$B$30))*Assumptions!$B$62,((AM4*(Assumptions!$B$27*(1+Assumptions!$B$28*(Archetypes!$D$14-1))/(1+Assumptions!$B$29*(Archetypes!$D$12-1))))+(((AI4*Archetypes!$D$17*IF(AI4>0,AM4/AI4,1)*Archetypes!$D$31)/100)*Assumptions!$B$30)))-(Assumptions!$B$25*Assumptions!$B$26*E4))*E4 -> 308.49339 | AI4: =(Archetypes!$D$11*(IF(AF4<0,1+Assumptions!$B$32*MIN(1,ABS(AF4)/ABS(Assumptions!$B$21)),MAX(0.1,1-Assumptions!$B$31*(AF4/50)))))*$E4 -> 14.76 | AJ4: =Archetypes!$D$30 -> 0.104 | AK4: =AI4*AJ4 -> 1.53504 | AL4: =((AI4-AK4)*Archetypes!$D$15)+(AK4*Archetypes!$D$15*Archetypes!$D$22) -> 23.061024 | AM4: =AI4*Archetypes!$D$16 -> 2.952 | AN4: =(IF(AF4<0,Assumptions!$B$8,IF(AF4<10,Assumptions!$B$34,IF(AF4<25,Assumptions!$B$35,Assumptions!$B$36))))*((((Archetypes!$D$5*Assumptions!$B$4+Archetypes!$D$6*Assumptions!$B$5)*60))+(Assumptions!$B$6*(((Archetypes!$D$11*(IF(AF4<0,1+Assumptions!$B$32*MIN(1,ABS(AF4)/ABS(Assumptions!$B$21)),MAX(0.1,1-Assumptions!$B$31*(AF4/50)))))-((Archetypes!$D$11*(IF(AF4<0,1+Assumptions!$B$32*MIN(1,ABS(AF4)/ABS(Assumptions!$B$21)),MAX(0.1,1-Assumptions!$B$31*(AF4/50)))))*AJ4)*Archetypes!$D$20)+((Archetypes!$D$11*(IF(AF4<0,1+Assumptions!$B$32*MIN(1,ABS(AF4)/ABS(Assumptions!$B$21)),MAX(0.1,1-Assumptions!$B$31*(AF4/50)))))*AJ4*Archetypes!$D$20*Archetypes!$D$21)*Assumptions!$B$18)*(IF($D4=1,1,Assumptions!$B$7)))+(((((Archetypes!$D$11*(IF(AF4<0,1+Assumptions!$B$32*MIN(1,ABS(AF4)/ABS(Assumptions!$B$21)),MAX(0.1,1-Assumptions!$B$31*(AF4/50)))))-((Archetypes!$D$11*(IF(AF4<0,1+Assumptions!$B$32*MIN(1,ABS(AF4)/ABS(Assumptions!$B$21)),MAX(0.1,1-Assumptions!$B$31*(AF4/50)))))*AJ4)*Archetypes!$D$15)*(Archetypes!$D$13*IF(AF4<0,1-Assumptions!$B$33*MIN(1,ABS(AF4)/ABS(Assumptions!$B$21)),1))*5)+(((Archetypes!$D$11*(IF(AF4<0,1+Assumptions!$B$32*MIN(1,ABS(AF4)/ABS(Assumptions!$B$21)),MAX(0.1,1-Assumptions!$B$31*(AF4/50)))))*AJ4*Archetypes!$D$15*Archetypes!$D$22)*(Archetypes!$D$13*IF(AF4<0,1-Assumptions!$B$33*MIN(1,ABS(AF4)/ABS(Assumptions!$B$21)),1))*5*Assumptions!$B$18))*IF(AF4<0,Assumptions!$B$9,1)))*$E4 -> 15034.867 | AO4: =(Archetypes!$D$7)+(AN4)-(MAX(0,((Archetypes!$D$7)+(AN4)-(AP4)))*(IF(Archetypes!$D$27="",Assumptions!$B$11,Archetypes!$D$27))) -> 15034.867 | AP4: =Archetypes!$D$36 + (Assumptions!$B$67*(IF($E4=0,0,AI4/$E4))*Assumptions!$B$71*(1+Assumptions!$B$68*(Archetypes!$D$14-1))) + (Assumptions!$B$69*Archetypes!$D$34*(IF($E4=0,0,AI4/$E4))*Assumptions!$B$72*POWER(Assumptions!$B$70,Archetypes!$D$18-1)) -> 21189.521 | AQ4: =MAX(0,(AO4)-(AP4)) -> 0
A5: 6 | B5: =INT(A5/24)+1 -> 1 | C5: =MOD(A5,24) -> 6 | D5: =IF(C5<Assumptions!$B$10,1,0) -> 0 | E5: 6 | F5: =G4 -> -15 | G5: =MAX(Assumptions!$B$21,F5+H5) -> -15 | H5: =((L5*(Assumptions!$B$22+((Assumptions!$B$23-Assumptions!$B$22)*IF(I5>0,K5/I5,0)))*(1+Assumptions!$B$60*(Archetypes!$B$13-1)))+IF(L5>I5,I5*Assumptions!$B$24,0)-IF(IF(I5>0,M5/I5,1)<Assumptions!$B$61,((M5*(Assumptions!$B$27*(1+Assumptions!$B$28*(Archetypes!$B$14-1))/(1+Assumptions!$B$29*(Archetypes!$B$12-1))))+(((I5*Archetypes!$B$17*IF(I5>0,M5/I5,1)*Archetypes!$B$31)/100)*Assumptions!$B$30))*Assumptions!$B$62,((M5*(Assumptions!$B$27*(1+Assumptions!$B$28*(Archetypes!$B$14-1))/(1+Assumptions!$B$29*(Archetypes!$B$12-1))))+(((I5*Archetypes!$B$17*IF(I5>0,M5/I5,1)*Archetypes!$B$31)/100)*Assumptions!$B$30)))-(Assumptions!$B$25*Assumptions!$B$26*E5))*E5 -> -102.17413 | I5: =(Archetypes!$B$11*(IF(F5<0,1+Assumptions!$B$32*MIN(1,ABS(F5)/ABS(Assumptions!$B$21)),MAX(0.1,1-Assumptions!$B$31*(F5/50)))))*$E5 -> 84 | J5: =Archetypes!$B$30 -> 0.022 | K5: =I5*J5 -> 1.848 | L5: =((I5-K5)*Archetypes!$B$15)+(K5*Archetypes!$B$15*Archetypes!$B$22) -> 8.43696 | M5: =I5*Archetypes!$B$16 -> 63 | N5: =(IF(F5<0,Assumptions!$B$8,IF(F5<10,Assumptions!$B$34,IF(F5<25,Assumptions!$B$35,Assumptions!$B$36))))*((((Archetypes!$B$5*Assumptions!$B$4+Archetypes!$B$6*Assumptions!$B$5)*60))+(Assumptions!$B$6*(((Archetypes!$B$11*(IF(F5<0,1+Assumptions!$B$32*MIN(1,ABS(F5)/ABS(Assumptions!$B$21)),MAX(0.1,1-Assumptions!$B$31*(F5/50)))))-((Archetypes!$B$11*(IF(F5<0,1+Assumptions!$B$32*MIN(1,ABS(F5)/ABS(Assumptions!$B$21)),MAX(0.1,1-Assumptions!$B$31*(F5/50)))))*J5)*Archetypes!$B$20)+((Archetypes!$B$11*(IF(F5<0,1+Assumptions!$B$32*MIN(1,ABS(F5)/ABS(Assumptions!$B$21)),MAX(0.1,1-Assumptions!$B$31*(F5/50)))))*J5*Archetypes!$B$20*Archetypes!$B$21)*Assumptions!$B$18)*(IF($D5=1,1,Assumptions!$B$7)))+(((((Archetypes!$B$11*(IF(F5<0,1+Assumptions!$B$32*MIN(1,ABS(F5)/ABS(Assumptions!$B$21)),MAX(0.1,1-Assumptions!$B$31*(F5/50)))))-((Archetypes!$B$11*(IF(F5<0,1+Assumptions!$B$32*MIN(1,ABS(F5)/ABS(Assumptions!$B$21)),MAX(0.1,1-Assumptions!$B$31*(F5/50)))))*J5)*Archetypes!$B$15)*(Archetypes!$B$13*IF(F5<0,1-Assumptions!$B$33*MIN(1,ABS(F5)/ABS(Assumptions!$B$21)),1))*5)+(((Archetypes!$B$11*(IF(F5<0,1+Assumptions!$B$32*MIN(1,ABS(F5)/ABS(Assumptions!$B$21)),MAX(0.1,1-Assumptions!$B$31*(F5/50)))))*J5*Archetypes!$B$15*Archetypes!$B$22)*(Archetypes!$B$13*IF(F5<0,1-Assumptions!$B$33*MIN(1,ABS(F5)/ABS(Assumptions!$B$21)),1))*5*Assumptions!$B$18))*IF(F5<0,Assumptions!$B$9,1)))*$E5 -> 2906.8713 | O5: =(O4)+(N5)-(MAX(0,((O4)+(N5)-(P5)))*(IF(Archetypes!$B$27="",Assumptions!$B$11,Archetypes!$B$27))) -> 5792.6234 | P5: =Archetypes!$B$36 + (Assumptions!$B$67*(IF($E5=0,0,I5/$E5))*Assumptions!$B$71*(1+Assumptions!$B$68*(Archetypes!$B$14-1))) + (Assumptions!$B$69*Archetypes!$B$34*(IF($E5=0,0,I5/$E5))*Assumptions!$B$72*POWER(Assumptions!$B$70,Archetypes!$B$18-1)) -> 2668.56 | Q5: =MAX(0,(O5)-(P5)) -> 3124.0634 | S5: =T4 -> 151.16458 | T5: =MAX(Assumptions!$B$21,S5+U5) -> 161.88847 | U5: =((Y5*(Assumptions!$B$22+((Assumptions!$B$23-Assumptions!$B$22)*IF(V5>0,X5/V5,0)))*(1+Assumptions!$B$60*(Archetypes!$C$13-1)))+IF(Y5>V5,V5*Assumptions!$B$24,0)-IF(IF(V5>0,Z5/V5,1)<Assumptions!$B$61,((Z5*(Assumptions!$B$27*(1+Assumptions!$B$28*(Archetypes!$C$14-1))/(1+Assumptions!$B$29*(Archetypes!$C$12-1))))+(((V5*Archetypes!$C$17*IF(V5>0,Z5/V5,1)*Archetypes!$C$31)/100)*Assumptions!$B$30))*Assumptions!$B$62,((Z5*(Assumptions!$B$27*(1+Assumptions!$B$28*(Archetypes!$C$14-1))/(1+Assumptions!$B$29*(Archetypes!$C$12-1))))+(((V5*Archetypes!$C$17*IF(V5>0,Z5/V5,1)*Archetypes!$C$31)/100)*Assumptions!$B$30)))-(Assumptions!$B$25*Assumptions!$B$26*E5))*E5 -> 10.723892 | V5: =(Archetypes!$C$11*(IF(S5<0,1+Assumptions!$B$32*MIN(1,ABS(S5)/ABS(Assumptions!$B$21)),MAX(0.1,1-Assumptions!$B$31*(S5/50)))))*$E5 -> 3.6 | W5: =Archetypes!$C$30 -> 0.038 | X5: =V5*W5 -> 0.1368 | Y5: =((V5-X5)*Archetypes!$C$15)+(X5*Archetypes!$C$15*Archetypes!$C$22) -> 1.82052 | Z5: =V5*Archetypes!$C$16 -> 1.62 | AA5: =(IF(S5<0,Assumptions!$B$8,IF(S5<10,Assumptions!$B$34,IF(S5<25,Assumptions!$B$35,Assumptions!$B$36))))*((((Archetypes!$C$5*Assumptions!$B$4+Archetypes!$C$6*Assumptions!$B$5)*60))+(Assumptions!$B$6*(((Archetypes!$C$11*(IF(S5<0,1+Assumptions!$B$32*MIN(1,ABS(S5)/ABS(Assumptions!$B$21)),MAX(0.1,1-Assumptions!$B$31*(S5/50)))))-((Archetypes!$C$11*(IF(S5<0,1+Assumptions!$B$32*MIN(1,ABS(S5)/ABS(Assumptions!$B$21)),MAX(0.1,1-Assumptions!$B$31*(S5/50)))))*W5)*Archetypes!$C$20)+((Archetypes!$C$11*(IF(S5<0,1+Assumptions!$B$32*MIN(1,ABS(S5)/ABS(Assumptions!$B$21)),MAX(0.1,1-Assumptions!$B$31*(S5/50)))))*W5*Archetypes!$C$20*Archetypes!$C$21)*Assumptions!$B$18)*(IF($D5=1,1,Assumptions!$B$7)))+(((((Archetypes!$C$11*(IF(S5<0,1+Assumptions!$B$32*MIN(1,ABS(S5)/ABS(Assumptions!$B$21)),MAX(0.1,1-Assumptions!$B$31*(S5/50)))))-((Archetypes!$C$11*(IF(S5<0,1+Assumptions!$B$32*MIN(1,ABS(S5)/ABS(Assumptions!$B$21)),MAX(0.1,1-Assumptions!$B$31*(S5/50)))))*W5)*Archetypes!$C$15)*(Archetypes!$C$13*IF(S5<0,1-Assumptions!$B$33*MIN(1,ABS(S5)/ABS(Assumptions!$B$21)),1))*5)+(((Archetypes!$C$11*(IF(S5<0,1+Assumptions!$B$32*MIN(1,ABS(S5)/ABS(Assumptions!$B$21)),MAX(0.1,1-Assumptions!$B$31*(S5/50)))))*W5*Archetypes!$C$15*Archetypes!$C$22)*(Archetypes!$C$13*IF(S5<0,1-Assumptions!$B$33*MIN(1,ABS(S5)/ABS(Assumptions!$B$21)),1))*5*Assumptions!$B$18))*IF(S5<0,Assumptions!$B$9,1)))*$E5 -> 3492.4943 | AB5: =(AB4)+(AA5)-(MAX(0,((AB4)+(AA5)-(AC5)))*(IF(Archetypes!$C$27="",Assumptions!$B$11,Archetypes!$C$27))) -> 11753.556 | AC5: =Archetypes!$C$36 + (Assumptions!$B$67*(IF($E5=0,0,V5/$E5))*Assumptions!$B$71*(1+Assumptions!$B$68*(Archetypes!$C$14-1))) + (Assumptions!$B$69*Archetypes!$C$34*(IF($E5=0,0,V5/$E5))*Assumptions!$B$72*POWER(Assumptions!$B$70,Archetypes!$C$18-1)) -> 9108.36 | AD5: =MAX(0,(AB5)-(AC5)) -> 2645.1962 | AF5: =AG4 -> 323.49339 | AG5: =MAX(Assumptions!$B$21,AF5+AH5) -> 356.37307 | AH5: =((AL5*(Assumptions!$B$22+((Assumptions!$B$23-Assumptions!$B$22)*IF(AI5>0,AK5/AI5,0)))*(1+Assumptions!$B$60*(Archetypes!$D$13-1)))+IF(AL5>AI5,AI5*Assumptions!$B$24,0)-IF(IF(AI5>0,AM5/AI5,1)<Assumptions!$B$61,((AM5*(Assumptions!$B$27*(1+Assumptions!$B$28*(Archetypes!$D$14-1))/(1+Assumptions!$B$29*(Archetypes!$D$12-1))))+(((AI5*Archetypes!$D$17*IF(AI5>0,AM5/AI5,1)*Archetypes!$D$31)/100)*Assumptions!$B$30))*Assumptions!$B$62,((AM5*(Assumptions!$B$27*(1+Assumptions!$B$28*(Archetypes!$D$14-1))/(1+Assumptions!$B$29*(Archetypes!$D$12-1))))+(((AI5*Archetypes!$D$17*IF(AI5>0,AM5/AI5,1)*Archetypes!$D$31)/100)*Assumptions!$B$30)))-(Assumptions!$B$25*Assumptions!$B$26*E5))*E5 -> 32.879681 | AI5: =(Archetypes!$D$11*(IF(AF5<0,1+Assumptions!$B$32*MIN(1,ABS(AF5)/ABS(Assumptions!$B$21)),MAX(0.1,1-Assumptions!$B$31*(AF5/50)))))*$E5 -> 1.8 | AJ5: =Archetypes!$D$30 -> 0.104 | AK5: =AI5*AJ5 -> 0.1872 | AL5: =((AI5-AK5)*Archetypes!$D$15)+(AK5*Archetypes!$D$15*Archetypes!$D$22) -> 2.81232 | AM5: =AI5*Archetypes!$D$16 -> 0.36 | AN5: =(IF(AF5<0,Assumptions!$B$8,IF(AF5<10,Assumptions!$B$34,IF(AF5<25,Assumptions!$B$35,Assumptions!$B$36))))*((((Archetypes!$D$5*Assumptions!$B$4+Archetypes!$D$6*Assumptions!$B$5)*60))+(Assumptions!$B$6*(((Archetypes!$D$11*(IF(AF5<0,1+Assumptions!$B$32*MIN(1,ABS(AF5)/ABS(Assumptions!$B$21)),MAX(0.1,1-Assumptions!$B$31*(AF5/50)))))-((Archetypes!$D$11*(IF(AF5<0,1+Assumptions!$B$32*MIN(1,ABS(AF5)/ABS(Assumptions!$B$21)),MAX(0.1,1-Assumptions!$B$31*(AF5/50)))))*AJ5)*Archetypes!$D$20)+((Archetypes!$D$11*(IF(AF5<0,1+Assumptions!$B$32*MIN(1,ABS(AF5)/ABS(Assumptions!$B$21)),MAX(0.1,1-Assumptions!$B$31*(AF5/50)))))*AJ5*Archetypes!$D$20*Archetypes!$D$21)*Assumptions!$B$18)*(IF($D5=1,1,Assumptions!$B$7)))+(((((Archetypes!$D$11*(IF(AF5<0,1+Assumptions!$B$32*MIN(1,ABS(AF5)/ABS(Assumptions!$B$21)),MAX(0.1,1-Assumptions!$B$31*(AF5/50)))))-((Archetypes!$D$11*(IF(AF5<0,1+Assumptions!$B$32*MIN(1,ABS(AF5)/ABS(Assumptions!$B$21)),MAX(0.1,1-Assumptions!$B$31*(AF5/50)))))*AJ5)*Archetypes!$D$15)*(Archetypes!$D$13*IF(AF5<0,1-Assumptions!$B$33*MIN(1,ABS(AF5)/ABS(Assumptions!$B$21)),1))*5)+(((Archetypes!$D$11*(IF(AF5<0,1+Assumptions!$B$32*MIN(1,ABS(AF5)/ABS(Assumptions!$B$21)),MAX(0.1,1-Assumptions!$B$31*(AF5/50)))))*AJ5*Archetypes!$D$15*Archetypes!$D$22)*(Archetypes!$D$13*IF(AF5<0,1-Assumptions!$B$33*MIN(1,ABS(AF5)/ABS(Assumptions!$B$21)),1))*5*Assumptions!$B$18))*IF(AF5<0,Assumptions!$B$9,1)))*$E5 -> 5637.8205 | AO5: =(AO4)+(AN5)-(MAX(0,((AO4)+(AN5)-(AP5)))*(IF(Archetypes!$D$27="",Assumptions!$B$11,Archetypes!$D$27))) -> 20672.688 | AP5: =Archetypes!$D$36 + (Assumptions!$B$67*(IF($E5=0,0,AI5/$E5))*Assumptions!$B$71*(1+Assumptions!$B$68*(Archetypes!$D$14-1))) + (Assumptions!$B$69*Archetypes!$D$34*(IF($E5=0,0,AI5/$E5))*Assumptions!$B$72*POWER(Assumptions!$B$70,Archetypes!$D$18-1)) -> 20774.801 | AQ5: =MAX(0,(AO5)-(AP5)) -> 0
A6: 12 | B6: =INT(A6/24)+1 -> 1 | C6: =MOD(A6,24) -> 12 | D6: =IF(C6<Assumptions!$B$10,1,0) -> 0 | E6: 6 | F6: =G5 -> -15 | G6: =MAX(Assumptions!$B$21,F6+H6) -> -15 | H6: =((L6*(Assumptions!$B$22+((Assumptions!$B$23-Assumptions!$B$22)*IF(I6>0,K6/I6,0)))*(1+Assumptions!$B$60*(Archetypes!$B$13-1)))+IF(L6>I6,I6*Assumptions!$B$24,0)-IF(IF(I6>0,M6/I6,1)<Assumptions!$B$61,((M6*(Assumptions!$B$27*(1+Assumptions!$B$28*(Archetypes!$B$14-1))/(1+Assumptions!$B$29*(Archetypes!$B$12-1))))+(((I6*Archetypes!$B$17*IF(I6>0,M6/I6,1)*Archetypes!$B$31)/100)*Assumptions!$B$30))*Assumptions!$B$62,((M6*(Assumptions!$B$27*(1+Assumptions!$B$28*(Archetypes!$B$14-1))/(1+Assumptions!$B$29*(Archetypes!$B$12-1))))+(((I6*Archetypes!$B$17*IF(I6>0,M6/I6,1)*Archetypes!$B$31)/100)*Assumptions!$B$30)))-(Assumptions!$B$25*Assumptions!$B$26*E6))*E6 -> -102.17413 | I6: =(Archetypes!$B$11*(IF(F6<0,1+Assumptions!$B$32*MIN(1,ABS(F6)/ABS(Assumptions!$B$21)),MAX(0.1,1-Assumptions!$B$31*(F6/50)))))*$E6 -> 84 | J6: =Archetypes!$B$30 -> 0.022 | K6: =I6*J6 -> 1.848 | L6: =((I6-K6)*Archetypes!$B$15)+(K6*Archetypes!$B$15*Archetypes!$B$22) -> 8.43696 | M6: =I6*Archetypes!$B$16 -> 63 | N6: =(IF(F6<0,Assumptions!$B$8,IF(F6<10,Assumptions!$B$34,IF(F6<25,Assumptions!$B$35,Assumptions!$B$36))))*((((Archetypes!$B$5*Assumptions!$B$4+Archetypes!$B$6*Assumptions!$B$5)*60))+(Assumptions!$B$6*(((Archetypes!$B$11*(IF(F6<0,1+Assumptions!$B$32*MIN(1,ABS(F6)/ABS(Assumptions!$B$21)),MAX(0.1,1-Assumptions!$B$31*(F6/50)))))-((Archetypes!$B$11*(IF(F6<0,1+Assumptions!$B$32*MIN(1,ABS(F6)/ABS(Assumptions!$B$21)),MAX(0.1,1-Assumptions!$B$31*(F6/50)))))*J6)*Archetypes!$B$20)+((Archetypes!$B$11*(IF(F6<0,1+Assumptions!$B$32*MIN(1,ABS(F6)/ABS(Assumptions!$B$21)),MAX(0.1,1-Assumptions!$B$31*(F6/50)))))*J6*Archetypes!$B$20*Archetypes!$B$21)*Assumptions!$B$18)*(IF($D6=1,1,Assumptions!$B$7)))+(((((Archetypes!$B$11*(IF(F6<0,1+Assumptions!$B$32*MIN(1,ABS(F6)/ABS(Assumptions!$B$21)),MAX(0.1,1-Assumptions!$B$31*(F6/50)))))-((Archetypes!$B$11*(IF(F6<0,1+Assumptions!$B$32*MIN(1,ABS(F6)/ABS(Assumptions!$B$21)),MAX(0.1,1-Assumptions!$B$31*(F6/50)))))*J6)*Archetypes!$B$15)*(Archetypes!$B$13*IF(F6<0,1-Assumptions!$B$33*MIN(1,ABS(F6)/ABS(Assumptions!$B$21)),1))*5)+(((Archetypes!$B$11*(IF(F6<0,1+Assumptions!$B$32*MIN(1,ABS(F6)/ABS(Assumptions!$B$21)),MAX(0.1,1-Assumptions!$B$31*(F6/50)))))*J6*Archetypes!$B$15*Archetypes!$B$22)*(Archetypes!$B$13*IF(F6<0,1-Assumptions!$B$33*MIN(1,ABS(F6)/ABS(Assumptions!$B$21)),1))*5*Assumptions!$B$18))*IF(F6<0,Assumptions!$B$9,1)))*$E6 -> 2906.8713 | O6: =(O5)+(N6)-(MAX(0,((O5)+(N6)-(P6)))*(IF(Archetypes!$B$27="",Assumptions!$B$11,Archetypes!$B$27))) -> 7493.3077 | P6: =Archetypes!$B$36 + (Assumptions!$B$67*(IF($E6=0,0,I6/$E6))*Assumptions!$B$71*(1+Assumptions!$B$68*(Archetypes!$B$14-1))) + (Assumptions!$B$69*Archetypes!$B$34*(IF($E6=0,0,I6/$E6))*Assumptions!$B$72*POWER(Assumptions!$B$70,Archetypes!$B$18-1)) -> 2668.56 | Q6: =MAX(0,(O6)-(P6)) -> 4824.7477 | S6: =T5 -> 161.88847 | T6: =MAX(Assumptions!$B$21,S6+U6) -> 172.61236 | U6: =((Y6*(Assumptions!$B$22+((Assumptions!$B$23-Assumptions!$B$22)*IF(V6>0,X6/V6,0)))*(1+Assumptions!$B$60*(Archetypes!$C$13-1)))+IF(Y6>V6,V6*Assumptions!$B$24,0)-IF(IF(V6>0,Z6/V6,1)<Assumptions!$B$61,((Z6*(Assumptions!$B$27*(1+Assumptions!$B$28*(Archetypes!$C$14-1))/(1+Assumptions!$B$29*(Archetypes!$C$12-1))))+(((V6*Archetypes!$C$17*IF(V6>0,Z6/V6,1)*Archetypes!$C$31)/100)*Assumptions!$B$30))*Assumptions!$B$62,((Z6*(Assumptions!$B$27*(1+Assumptions!$B$28*(Archetypes!$C$14-1))/(1+Assumptions!$B$29*(Archetypes!$C$12-1))))+(((V6*Archetypes!$C$17*IF(V6>0,Z6/V6,1)*Archetypes!$C$31)/100)*Assumptions!$B$30)))-(Assumptions!$B$25*Assumptions!$B$26*E6))*E6 -> 10.723892 | V6: =(Archetypes!$C$11*(IF(S6<0,1+Assumptions!$B$32*MIN(1,ABS(S6)/ABS(Assumptions!$B$21)),MAX(0.1,1-Assumptions!$B$31*(S6/50)))))*$E6 -> 3.6 | W6: =Archetypes!$C$30 -> 0.038 | X6: =V6*W6 -> 0.1368 | Y6: =((V6-X6)*Archetypes!$C$15)+(X6*Archetypes!$C$15*Archetypes!$C$22) -> 1.82052 | Z6: =V6*Archetypes!$C$16 -> 1.62 | AA6: =(IF(S6<0,Assumptions!$B$8,IF(S6<10,Assumptions!$B$34,IF(S6<25,Assumptions!$B$35,Assumptions!$B$36))))*((((Archetypes!$C$5*Assumptions!$B$4+Archetypes!$C$6*Assumptions!$B$5)*60))+(Assumptions!$B$6*(((Archetypes!$C$11*(IF(S6<0,1+Assumptions!$B$32*MIN(1,ABS(S6)/ABS(Assumptions!$B$21)),MAX(0.1,1-Assumptions!$B$31*(S6/50)))))-((Archetypes!$C$11*(IF(S6<0,1+Assumptions!$B$32*MIN(1,ABS(S6)/ABS(Assumptions!$B$21)),MAX(0.1,1-Assumptions!$B$31*(S6/50)))))*W6)*Archetypes!$C$20)+((Archetypes!$C$11*(IF(S6<0,1+Assumptions!$B$32*MIN(1,ABS(S6)/ABS(Assumptions!$B$21)),MAX(0.1,1-Assumptions!$B$31*(S6/50)))))*W6*Archetypes!$C$20*Archetypes!$C$21)*Assumptions!$B$18)*(IF($D6=1,1,Assumptions!$B$7)))+(((((Archetypes!$C$11*(IF(S6<0,1+Assumptions!$B$32*MIN(1,ABS(S6)/ABS(Assumptions!$B$21)),MAX(0.1,1-Assumptions!$B$31*(S6/50)))))-((Archetypes!$C$11*(IF(S6<0,1+Assumptions!$B$32*MIN(1,ABS(S6)/ABS(Assumptions!$B$21)),MAX(0.1,1-Assumptions!$B$31*(S6/50)))))*W6)*Archetypes!$C$15)*(Archetypes!$C$13*IF(S6<0,1-Assumptions!$B$33*MIN(1,ABS(S6)/ABS(Assumptions!$B$21)),1))*5)+(((Archetypes!$C$11*(IF(S6<0,1+Assumptions!$B$32*MIN(1,ABS(S6)/ABS(Assumptions!$B$21)),MAX(0.1,1-Assumptions!$B$31*(S6/50)))))*W6*Archetypes!$C$15*Archetypes!$C$22)*(Archetypes!$C$13*IF(S6<0,1-Assumptions!$B$33*MIN(1,ABS(S6)/ABS(Assumptions!$B$21)),1))*5*Assumptions!$B$18))*IF(S6<0,Assumptions!$B$9,1)))*$E6 -> 3492.4943 | AB6: =(AB5)+(AA6)-(MAX(0,((AB5)+(AA6)-(AC6)))*(IF(Archetypes!$C$27="",Assumptions!$B$11,Archetypes!$C$27))) -> 13711.628 | AC6: =Archetypes!$C$36 + (Assumptions!$B$67*(IF($E6=0,0,V6/$E6))*Assumptions!$B$71*(1+Assumptions!$B$68*(Archetypes!$C$14-1))) + (Assumptions!$B$69*Archetypes!$C$34*(IF($E6=0,0,V6/$E6))*Assumptions!$B$72*POWER(Assumptions!$B$70,Archetypes!$C$18-1)) -> 9108.36 | AD6: =MAX(0,(AB6)-(AC6)) -> 4603.2679 | AF6: =AG5 -> 356.37307 | AG6: =MAX(Assumptions!$B$21,AF6+AH6) -> 389.25275 | AH6: =((AL6*(Assumptions!$B$22+((Assumptions!$B$23-Assumptions!$B$22)*IF(AI6>0,AK6/AI6,0)))*(1+Assumptions!$B$60*(Archetypes!$D$13-1)))+IF(AL6>AI6,AI6*Assumptions!$B$24,0)-IF(IF(AI6>0,AM6/AI6,1)<Assumptions!$B$61,((AM6*(Assumptions!$B$27*(1+Assumptions!$B$28*(Archetypes!$D$14-1))/(1+Assumptions!$B$29*(Archetypes!$D$12-1))))+(((AI6*Archetypes!$D$17*IF(AI6>0,AM6/AI6,1)*Archetypes!$D$31)/100)*Assumptions!$B$30))*Assumptions!$B$62,((AM6*(Assumptions!$B$27*(1+Assumptions!$B$28*(Archetypes!$D$14-1))/(1+Assumptions!$B$29*(Archetypes!$D$12-1))))+(((AI6*Archetypes!$D$17*IF(AI6>0,AM6/AI6,1)*Archetypes!$D$31)/100)*Assumptions!$B$30)))-(Assumptions!$B$25*Assumptions!$B$26*E6))*E6 -> 32.879681 | AI6: =(Archetypes!$D$11*(IF(AF6<0,1+Assumptions!$B$32*MIN(1,ABS(AF6)/ABS(Assumptions!$B$21)),MAX(0.1,1-Assumptions!$B$31*(AF6/50)))))*$E6 -> 1.8 | AJ6: =Archetypes!$D$30 -> 0.104 | AK6: =AI6*AJ6 -> 0.1872 | AL6: =((AI6-AK6)*Archetypes!$D$15)+(AK6*Archetypes!$D$15*Archetypes!$D$22) -> 2.81232 | AM6: =AI6*Archetypes!$D$16 -> 0.36 | AN6: =(IF(AF6<0,Assumptions!$B$8,IF(AF6<10,Assumptions!$B$34,IF(AF6<25,Assumptions!$B$35,Assumptions!$B$36))))*((((Archetypes!$D$5*Assumptions!$B$4+Archetypes!$D$6*Assumptions!$B$5)*60))+(Assumptions!$B$6*(((Archetypes!$D$11*(IF(AF6<0,1+Assumptions!$B$32*MIN(1,ABS(AF6)/ABS(Assumptions!$B$21)),MAX(0.1,1-Assumptions!$B$31*(AF6/50)))))-((Archetypes!$D$11*(IF(AF6<0,1+Assumptions!$B$32*MIN(1,ABS(AF6)/ABS(Assumptions!$B$21)),MAX(0.1,1-Assumptions!$B$31*(AF6/50)))))*AJ6)*Archetypes!$D$20)+((Archetypes!$D$11*(IF(AF6<0,1+Assumptions!$B$32*MIN(1,ABS(AF6)/ABS(Assumptions!$B$21)),MAX(0.1,1-Assumptions!$B$31*(AF6/50)))))*AJ6*Archetypes!$D$20*Archetypes!$D$21)*Assumptions!$B$18)*(IF($D6=1,1,Assumptions!$B$7)))+(((((Archetypes!$D$11*(IF(AF6<0,1+Assumptions!$B$32*MIN(1,ABS(AF6)/ABS(Assumptions!$B$21)),MAX(0.1,1-Assumptions!$B$31*(AF6/50)))))-((Archetypes!$D$11*(IF(AF6<0,1+Assumptions!$B$32*MIN(1,ABS(AF6)/ABS(Assumptions!$B$21)),MAX(0.1,1-Assumptions!$B$31*(AF6/50)))))*AJ6)*Archetypes!$D$15)*(Archetypes!$D$13*IF(AF6<0,1-Assumptions!$B$33*MIN(1,ABS(AF6)/ABS(Assumptions!$B$21)),1))*5)+(((Archetypes!$D$11*(IF(AF6<0,1+Assumptions!$B$32*MIN(1,ABS(AF6)/ABS(Assumptions!$B$21)),MAX(0.1,1-Assumptions!$B$31*(AF6/50)))))*AJ6*Archetypes!$D$15*Archetypes!$D$22)*(Archetypes!$D$13*IF(AF6<0,1-Assumptions!$B$33*MIN(1,ABS(AF6)/ABS(Assumptions!$B$21)),1))*5*Assumptions!$B$18))*IF(AF6<0,Assumptions!$B$9,1)))*$E6 -> 5637.8205 | AO6: =(AO5)+(AN6)-(MAX(0,((AO5)+(AN6)-(AP6)))*(IF(Archetypes!$D$27="",Assumptions!$B$11,Archetypes!$D$27))) -> 24649.796 | AP6: =Archetypes!$D$36 + (Assumptions!$B$67*(IF($E6=0,0,AI6/$E6))*Assumptions!$B$71*(1+Assumptions!$B$68*(Archetypes!$D$14-1))) + (Assumptions!$B$69*Archetypes!$D$34*(IF($E6=0,0,AI6/$E6))*Assumptions!$B$72*POWER(Assumptions!$B$70,Archetypes!$D$18-1)) -> 20774.801 | AQ6: =MAX(0,(AO6)-(AP6)) -> 3874.9953
A7: 18 | B7: =INT(A7/24)+1 -> 1 | C7: =MOD(A7,24) -> 18 | D7: =IF(C7<Assumptions!$B$10,1,0) -> 0 | E7: 6 | F7: =G6 -> -15 | G7: =MAX(Assumptions!$B$21,F7+H7) -> -15 | H7: =((L7*(Assumptions!$B$22+((Assumptions!$B$23-Assumptions!$B$22)*IF(I7>0,K7/I7,0)))*(1+Assumptions!$B$60*(Archetypes!$B$13-1)))+IF(L7>I7,I7*Assumptions!$B$24,0)-IF(IF(I7>0,M7/I7,1)<Assumptions!$B$61,((M7*(Assumptions!$B$27*(1+Assumptions!$B$28*(Archetypes!$B$14-1))/(1+Assumptions!$B$29*(Archetypes!$B$12-1))))+(((I7*Archetypes!$B$17*IF(I7>0,M7/I7,1)*Archetypes!$B$31)/100)*Assumptions!$B$30))*Assumptions!$B$62,((M7*(Assumptions!$B$27*(1+Assumptions!$B$28*(Archetypes!$B$14-1))/(1+Assumptions!$B$29*(Archetypes!$B$12-1))))+(((I7*Archetypes!$B$17*IF(I7>0,M7/I7,1)*Archetypes!$B$31)/100)*Assumptions!$B$30)))-(Assumptions!$B$25*Assumptions!$B$26*E7))*E7 -> -102.17413 | I7: =(Archetypes!$B$11*(IF(F7<0,1+Assumptions!$B$32*MIN(1,ABS(F7)/ABS(Assumptions!$B$21)),MAX(0.1,1-Assumptions!$B$31*(F7/50)))))*$E7 -> 84 | J7: =Archetypes!$B$30 -> 0.022 | K7: =I7*J7 -> 1.848 | L7: =((I7-K7)*Archetypes!$B$15)+(K7*Archetypes!$B$15*Archetypes!$B$22) -> 8.43696 | M7: =I7*Archetypes!$B$16 -> 63 | N7: =(IF(F7<0,Assumptions!$B$8,IF(F7<10,Assumptions!$B$34,IF(F7<25,Assumptions!$B$35,Assumptions!$B$36))))*((((Archetypes!$B$5*Assumptions!$B$4+Archetypes!$B$6*Assumptions!$B$5)*60))+(Assumptions!$B$6*(((Archetypes!$B$11*(IF(F7<0,1+Assumptions!$B$32*MIN(1,ABS(F7)/ABS(Assumptions!$B$21)),MAX(0.1,1-Assumptions!$B$31*(F7/50)))))-((Archetypes!$B$11*(IF(F7<0,1+Assumptions!$B$32*MIN(1,ABS(F7)/ABS(Assumptions!$B$21)),MAX(0.1,1-Assumptions!$B$31*(F7/50)))))*J7)*Archetypes!$B$20)+((Archetypes!$B$11*(IF(F7<0,1+Assumptions!$B$32*MIN(1,ABS(F7)/ABS(Assumptions!$B$21)),MAX(0.1,1-Assumptions!$B$31*(F7/50)))))*J7*Archetypes!$B$20*Archetypes!$B$21)*Assumptions!$B$18)*(IF($D7=1,1,Assumptions!$B$7)))+(((((Archetypes!$B$11*(IF(F7<0,1+Assumptions!$B$32*MIN(1,ABS(F7)/ABS(Assumptions!$B$21)),MAX(0.1,1-Assumptions!$B$31*(F7/50)))))-((Archetypes!$B$11*(IF(F7<0,1+Assumptions!$B$32*MIN(1,ABS(F7)/ABS(Assumptions!$B$21)),MAX(0.1,1-Assumptions!$B$31*(F7/50)))))*J7)*Archetypes!$B$15)*(Archetypes!$B$13*IF(F7<0,1-Assumptions!$B$33*MIN(1,ABS(F7)/ABS(Assumptions!$B$21)),1))*5)+(((Archetypes!$B$11*(IF(F7<0,1+Assumptions!$B$32*MIN(1,ABS(F7)/ABS(Assumptions!$B$21)),MAX(0.1,1-Assumptions!$B$31*(F7/50)))))*J7*Archetypes!$B$15*Archetypes!$B$22)*(Archetypes!$B$13*IF(F7<0,1-Assumptions!$B$33*MIN(1,ABS(F7)/ABS(Assumptions!$B$21)),1))*5*Assumptions!$B$18))*IF(F7<0,Assumptions!$B$9,1)))*$E7 -> 2906.8713 | O7: =(O6)+(N7)-(MAX(0,((O6)+(N7)-(P7)))*(IF(Archetypes!$B$27="",Assumptions!$B$11,Archetypes!$B$27))) -> 8853.8552 | P7: =Archetypes!$B$36 + (Assumptions!$B$67*(IF($E7=0,0,I7/$E7))*Assumptions!$B$71*(1+Assumptions!$B$68*(Archetypes!$B$14-1))) + (Assumptions!$B$69*Archetypes!$B$34*(IF($E7=0,0,I7/$E7))*Assumptions!$B$72*POWER(Assumptions!$B$70,Archetypes!$B$18-1)) -> 2668.56 | Q7: =MAX(0,(O7)-(P7)) -> 6185.2952 | S7: =T6 -> 172.61236 | T7: =MAX(Assumptions!$B$21,S7+U7) -> 183.33626 | U7: =((Y7*(Assumptions!$B$22+((Assumptions!$B$23-Assumptions!$B$22)*IF(V7>0,X7/V7,0)))*(1+Assumptions!$B$60*(Archetypes!$C$13-1)))+IF(Y7>V7,V7*Assumptions!$B$24,0)-IF(IF(V7>0,Z7/V7,1)<Assumptions!$B$61,((Z7*(Assumptions!$B$27*(1+Assumptions!$B$28*(Archetypes!$C$14-1))/(1+Assumptions!$B$29*(Archetypes!$C$12-1))))+(((V7*Archetypes!$C$17*IF(V7>0,Z7/V7,1)*Archetypes!$C$31)/100)*Assumptions!$B$30))*Assumptions!$B$62,((Z7*(Assumptions!$B$27*(1+Assumptions!$B$28*(Archetypes!$C$14-1))/(1+Assumptions!$B$29*(Archetypes!$C$12-1))))+(((V7*Archetypes!$C$17*IF(V7>0,Z7/V7,1)*Archetypes!$C$31)/100)*Assumptions!$B$30)))-(Assumptions!$B$25*Assumptions!$B$26*E7))*E7 -> 10.723892 | V7: =(Archetypes!$C$11*(IF(S7<0,1+Assumptions!$B$32*MIN(1,ABS(S7)/ABS(Assumptions!$B$21)),MAX(0.1,1-Assumptions!$B$31*(S7/50)))))*$E7 -> 3.6 | W7: =Archetypes!$C$30 -> 0.038 | X7: =V7*W7 -> 0.1368 | Y7: =((V7-X7)*Archetypes!$C$15)+(X7*Archetypes!$C$15*Archetypes!$C$22) -> 1.82052 | Z7: =V7*Archetypes!$C$16 -> 1.62 | AA7: =(IF(S7<0,Assumptions!$B$8,IF(S7<10,Assumptions!$B$34,IF(S7<25,Assumptions!$B$35,Assumptions!$B$36))))*((((Archetypes!$C$5*Assumptions!$B$4+Archetypes!$C$6*Assumptions!$B$5)*60))+(Assumptions!$B$6*(((Archetypes!$C$11*(IF(S7<0,1+Assumptions!$B$32*MIN(1,ABS(S7)/ABS(Assumptions!$B$21)),MAX(0.1,1-Assumptions!$B$31*(S7/50)))))-((Archetypes!$C$11*(IF(S7<0,1+Assumptions!$B$32*MIN(1,ABS(S7)/ABS(Assumptions!$B$21)),MAX(0.1,1-Assumptions!$B$31*(S7/50)))))*W7)*Archetypes!$C$20)+((Archetypes!$C$11*(IF(S7<0,1+Assumptions!$B$32*MIN(1,ABS(S7)/ABS(Assumptions!$B$21)),MAX(0.1,1-Assumptions!$B$31*(S7/50)))))*W7*Archetypes!$C$20*Archetypes!$C$21)*Assumptions!$B$18)*(IF($D7=1,1,Assumptions!$B$7)))+(((((Archetypes!$C$11*(IF(S7<0,1+Assumptions!$B$32*MIN(1,ABS(S7)/ABS(Assumptions!$B$21)),MAX(0.1,1-Assumptions!$B$31*(S7/50)))))-((Archetypes!$C$11*(IF(S7<0,1+Assumptions!$B$32*MIN(1,ABS(S7)/ABS(Assumptions!$B$21)),MAX(0.1,1-Assumptions!$B$31*(S7/50)))))*W7)*Archetypes!$C$15)*(Archetypes!$C$13*IF(S7<0,1-Assumptions!$B$33*MIN(1,ABS(S7)/ABS(Assumptions!$B$21)),1))*5)+(((Archetypes!$C$11*(IF(S7<0,1+Assumptions!$B$32*MIN(1,ABS(S7)/ABS(Assumptions!$B$21)),MAX(0.1,1-Assumptions!$B$31*(S7/50)))))*W7*Archetypes!$C$15*Archetypes!$C$22)*(Archetypes!$C$13*IF(S7<0,1-Assumptions!$B$33*MIN(1,ABS(S7)/ABS(Assumptions!$B$21)),1))*5*Assumptions!$B$18))*IF(S7<0,Assumptions!$B$9,1)))*$E7 -> 3492.4943 | AB7: =(AB6)+(AA7)-(MAX(0,((AB6)+(AA7)-(AC7)))*(IF(Archetypes!$C$27="",Assumptions!$B$11,Archetypes!$C$27))) -> 15180.182 | AC7: =Archetypes!$C$36 + (Assumptions!$B$67*(IF($E7=0,0,V7/$E7))*Assumptions!$B$71*(1+Assumptions!$B$68*(Archetypes!$C$14-1))) + (Assumptions!$B$69*Archetypes!$C$34*(IF($E7=0,0,V7/$E7))*Assumptions!$B$72*POWER(Assumptions!$B$70,Archetypes!$C$18-1)) -> 9108.36 | AD7: =MAX(0,(AB7)-(AC7)) -> 6071.8216 | AF7: =AG6 -> 389.25275 | AG7: =MAX(Assumptions!$B$21,AF7+AH7) -> 422.13243 | AH7: =((AL7*(Assumptions!$B$22+((Assumptions!$B$23-Assumptions!$B$22)*IF(AI7>0,AK7/AI7,0)))*(1+Assumptions!$B$60*(Archetypes!$D$13-1)))+IF(AL7>AI7,AI7*Assumptions!$B$24,0)-IF(IF(AI7>0,AM7/AI7,1)<Assumptions!$B$61,((AM7*(Assumptions!$B$27*(1+Assumptions!$B$28*(Archetypes!$D$14-1))/(1+Assumptions!$B$29*(Archetypes!$D$12-1))))+(((AI7*Archetypes!$D$17*IF(AI7>0,AM7/AI7,1)*Archetypes!$D$31)/100)*Assumptions!$B$30))*Assumptions!$B$62,((AM7*(Assumptions!$B$27*(1+Assumptions!$B$28*(Archetypes!$D$14-1))/(1+Assumptions!$B$29*(Archetypes!$D$12-1))))+(((AI7*Archetypes!$D$17*IF(AI7>0,AM7/AI7,1)*Archetypes!$D$31)/100)*Assumptions!$B$30)))-(Assumptions!$B$25*Assumptions!$B$26*E7))*E7 -> 32.879681 | AI7: =(Archetypes!$D$11*(IF(AF7<0,1+Assumptions!$B$32*MIN(1,ABS(AF7)/ABS(Assumptions!$B$21)),MAX(0.1,1-Assumptions!$B$31*(AF7/50)))))*$E7 -> 1.8 | AJ7: =Archetypes!$D$30 -> 0.104 | AK7: =AI7*AJ7 -> 0.1872 | AL7: =((AI7-AK7)*Archetypes!$D$15)+(AK7*Archetypes!$D$15*Archetypes!$D$22) -> 2.81232 | AM7: =AI7*Archetypes!$D$16 -> 0.36 | AN7: =(IF(AF7<0,Assumptions!$B$8,IF(AF7<10,Assumptions!$B$34,IF(AF7<25,Assumptions!$B$35,Assumptions!$B$36))))*((((Archetypes!$D$5*Assumptions!$B$4+Archetypes!$D$6*Assumptions!$B$5)*60))+(Assumptions!$B$6*(((Archetypes!$D$11*(IF(AF7<0,1+Assumptions!$B$32*MIN(1,ABS(AF7)/ABS(Assumptions!$B$21)),MAX(0.1,1-Assumptions!$B$31*(AF7/50)))))-((Archetypes!$D$11*(IF(AF7<0,1+Assumptions!$B$32*MIN(1,ABS(AF7)/ABS(Assumptions!$B$21)),MAX(0.1,1-Assumptions!$B$31*(AF7/50)))))*AJ7)*Archetypes!$D$20)+((Archetypes!$D$11*(IF(AF7<0,1+Assumptions!$B$32*MIN(1,ABS(AF7)/ABS(Assumptions!$B$21)),MAX(0.1,1-Assumptions!$B$31*(AF7/50)))))*AJ7*Archetypes!$D$20*Archetypes!$D$21)*Assumptions!$B$18)*(IF($D7=1,1,Assumptions!$B$7)))+(((((Archetypes!$D$11*(IF(AF7<0,1+Assumptions!$B$32*MIN(1,ABS(AF7)/ABS(Assumptions!$B$21)),MAX(0.1,1-Assumptions!$B$31*(AF7/50)))))-((Archetypes!$D$11*(IF(AF7<0,1+Assumptions!$B$32*MIN(1,ABS(AF7)/ABS(Assumptions!$B$21)),MAX(0.1,1-Assumptions!$B$31*(AF7/50)))))*AJ7)*Archetypes!$D$15)*(Archetypes!$D$13*IF(AF7<0,1-Assumptions!$B$33*MIN(1,ABS(AF7)/ABS(Assumptions!$B$21)),1))*5)+(((Archetypes!$D$11*(IF(AF7<0,1+Assumptions!$B$32*MIN(1,ABS(AF7)/ABS(Assumptions!$B$21)),MAX(0.1,1-Assumptions!$B$31*(AF7/50)))))*AJ7*Archetypes!$D$15*Archetypes!$D$22)*(Archetypes!$D$13*IF(AF7<0,1-Assumptions!$B$33*MIN(1,ABS(AF7)/ABS(Assumptions!$B$21)),1))*5*Assumptions!$B$18))*IF(AF7<0,Assumptions!$B$9,1)))*$E7 -> 5637.8205 | AO7: =(AO6)+(AN7)-(MAX(0,((AO6)+(AN7)-(AP7)))*(IF(Archetypes!$D$27="",Assumptions!$B$11,Archetypes!$D$27))) -> 27433.772 | AP7: =Archetypes!$D$36 + (Assumptions!$B$67*(IF($E7=0,0,AI7/$E7))*Assumptions!$B$71*(1+Assumptions!$B$68*(Archetypes!$D$14-1))) + (Assumptions!$B$69*Archetypes!$D$34*(IF($E7=0,0,AI7/$E7))*Assumptions!$B$72*POWER(Assumptions!$B$70,Archetypes!$D$18-1)) -> 20774.801 | AQ7: =MAX(0,(AO7)-(AP7)) -> 6658.9711
A8: 24 | B8: =INT(A8/24)+1 -> 2 | C8: =MOD(A8,24) -> 0 | D8: =IF(C8<Assumptions!$B$10,1,0) -> 1 | E8: 6 | F8: =G7 -> -15 | G8: =MAX(Assumptions!$B$21,F8+H8) -> -15 | H8: =((L8*(Assumptions!$B$22+((Assumptions!$B$23-Assumptions!$B$22)*IF(I8>0,K8/I8,0)))*(1+Assumptions!$B$60*(Archetypes!$B$13-1)))+IF(L8>I8,I8*Assumptions!$B$24,0)-IF(IF(I8>0,M8/I8,1)<Assumptions!$B$61,((M8*(Assumptions!$B$27*(1+Assumptions!$B$28*(Archetypes!$B$14-1))/(1+Assumptions!$B$29*(Archetypes!$B$12-1))))+(((I8*Archetypes!$B$17*IF(I8>0,M8/I8,1)*Archetypes!$B$31)/100)*Assumptions!$B$30))*Assumptions!$B$62,((M8*(Assumptions!$B$27*(1+Assumptions!$B$28*(Archetypes!$B$14-1))/(1+Assumptions!$B$29*(Archetypes!$B$12-1))))+(((I8*Archetypes!$B$17*IF(I8>0,M8/I8,1)*Archetypes!$B$31)/100)*Assumptions!$B$30)))-(Assumptions!$B$25*Assumptions!$B$26*E8))*E8 -> -102.17413 | I8: =(Archetypes!$B$11*(IF(F8<0,1+Assumptions!$B$32*MIN(1,ABS(F8)/ABS(Assumptions!$B$21)),MAX(0.1,1-Assumptions!$B$31*(F8/50)))))*$E8 -> 84 | J8: =Archetypes!$B$30 -> 0.022 | K8: =I8*J8 -> 1.848 | L8: =((I8-K8)*Archetypes!$B$15)+(K8*Archetypes!$B$15*Archetypes!$B$22) -> 8.43696 | M8: =I8*Archetypes!$B$16 -> 63 | N8: =(IF(F8<0,Assumptions!$B$8,IF(F8<10,Assumptions!$B$34,IF(F8<25,Assumptions!$B$35,Assumptions!$B$36))))*((((Archetypes!$B$5*Assumptions!$B$4+Archetypes!$B$6*Assumptions!$B$5)*60))+(Assumptions!$B$6*(((Archetypes!$B$11*(IF(F8<0,1+Assumptions!$B$32*MIN(1,ABS(F8)/ABS(Assumptions!$B$21)),MAX(0.1,1-Assumptions!$B$31*(F8/50)))))-((Archetypes!$B$11*(IF(F8<0,1+Assumptions!$B$32*MIN(1,ABS(F8)/ABS(Assumptions!$B$21)),MAX(0.1,1-Assumptions!$B$31*(F8/50)))))*J8)*Archetypes!$B$20)+((Archetypes!$B$11*(IF(F8<0,1+Assumptions!$B$32*MIN(1,ABS(F8)/ABS(Assumptions!$B$21)),MAX(0.1,1-Assumptions!$B$31*(F8/50)))))*J8*Archetypes!$B$20*Archetypes!$B$21)*Assumptions!$B$18)*(IF($D8=1,1,Assumptions!$B$7)))+(((((Archetypes!$B$11*(IF(F8<0,1+Assumptions!$B$32*MIN(1,ABS(F8)/ABS(Assumptions!$B$21)),MAX(0.1,1-Assumptions!$B$31*(F8/50)))))-((Archetypes!$B$11*(IF(F8<0,1+Assumptions!$B$32*MIN(1,ABS(F8)/ABS(Assumptions!$B$21)),MAX(0.1,1-Assumptions!$B$31*(F8/50)))))*J8)*Archetypes!$B$15)*(Archetypes!$B$13*IF(F8<0,1-Assumptions!$B$33*MIN(1,ABS(F8)/ABS(Assumptions!$B$21)),1))*5)+(((Archetypes!$B$11*(IF(F8<0,1+Assumptions!$B$32*MIN(1,ABS(F8)/ABS(Assumptions!$B$21)),MAX(0.1,1-Assumptions!$B$31*(F8/50)))))*J8*Archetypes!$B$15*Archetypes!$B$22)*(Archetypes!$B$13*IF(F8<0,1-Assumptions!$B$33*MIN(1,ABS(F8)/ABS(Assumptions!$B$21)),1))*5*Assumptions!$B$18))*IF(F8<0,Assumptions!$B$9,1)))*$E8 -> 4261.2705 | O8: =(O7)+(N8)-(MAX(0,((O7)+(N8)-(P8)))*(IF(Archetypes!$B$27="",Assumptions!$B$11,Archetypes!$B$27))) -> 11025.813 | P8: =Archetypes!$B$36 + (Assumptions!$B$67*(IF($E8=0,0,I8/$E8))*Assumptions!$B$71*(1+Assumptions!$B$68*(Archetypes!$B$14-1))) + (Assumptions!$B$69*Archetypes!$B$34*(IF($E8=0,0,I8/$E8))*Assumptions!$B$72*POWER(Assumptions!$B$70,Archetypes!$B$18-1)) -> 2668.56 | Q8: =MAX(0,(O8)-(P8)) -> 8357.2525 | S8: =T7 -> 183.33626 | T8: =MAX(Assumptions!$B$21,S8+U8) -> 194.06015 | U8: =((Y8*(Assumptions!$B$22+((Assumptions!$B$23-Assumptions!$B$22)*IF(V8>0,X8/V8,0)))*(1+Assumptions!$B$60*(Archetypes!$C$13-1)))+IF(Y8>V8,V8*Assumptions!$B$24,0)-IF(IF(V8>0,Z8/V8,1)<Assumptions!$B$61,((Z8*(Assumptions!$B$27*(1+Assumptions!$B$28*(Archetypes!$C$14-1))/(1+Assumptions!$B$29*(Archetypes!$C$12-1))))+(((V8*Archetypes!$C$17*IF(V8>0,Z8/V8,1)*Archetypes!$C$31)/100)*Assumptions!$B$30))*Assumptions!$B$62,((Z8*(Assumptions!$B$27*(1+Assumptions!$B$28*(Archetypes!$C$14-1))/(1+Assumptions!$B$29*(Archetypes!$C$12-1))))+(((V8*Archetypes!$C$17*IF(V8>0,Z8/V8,1)*Archetypes!$C$31)/100)*Assumptions!$B$30)))-(Assumptions!$B$25*Assumptions!$B$26*E8))*E8 -> 10.723892 | V8: =(Archetypes!$C$11*(IF(S8<0,1+Assumptions!$B$32*MIN(1,ABS(S8)/ABS(Assumptions!$B$21)),MAX(0.1,1-Assumptions!$B$31*(S8/50)))))*$E8 -> 3.6 | W8: =Archetypes!$C$30 -> 0.038 | X8: =V8*W8 -> 0.1368 | Y8: =((V8-X8)*Archetypes!$C$15)+(X8*Archetypes!$C$15*Archetypes!$C$22) -> 1.82052 | Z8: =V8*Archetypes!$C$16 -> 1.62 | AA8: =(IF(S8<0,Assumptions!$B$8,IF(S8<10,Assumptions!$B$34,IF(S8<25,Assumptions!$B$35,Assumptions!$B$36))))*((((Archetypes!$C$5*Assumptions!$B$4+Archetypes!$C$6*Assumptions!$B$5)*60))+(Assumptions!$B$6*(((Archetypes!$C$11*(IF(S8<0,1+Assumptions!$B$32*MIN(1,ABS(S8)/ABS(Assumptions!$B$21)),MAX(0.1,1-Assumptions!$B$31*(S8/50)))))-((Archetypes!$C$11*(IF(S8<0,1+Assumptions!$B$32*MIN(1,ABS(S8)/ABS(Assumptions!$B$21)),MAX(0.1,1-Assumptions!$B$31*(S8/50)))))*W8)*Archetypes!$C$20)+((Archetypes!$C$11*(IF(S8<0,1+Assumptions!$B$32*MIN(1,ABS(S8)/ABS(Assumptions!$B$21)),MAX(0.1,1-Assumptions!$B$31*(S8/50)))))*W8*Archetypes!$C$20*Archetypes!$C$21)*Assumptions!$B$18)*(IF($D8=1,1,Assumptions!$B$7)))+(((((Archetypes!$C$11*(IF(S8<0,1+Assumptions!$B$32*MIN(1,ABS(S8)/ABS(Assumptions!$B$21)),MAX(0.1,1-Assumptions!$B$31*(S8/50)))))-((Archetypes!$C$11*(IF(S8<0,1+Assumptions!$B$32*MIN(1,ABS(S8)/ABS(Assumptions!$B$21)),MAX(0.1,1-Assumptions!$B$31*(S8/50)))))*W8)*Archetypes!$C$15)*(Archetypes!$C$13*IF(S8<0,1-Assumptions!$B$33*MIN(1,ABS(S8)/ABS(Assumptions!$B$21)),1))*5)+(((Archetypes!$C$11*(IF(S8<0,1+Assumptions!$B$32*MIN(1,ABS(S8)/ABS(Assumptions!$B$21)),MAX(0.1,1-Assumptions!$B$31*(S8/50)))))*W8*Archetypes!$C$15*Archetypes!$C$22)*(Archetypes!$C$13*IF(S8<0,1-Assumptions!$B$33*MIN(1,ABS(S8)/ABS(Assumptions!$B$21)),1))*5*Assumptions!$B$18))*IF(S8<0,Assumptions!$B$9,1)))*$E8 -> 3697.9335 | AB8: =(AB7)+(AA8)-(MAX(0,((AB7)+(AA8)-(AC8)))*(IF(Archetypes!$C$27="",Assumptions!$B$11,Archetypes!$C$27))) -> 16435.676 | AC8: =Archetypes!$C$36 + (Assumptions!$B$67*(IF($E8=0,0,V8/$E8))*Assumptions!$B$71*(1+Assumptions!$B$68*(Archetypes!$C$14-1))) + (Assumptions!$B$69*Archetypes!$C$34*(IF($E8=0,0,V8/$E8))*Assumptions!$B$72*POWER(Assumptions!$B$70,Archetypes!$C$18-1)) -> 9108.36 | AD8: =MAX(0,(AB8)-(AC8)) -> 7327.3163 | AF8: =AG7 -> 422.13243 | AG8: =MAX(Assumptions!$B$21,AF8+AH8) -> 455.01211 | AH8: =((AL8*(Assumptions!$B$22+((Assumptions!$B$23-Assumptions!$B$22)*IF(AI8>0,AK8/AI8,0)))*(1+Assumptions!$B$60*(Archetypes!$D$13-1)))+IF(AL8>AI8,AI8*Assumptions!$B$24,0)-IF(IF(AI8>0,AM8/AI8,1)<Assumptions!$B$61,((AM8*(Assumptions!$B$27*(1+Assumptions!$B$28*(Archetypes!$D$14-1))/(1+Assumptions!$B$29*(Archetypes!$D$12-1))))+(((AI8*Archetypes!$D$17*IF(AI8>0,AM8/AI8,1)*Archetypes!$D$31)/100)*Assumptions!$B$30))*Assumptions!$B$62,((AM8*(Assumptions!$B$27*(1+Assumptions!$B$28*(Archetypes!$D$14-1))/(1+Assumptions!$B$29*(Archetypes!$D$12-1))))+(((AI8*Archetypes!$D$17*IF(AI8>0,AM8/AI8,1)*Archetypes!$D$31)/100)*Assumptions!$B$30)))-(Assumptions!$B$25*Assumptions!$B$26*E8))*E8 -> 32.879681 | AI8: =(Archetypes!$D$11*(IF(AF8<0,1+Assumptions!$B$32*MIN(1,ABS(AF8)/ABS(Assumptions!$B$21)),MAX(0.1,1-Assumptions!$B$31*(AF8/50)))))*$E8 -> 1.8 | AJ8: =Archetypes!$D$30 -> 0.104 | AK8: =AI8*AJ8 -> 0.1872 | AL8: =((AI8-AK8)*Archetypes!$D$15)+(AK8*Archetypes!$D$15*Archetypes!$D$22) -> 2.81232 | AM8: =AI8*Archetypes!$D$16 -> 0.36 | AN8: =(IF(AF8<0,Assumptions!$B$8,IF(AF8<10,Assumptions!$B$34,IF(AF8<25,Assumptions!$B$35,Assumptions!$B$36))))*((((Archetypes!$D$5*Assumptions!$B$4+Archetypes!$D$6*Assumptions!$B$5)*60))+(Assumptions!$B$6*(((Archetypes!$D$11*(IF(AF8<0,1+Assumptions!$B$32*MIN(1,ABS(AF8)/ABS(Assumptions!$B$21)),MAX(0.1,1-Assumptions!$B$31*(AF8/50)))))-((Archetypes!$D$11*(IF(AF8<0,1+Assumptions!$B$32*MIN(1,ABS(AF8)/ABS(Assumptions!$B$21)),MAX(0.1,1-Assumptions!$B$31*(AF8/50)))))*AJ8)*Archetypes!$D$20)+((Archetypes!$D$11*(IF(AF8<0,1+Assumptions!$B$32*MIN(1,ABS(AF8)/ABS(Assumptions!$B$21)),MAX(0.1,1-Assumptions!$B$31*(AF8/50)))))*AJ8*Archetypes!$D$20*Archetypes!$D$21)*Assumptions!$B$18)*(IF($D8=1,1,Assumptions!$B$7)))+(((((Archetypes!$D$11*(IF(AF8<0,1+Assumptions!$B$32*MIN(1,ABS(AF8)/ABS(Assumptions!$B$21)),MAX(0.1,1-Assumptions!$B$31*(AF8/50)))))-((Archetypes!$D$11*(IF(AF8<0,1+Assumptions!$B$32*MIN(1,ABS(AF8)/ABS(Assumptions!$B$21)),MAX(0.1,1-Assumptions!$B$31*(AF8/50)))))*AJ8)*Archetypes!$D$15)*(Archetypes!$D$13*IF(AF8<0,1-Assumptions!$B$33*MIN(1,ABS(AF8)/ABS(Assumptions!$B$21)),1))*5)+(((Archetypes!$D$11*(IF(AF8<0,1+Assumptions!$B$32*MIN(1,ABS(AF8)/ABS(Assumptions!$B$21)),MAX(0.1,1-Assumptions!$B$31*(AF8/50)))))*AJ8*Archetypes!$D$15*Archetypes!$D$22)*(Archetypes!$D$13*IF(AF8<0,1-Assumptions!$B$33*MIN(1,ABS(AF8)/ABS(Assumptions!$B$21)),1))*5*Assumptions!$B$18))*IF(AF8<0,Assumptions!$B$9,1)))*$E8 -> 6208.128 | AO8: =(AO7)+(AN8)-(MAX(0,((AO7)+(AN8)-(AP8)))*(IF(Archetypes!$D$27="",Assumptions!$B$11,Archetypes!$D$27))) -> 29781.77 | AP8: =Archetypes!$D$36 + (Assumptions!$B$67*(IF($E8=0,0,AI8/$E8))*Assumptions!$B$71*(1+Assumptions!$B$68*(Archetypes!$D$14-1))) + (Assumptions!$B$69*Archetypes!$D$34*(IF($E8=0,0,AI8/$E8))*Assumptions!$B$72*POWER(Assumptions!$B$70,Archetypes!$D$18-1)) -> 20774.801 | AQ8: =MAX(0,(AO8)-(AP8)) -> 9006.9693
A9: 30 | B9: =INT(A9/24)+1 -> 2 | C9: =MOD(A9,24) -> 6 | D9: =IF(C9<Assumptions!$B$10,1,0) -> 0 | E9: 6 | F9: =G8 -> -15 | G9: =MAX(Assumptions!$B$21,F9+H9) -> -15 | H9: =((L9*(Assumptions!$B$22+((Assumptions!$B$23-Assumptions!$B$22)*IF(I9>0,K9/I9,0)))*(1+Assumptions!$B$60*(Archetypes!$B$13-1)))+IF(L9>I9,I9*Assumptions!$B$24,0)-IF(IF(I9>0,M9/I9,1)<Assumptions!$B$61,((M9*(Assumptions!$B$27*(1+Assumptions!$B$28*(Archetypes!$B$14-1))/(1+Assumptions!$B$29*(Archetypes!$B$12-1))))+(((I9*Archetypes!$B$17*IF(I9>0,M9/I9,1)*Archetypes!$B$31)/100)*Assumptions!$B$30))*Assumptions!$B$62,((M9*(Assumptions!$B$27*(1+Assumptions!$B$28*(Archetypes!$B$14-1))/(1+Assumptions!$B$29*(Archetypes!$B$12-1))))+(((I9*Archetypes!$B$17*IF(I9>0,M9/I9,1)*Archetypes!$B$31)/100)*Assumptions!$B$30)))-(Assumptions!$B$25*Assumptions!$B$26*E9))*E9 -> -102.17413 | I9: =(Archetypes!$B$11*(IF(F9<0,1+Assumptions!$B$32*MIN(1,ABS(F9)/ABS(Assumptions!$B$21)),MAX(0.1,1-Assumptions!$B$31*(F9/50)))))*$E9 -> 84 | J9: =Archetypes!$B$30 -> 0.022 | K9: =I9*J9 -> 1.848 | L9: =((I9-K9)*Archetypes!$B$15)+(K9*Archetypes!$B$15*Archetypes!$B$22) -> 8.43696 | M9: =I9*Archetypes!$B$16 -> 63 | N9: =(IF(F9<0,Assumptions!$B$8,IF(F9<10,Assumptions!$B$34,IF(F9<25,Assumptions!$B$35,Assumptions!$B$36))))*((((Archetypes!$B$5*Assumptions!$B$4+Archetypes!$B$6*Assumptions!$B$5)*60))+(Assumptions!$B$6*(((Archetypes!$B$11*(IF(F9<0,1+Assumptions!$B$32*MIN(1,ABS(F9)/ABS(Assumptions!$B$21)),MAX(0.1,1-Assumptions!$B$31*(F9/50)))))-((Archetypes!$B$11*(IF(F9<0,1+Assumptions!$B$32*MIN(1,ABS(F9)/ABS(Assumptions!$B$21)),MAX(0.1,1-Assumptions!$B$31*(F9/50)))))*J9)*Archetypes!$B$20)+((Archetypes!$B$11*(IF(F9<0,1+Assumptions!$B$32*MIN(1,ABS(F9)/ABS(Assumptions!$B$21)),MAX(0.1,1-Assumptions!$B$31*(F9/50)))))*J9*Archetypes!$B$20*Archetypes!$B$21)*Assumptions!$B$18)*(IF($D9=1,1,Assumptions!$B$7)))+(((((Archetypes!$B$11*(IF(F9<0,1+Assumptions!$B$32*MIN(1,ABS(F9)/ABS(Assumptions!$B$21)),MAX(0.1,1-Assumptions!$B$31*(F9/50)))))-((Archetypes!$B$11*(IF(F9<0,1+Assumptions!$B$32*MIN(1,ABS(F9)/ABS(Assumptions!$B$21)),MAX(0.1,1-Assumptions!$B$31*(F9/50)))))*J9)*Archetypes!$B$15)*(Archetypes!$B$13*IF(F9<0,1-Assumptions!$B$33*MIN(1,ABS(F9)/ABS(Assumptions!$B$21)),1))*5)+(((Archetypes!$B$11*(IF(F9<0,1+Assumptions!$B$32*MIN(1,ABS(F9)/ABS(Assumptions!$B$21)),MAX(0.1,1-Assumptions!$B$31*(F9/50)))))*J9*Archetypes!$B$15*Archetypes!$B$22)*(Archetypes!$B$13*IF(F9<0,1-Assumptions!$B$33*MIN(1,ABS(F9)/ABS(Assumptions!$B$21)),1))*5*Assumptions!$B$18))*IF(F9<0,Assumptions!$B$9,1)))*$E9 -> 2906.8713 | O9: =(O8)+(N9)-(MAX(0,((O8)+(N9)-(P9)))*(IF(Archetypes!$B$27="",Assumptions!$B$11,Archetypes!$B$27))) -> 11679.859 | P9: =Archetypes!$B$36 + (Assumptions!$B$67*(IF($E9=0,0,I9/$E9))*Assumptions!$B$71*(1+Assumptions!$B$68*(Archetypes!$B$14-1))) + (Assumptions!$B$69*Archetypes!$B$34*(IF($E9=0,0,I9/$E9))*Assumptions!$B$72*POWER(Assumptions!$B$70,Archetypes!$B$18-1)) -> 2668.56 | Q9: =MAX(0,(O9)-(P9)) -> 9011.299 | S9: =T8 -> 194.06015 | T9: =MAX(Assumptions!$B$21,S9+U9) -> 204.78404 | U9: =((Y9*(Assumptions!$B$22+((Assumptions!$B$23-Assumptions!$B$22)*IF(V9>0,X9/V9,0)))*(1+Assumptions!$B$60*(Archetypes!$C$13-1)))+IF(Y9>V9,V9*Assumptions!$B$24,0)-IF(IF(V9>0,Z9/V9,1)<Assumptions!$B$61,((Z9*(Assumptions!$B$27*(1+Assumptions!$B$28*(Archetypes!$C$14-1))/(1+Assumptions!$B$29*(Archetypes!$C$12-1))))+(((V9*Archetypes!$C$17*IF(V9>0,Z9/V9,1)*Archetypes!$C$31)/100)*Assumptions!$B$30))*Assumptions!$B$62,((Z9*(Assumptions!$B$27*(1+Assumptions!$B$28*(Archetypes!$C$14-1))/(1+Assumptions!$B$29*(Archetypes!$C$12-1))))+(((V9*Archetypes!$C$17*IF(V9>0,Z9/V9,1)*Archetypes!$C$31)/100)*Assumptions!$B$30)))-(Assumptions!$B$25*Assumptions!$B$26*E9))*E9 -> 10.723892 | V9: =(Archetypes!$C$11*(IF(S9<0,1+Assumptions!$B$32*MIN(1,ABS(S9)/ABS(Assumptions!$B$21)),MAX(0.1,1-Assumptions!$B$31*(S9/50)))))*$E9 -> 3.6 | W9: =Archetypes!$C$30 -> 0.038 | X9: =V9*W9 -> 0.1368 | Y9: =((V9-X9)*Archetypes!$C$15)+(X9*Archetypes!$C$15*Archetypes!$C$22) -> 1.82052 | Z9: =V9*Archetypes!$C$16 -> 1.62 | AA9: =(IF(S9<0,Assumptions!$B$8,IF(S9<10,Assumptions!$B$34,IF(S9<25,Assumptions!$B$35,Assumptions!$B$36))))*((((Archetypes!$C$5*Assumptions!$B$4+Archetypes!$C$6*Assumptions!$B$5)*60))+(Assumptions!$B$6*(((Archetypes!$C$11*(IF(S9<0,1+Assumptions!$B$32*MIN(1,ABS(S9)/ABS(Assumptions!$B$21)),MAX(0.1,1-Assumptions!$B$31*(S9/50)))))-((Archetypes!$C$11*(IF(S9<0,1+Assumptions!$B$32*MIN(1,ABS(S9)/ABS(Assumptions!$B$21)),MAX(0.1,1-Assumptions!$B$31*(S9/50)))))*W9)*Archetypes!$C$20)+((Archetypes!$C$11*(IF(S9<0,1+Assumptions!$B$32*MIN(1,ABS(S9)/ABS(Assumptions!$B$21)),MAX(0.1,1-Assumptions!$B$31*(S9/50)))))*W9*Archetypes!$C$20*Archetypes!$C$21)*Assumptions!$B$18)*(IF($D9=1,1,Assumptions!$B$7)))+(((((Archetypes!$C$11*(IF(S9<0,1+Assumptions!$B$32*MIN(1,ABS(S9)/ABS(Assumptions!$B$21)),MAX(0.1,1-Assumptions!$B$31*(S9/50)))))-((Archetypes!$C$11*(IF(S9<0,1+Assumptions!$B$32*MIN(1,ABS(S9)/ABS(Assumptions!$B$21)),MAX(0.1,1-Assumptions!$B$31*(S9/50)))))*W9)*Archetypes!$C$15)*(Archetypes!$C$13*IF(S9<0,1-Assumptions!$B$33*MIN(1,ABS(S9)/ABS(Assumptions!$B$21)),1))*5)+(((Archetypes!$C$11*(IF(S9<0,1+Assumptions!$B$32*MIN(1,ABS(S9)/ABS(Assumptions!$B$21)),MAX(0.1,1-Assumptions!$B$31*(S9/50)))))*W9*Archetypes!$C$15*Archetypes!$C$22)*(Archetypes!$C$13*IF(S9<0,1-Assumptions!$B$33*MIN(1,ABS(S9)/ABS(Assumptions!$B$21)),1))*5*Assumptions!$B$18))*IF(S9<0,Assumptions!$B$9,1)))*$E9 -> 3492.4943 | AB9: =(AB8)+(AA9)-(MAX(0,((AB8)+(AA9)-(AC9)))*(IF(Archetypes!$C$27="",Assumptions!$B$11,Archetypes!$C$27))) -> 17223.218 | AC9: =Archetypes!$C$36 + (Assumptions!$B$67*(IF($E9=0,0,V9/$E9))*Assumptions!$B$71*(1+Assumptions!$B$68*(Archetypes!$C$14-1))) + (Assumptions!$B$69*Archetypes!$C$34*(IF($E9=0,0,V9/$E9))*Assumptions!$B$72*POWER(Assumptions!$B$70,Archetypes!$C$18-1)) -> 9108.36 | AD9: =MAX(0,(AB9)-(AC9)) -> 8114.858 | AF9: =AG8 -> 455.01211 | AG9: =MAX(Assumptions!$B$21,AF9+AH9) -> 487.8918 | AH9: =((AL9*(Assumptions!$B$22+((Assumptions!$B$23-Assumptions!$B$22)*IF(AI9>0,AK9/AI9,0)))*(1+Assumptions!$B$60*(Archetypes!$D$13-1)))+IF(AL9>AI9,AI9*Assumptions!$B$24,0)-IF(IF(AI9>0,AM9/AI9,1)<Assumptions!$B$61,((AM9*(Assumptions!$B$27*(1+Assumptions!$B$28*(Archetypes!$D$14-1))/(1+Assumptions!$B$29*(Archetypes!$D$12-1))))+(((AI9*Archetypes!$D$17*IF(AI9>0,AM9/AI9,1)*Archetypes!$D$31)/100)*Assumptions!$B$30))*Assumptions!$B$62,((AM9*(Assumptions!$B$27*(1+Assumptions!$B$28*(Archetypes!$D$14-1))/(1+Assumptions!$B$29*(Archetypes!$D$12-1))))+(((AI9*Archetypes!$D$17*IF(AI9>0,AM9/AI9,1)*Archetypes!$D$31)/100)*Assumptions!$B$30)))-(Assumptions!$B$25*Assumptions!$B$26*E9))*E9 -> 32.879681 | AI9: =(Archetypes!$D$11*(IF(AF9<0,1+Assumptions!$B$32*MIN(1,ABS(AF9)/ABS(Assumptions!$B$21)),MAX(0.1,1-Assumptions!$B$31*(AF9/50)))))*$E9 -> 1.8 | AJ9: =Archetypes!$D$30 -> 0.104 | AK9: =AI9*AJ9 -> 0.1872 | AL9: =((AI9-AK9)*Archetypes!$D$15)+(AK9*Archetypes!$D$15*Archetypes!$D$22) -> 2.81232 | AM9: =AI9*Archetypes!$D$16 -> 0.36 | AN9: =(IF(AF9<0,Assumptions!$B$8,IF(AF9<10,Assumptions!$B$34,IF(AF9<25,Assumptions!$B$35,Assumptions!$B$36))))*((((Archetypes!$D$5*Assumptions!$B$4+Archetypes!$D$6*Assumptions!$B$5)*60))+(Assumptions!$B$6*(((Archetypes!$D$11*(IF(AF9<0,1+Assumptions!$B$32*MIN(1,ABS(AF9)/ABS(Assumptions!$B$21)),MAX(0.1,1-Assumptions!$B$31*(AF9/50)))))-((Archetypes!$D$11*(IF(AF9<0,1+Assumptions!$B$32*MIN(1,ABS(AF9)/ABS(Assumptions!$B$21)),MAX(0.1,1-Assumptions!$B$31*(AF9/50)))))*AJ9)*Archetypes!$D$20)+((Archetypes!$D$11*(IF(AF9<0,1+Assumptions!$B$32*MIN(1,ABS(AF9)/ABS(Assumptions!$B$21)),MAX(0.1,1-Assumptions!$B$31*(AF9/50)))))*AJ9*Archetypes!$D$20*Archetypes!$D$21)*Assumptions!$B$18)*(IF($D9=1,1,Assumptions!$B$7)))+(((((Archetypes!$D$11*(IF(AF9<0,1+Assumptions!$B$32*MIN(1,ABS(AF9)/ABS(Assumptions!$B$21)),MAX(0.1,1-Assumptions!$B$31*(AF9/50)))))-((Archetypes!$D$11*(IF(AF9<0,1+Assumptions!$B$32*MIN(1,ABS(AF9)/ABS(Assumptions!$B$21)),MAX(0.1,1-Assumptions!$B$31*(AF9/50)))))*AJ9)*Archetypes!$D$15)*(Archetypes!$D$13*IF(AF9<0,1-Assumptions!$B$33*MIN(1,ABS(AF9)/ABS(Assumptions!$B$21)),1))*5)+(((Archetypes!$D$11*(IF(AF9<0,1+Assumptions!$B$32*MIN(1,ABS(AF9)/ABS(Assumptions!$B$21)),MAX(0.1,1-Assumptions!$B$31*(AF9/50)))))*AJ9*Archetypes!$D$15*Archetypes!$D$22)*(Archetypes!$D$13*IF(AF9<0,1-Assumptions!$B$33*MIN(1,ABS(AF9)/ABS(Assumptions!$B$21)),1))*5*Assumptions!$B$18))*IF(AF9<0,Assumptions!$B$9,1)))*$E9 -> 5637.8205 | AO9: =(AO8)+(AN9)-(MAX(0,((AO8)+(AN9)-(AP9)))*(IF(Archetypes!$D$27="",Assumptions!$B$11,Archetypes!$D$27))) -> 31026.154 | AP9: =Archetypes!$D$36 + (Assumptions!$B$67*(IF($E9=0,0,AI9/$E9))*Assumptions!$B$71*(1+Assumptions!$B$68*(Archetypes!$D$14-1))) + (Assumptions!$B$69*Archetypes!$D$34*(IF($E9=0,0,AI9/$E9))*Assumptions!$B$72*POWER(Assumptions!$B$70,Archetypes!$D$18-1)) -> 20774.801 | AQ9: =MAX(0,(AO9)-(AP9)) -> 10251.353
A10: 36 | B10: =INT(A10/24)+1 -> 2 | C10: =MOD(A10,24) -> 12 | D10: =IF(C10<Assumptions!$B$10,1,0) -> 0 | E10: 6 | F10: =G9 -> -15 | G10: =MAX(Assumptions!$B$21,F10+H10) -> -15 | H10: =((L10*(Assumptions!$B$22+((Assumptions!$B$23-Assumptions!$B$22)*IF(I10>0,K10/I10,0)))*(1+Assumptions!$B$60*(Archetypes!$B$13-1)))+IF(L10>I10,I10*Assumptions!$B$24,0)-IF(IF(I10>0,M10/I10,1)<Assumptions!$B$61,((M10*(Assumptions!$B$27*(1+Assumptions!$B$28*(Archetypes!$B$14-1))/(1+Assumptions!$B$29*(Archetypes!$B$12-1))))+(((I10*Archetypes!$B$17*IF(I10>0,M10/I10,1)*Archetypes!$B$31)/100)*Assumptions!$B$30))*Assumptions!$B$62,((M10*(Assumptions!$B$27*(1+Assumptions!$B$28*(Archetypes!$B$14-1))/(1+Assumptions!$B$29*(Archetypes!$B$12-1))))+(((I10*Archetypes!$B$17*IF(I10>0,M10/I10,1)*Archetypes!$B$31)/100)*Assumptions!$B$30)))-(Assumptions!$B$25*Assumptions!$B$26*E10))*E10 -> -102.17413 | I10: =(Archetypes!$B$11*(IF(F10<0,1+Assumptions!$B$32*MIN(1,ABS(F10)/ABS(Assumptions!$B$21)),MAX(0.1,1-Assumptions!$B$31*(F10/50)))))*$E10 -> 84 | J10: =Archetypes!$B$30 -> 0.022 | K10: =I10*J10 -> 1.848 | L10: =((I10-K10)*Archetypes!$B$15)+(K10*Archetypes!$B$15*Archetypes!$B$22) -> 8.43696 | M10: =I10*Archetypes!$B$16 -> 63 | N10: =(IF(F10<0,Assumptions!$B$8,IF(F10<10,Assumptions!$B$34,IF(F10<25,Assumptions!$B$35,Assumptions!$B$36))))*((((Archetypes!$B$5*Assumptions!$B$4+Archetypes!$B$6*Assumptions!$B$5)*60))+(Assumptions!$B$6*(((Archetypes!$B$11*(IF(F10<0,1+Assumptions!$B$32*MIN(1,ABS(F10)/ABS(Assumptions!$B$21)),MAX(0.1,1-Assumptions!$B$31*(F10/50)))))-((Archetypes!$B$11*(IF(F10<0,1+Assumptions!$B$32*MIN(1,ABS(F10)/ABS(Assumptions!$B$21)),MAX(0.1,1-Assumptions!$B$31*(F10/50)))))*J10)*Archetypes!$B$20)+((Archetypes!$B$11*(IF(F10<0,1+Assumptions!$B$32*MIN(1,ABS(F10)/ABS(Assumptions!$B$21)),MAX(0.1,1-Assumptions!$B$31*(F10/50)))))*J10*Archetypes!$B$20*Archetypes!$B$21)*Assumptions!$B$18)*(IF($D10=1,1,Assumptions!$B$7)))+(((((Archetypes!$B$11*(IF(F10<0,1+Assumptions!$B$32*MIN(1,ABS(F10)/ABS(Assumptions!$B$21)),MAX(0.1,1-Assumptions!$B$31*(F10/50)))))-((Archetypes!$B$11*(IF(F10<0,1+Assumptions!$B$32*MIN(1,ABS(F10)/ABS(Assumptions!$B$21)),MAX(0.1,1-Assumptions!$B$31*(F10/50)))))*J10)*Archetypes!$B$15)*(Archetypes!$B$13*IF(F10<0,1-Assumptions!$B$33*MIN(1,ABS(F10)/ABS(Assumptions!$B$21)),1))*5)+(((Archetypes!$B$11*(IF(F10<0,1+Assumptions!$B$32*MIN(1,ABS(F10)/ABS(Assumptions!$B$21)),MAX(0.1,1-Assumptions!$B$31*(F10/50)))))*J10*Archetypes!$B$15*Archetypes!$B$22)*(Archetypes!$B$13*IF(F10<0,1-Assumptions!$B$33*MIN(1,ABS(F10)/ABS(Assumptions!$B$21)),1))*5*Assumptions!$B$18))*IF(F10<0,Assumptions!$B$9,1)))*$E10 -> 2906.8713 | O10: =(O9)+(N10)-(MAX(0,((O9)+(N10)-(P10)))*(IF(Archetypes!$B$27="",Assumptions!$B$11,Archetypes!$B$27))) -> 12203.096 | P10: =Archetypes!$B$36 + (Assumptions!$B$67*(IF($E10=0,0,I10/$E10))*Assumptions!$B$71*(1+Assumptions!$B$68*(Archetypes!$B$14-1))) + (Assumptions!$B$69*Archetypes!$B$34*(IF($E10=0,0,I10/$E10))*Assumptions!$B$72*POWER(Assumptions!$B$70,Archetypes!$B$18-1)) -> 2668.56 | Q10: =MAX(0,(O10)-(P10)) -> 9534.5362 | S10: =T9 -> 204.78404 | T10: =MAX(Assumptions!$B$21,S10+U10) -> 215.50793 | U10: =((Y10*(Assumptions!$B$22+((Assumptions!$B$23-Assumptions!$B$22)*IF(V10>0,X10/V10,0)))*(1+Assumptions!$B$60*(Archetypes!$C$13-1)))+IF(Y10>V10,V10*Assumptions!$B$24,0)-IF(IF(V10>0,Z10/V10,1)<Assumptions!$B$61,((Z10*(Assumptions!$B$27*(1+Assumptions!$B$28*(Archetypes!$C$14-1))/(1+Assumptions!$B$29*(Archetypes!$C$12-1))))+(((V10*Archetypes!$C$17*IF(V10>0,Z10/V10,1)*Archetypes!$C$31)/100)*Assumptions!$B$30))*Assumptions!$B$62,((Z10*(Assumptions!$B$27*(1+Assumptions!$B$28*(Archetypes!$C$14-1))/(1+Assumptions!$B$29*(Archetypes!$C$12-1))))+(((V10*Archetypes!$C$17*IF(V10>0,Z10/V10,1)*Archetypes!$C$31)/100)*Assumptions!$B$30)))-(Assumptions!$B$25*Assumptions!$B$26*E10))*E10 -> 10.723892 | V10: =(Archetypes!$C$11*(IF(S10<0,1+Assumptions!$B$32*MIN(1,ABS(S10)/ABS(Assumptions!$B$21)),MAX(0.1,1-Assumptions!$B$31*(S10/50)))))*$E10 -> 3.6 | W10: =Archetypes!$C$30 -> 0.038 | X10: =V10*W10 -> 0.1368 | Y10: =((V10-X10)*Archetypes!$C$15)+(X10*Archetypes!$C$15*Archetypes!$C$22) -> 1.82052 | Z10: =V10*Archetypes!$C$16 -> 1.62 | AA10: =(IF(S10<0,Assumptions!$B$8,IF(S10<10,Assumptions!$B$34,IF(S10<25,Assumptions!$B$35,Assumptions!$B$36))))*((((Archetypes!$C$5*Assumptions!$B$4+Archetypes!$C$6*Assumptions!$B$5)*60))+(Assumptions!$B$6*(((Archetypes!$C$11*(IF(S10<0,1+Assumptions!$B$32*MIN(1,ABS(S10)/ABS(Assumptions!$B$21)),MAX(0.1,1-Assumptions!$B$31*(S10/50)))))-((Archetypes!$C$11*(IF(S10<0,1+Assumptions!$B$32*MIN(1,ABS(S10)/ABS(Assumptions!$B$21)),MAX(0.1,1-Assumptions!$B$31*(S10/50)))))*W10)*Archetypes!$C$20)+((Archetypes!$C$11*(IF(S10<0,1+Assumptions!$B$32*MIN(1,ABS(S10)/ABS(Assumptions!$B$21)),MAX(0.1,1-Assumptions!$B$31*(S10/50)))))*W10*Archetypes!$C$20*Archetypes!$C$21)*Assumptions!$B$18)*(IF($D10=1,1,Assumptions!$B$7)))+(((((Archetypes!$C$11*(IF(S10<0,1+Assumptions!$B$32*MIN(1,ABS(S10)/ABS(Assumptions!$B$21)),MAX(0.1,1-Assumptions!$B$31*(S10/50)))))-((Archetypes!$C$11*(IF(S10<0,1+Assumptions!$B$32*MIN(1,ABS(S10)/ABS(Assumptions!$B$21)),MAX(0.1,1-Assumptions!$B$31*(S10/50)))))*W10)*Archetypes!$C$15)*(Archetypes!$C$13*IF(S10<0,1-Assumptions!$B$33*MIN(1,ABS(S10)/ABS(Assumptions!$B$21)),1))*5)+(((Archetypes!$C$11*(IF(S10<0,1+Assumptions!$B$32*MIN(1,ABS(S10)/ABS(Assumptions!$B$21)),MAX(0.1,1-Assumptions!$B$31*(S10/50)))))*W10*Archetypes!$C$15*Archetypes!$C$22)*(Archetypes!$C$13*IF(S10<0,1-Assumptions!$B$33*MIN(1,ABS(S10)/ABS(Assumptions!$B$21)),1))*5*Assumptions!$B$18))*IF(S10<0,Assumptions!$B$9,1)))*$E10 -> 3492.4943 | AB10: =(AB9)+(AA10)-(MAX(0,((AB9)+(AA10)-(AC10)))*(IF(Archetypes!$C$27="",Assumptions!$B$11,Archetypes!$C$27))) -> 17813.874 | AC10: =Archetypes!$C$36 + (Assumptions!$B$67*(IF($E10=0,0,V10/$E10))*Assumptions!$B$71*(1+Assumptions!$B$68*(Archetypes!$C$14-1))) + (Assumptions!$B$69*Archetypes!$C$34*(IF($E10=0,0,V10/$E10))*Assumptions!$B$72*POWER(Assumptions!$B$70,Archetypes!$C$18-1)) -> 9108.36 | AD10: =MAX(0,(AB10)-(AC10)) -> 8705.5142 | AF10: =AG9 -> 487.8918 | AG10: =MAX(Assumptions!$B$21,AF10+AH10) -> 520.77148 | AH10: =((AL10*(Assumptions!$B$22+((Assumptions!$B$23-Assumptions!$B$22)*IF(AI10>0,AK10/AI10,0)))*(1+Assumptions!$B$60*(Archetypes!$D$13-1)))+IF(AL10>AI10,AI10*Assumptions!$B$24,0)-IF(IF(AI10>0,AM10/AI10,1)<Assumptions!$B$61,((AM10*(Assumptions!$B$27*(1+Assumptions!$B$28*(Archetypes!$D$14-1))/(1+Assumptions!$B$29*(Archetypes!$D$12-1))))+(((AI10*Archetypes!$D$17*IF(AI10>0,AM10/AI10,1)*Archetypes!$D$31)/100)*Assumptions!$B$30))*Assumptions!$B$62,((AM10*(Assumptions!$B$27*(1+Assumptions!$B$28*(Archetypes!$D$14-1))/(1+Assumptions!$B$29*(Archetypes!$D$12-1))))+(((AI10*Archetypes!$D$17*IF(AI10>0,AM10/AI10,1)*Archetypes!$D$31)/100)*Assumptions!$B$30)))-(Assumptions!$B$25*Assumptions!$B$26*E10))*E10 -> 32.879681 | AI10: =(Archetypes!$D$11*(IF(AF10<0,1+Assumptions!$B$32*MIN(1,ABS(AF10)/ABS(Assumptions!$B$21)),MAX(0.1,1-Assumptions!$B$31*(AF10/50)))))*$E10 -> 1.8 | AJ10: =Archetypes!$D$30 -> 0.104 | AK10: =AI10*AJ10 -> 0.1872 | AL10: =((AI10-AK10)*Archetypes!$D$15)+(AK10*Archetypes!$D$15*Archetypes!$D$22) -> 2.81232 | AM10: =AI10*Archetypes!$D$16 -> 0.36 | AN10: =(IF(AF10<0,Assumptions!$B$8,IF(AF10<10,Assumptions!$B$34,IF(AF10<25,Assumptions!$B$35,Assumptions!$B$36))))*((((Archetypes!$D$5*Assumptions!$B$4+Archetypes!$D$6*Assumptions!$B$5)*60))+(Assumptions!$B$6*(((Archetypes!$D$11*(IF(AF10<0,1+Assumptions!$B$32*MIN(1,ABS(AF10)/ABS(Assumptions!$B$21)),MAX(0.1,1-Assumptions!$B$31*(AF10/50)))))-((Archetypes!$D$11*(IF(AF10<0,1+Assumptions!$B$32*MIN(1,ABS(AF10)/ABS(Assumptions!$B$21)),MAX(0.1,1-Assumptions!$B$31*(AF10/50)))))*AJ10)*Archetypes!$D$20)+((Archetypes!$D$11*(IF(AF10<0,1+Assumptions!$B$32*MIN(1,ABS(AF10)/ABS(Assumptions!$B$21)),MAX(0.1,1-Assumptions!$B$31*(AF10/50)))))*AJ10*Archetypes!$D$20*Archetypes!$D$21)*Assumptions!$B$18)*(IF($D10=1,1,Assumptions!$B$7)))+(((((Archetypes!$D$11*(IF(AF10<0,1+Assumptions!$B$32*MIN(1,ABS(AF10)/ABS(Assumptions!$B$21)),MAX(0.1,1-Assumptions!$B$31*(AF10/50)))))-((Archetypes!$D$11*(IF(AF10<0,1+Assumptions!$B$32*MIN(1,ABS(AF10)/ABS(Assumptions!$B$21)),MAX(0.1,1-Assumptions!$B$31*(AF10/50)))))*AJ10)*Archetypes!$D$15)*(Archetypes!$D$13*IF(AF10<0,1-Assumptions!$B$33*MIN(1,ABS(AF10)/ABS(Assumptions!$B$21)),1))*5)+(((Archetypes!$D$11*(IF(AF10<0,1+Assumptions!$B$32*MIN(1,ABS(AF10)/ABS(Assumptions!$B$21)),MAX(0.1,1-Assumptions!$B$31*(AF10/50)))))*AJ10*Archetypes!$D$15*Archetypes!$D$22)*(Archetypes!$D$13*IF(AF10<0,1-Assumptions!$B$33*MIN(1,ABS(AF10)/ABS(Assumptions!$B$21)),1))*5*Assumptions!$B$18))*IF(AF10<0,Assumptions!$B$9,1)))*$E10 -> 5637.8205 | AO10: =(AO9)+(AN10)-(MAX(0,((AO9)+(AN10)-(AP10)))*(IF(Archetypes!$D$27="",Assumptions!$B$11,Archetypes!$D$27))) -> 31897.222 | AP10: =Archetypes!$D$36 + (Assumptions!$B$67*(IF($E10=0,0,AI10/$E10))*Assumptions!$B$71*(1+Assumptions!$B$68*(Archetypes!$D$14-1))) + (Assumptions!$B$69*Archetypes!$D$34*(IF($E10=0,0,AI10/$E10))*Assumptions!$B$72*POWER(Assumptions!$B$70,Archetypes!$D$18-1)) -> 20774.801 | AQ10: =MAX(0,(AO10)-(AP10)) -> 11122.421
