Workbook
Name A_scale: Constants!$B$7
Name B_scale: Constants!$B$8
Name C_scale: Constants!$B$9
Name d_decay: Constants!$B$17
Name h_diplomacy: Constants!$B$16
Name h_lethal: Constants!$B$11
Name h_loot: Constants!$B$12
Name h_noble: Constants!$B$13
Name h_overflow: Constants!$B$14
Name h_training: Constants!$B$15
Name k_env: Constants!$B$6
Name k_monsters: Constants!$B$4
Name k_traps: Constants!$B$5
Name TargetDeathRate: Constants!$B$10
Name w_bronze: Constants!$B$18
Name w_diamond: Constants!$B$22
Name w_gold: Constants!$B$20
Name w_platinum: Constants!$B$21
Name w_silver: Constants!$B$19

Sheet ReadMe
A1: Dungeon Builder 25 Floor Table Model (ReadMe)
A3: What this file does
A4: This workbook models a dungeon with up to 25 floors using a single Floors table. It computes Challenge Rating and Heat deltas from per floor inputs.
A6: How to use
A7: 1) Go to Floors_25 and edit only blue cells. Each row is one floor.
A8: 2) Tune knobs on Constants. The summary updates automatically.
A9: 3) Use Monster_Threat and Loot_Table as optional calculators, then paste totals into Floors_25.
A11: Why a table
A12: Tables scale better than having one sheet per floor. It also mirrors how you will store data in the game.

Sheet Dungeon_Summary
A1: Dungeon Summary
A3: Pulls totals from Floors_25 and computes overall Challenge Rating and Heat change.
A5: Total danger | B5: =Floors_25!F33 -> 0 | D5: Base CR | E5: =A_scale*LOG10(B5+1) -> 0 | G5: Current heat | H5: 30
A6: Total visits | B6: =Floors_25!G33 -> 0 | D6: Death CR | E6: =B_scale*LOG10(B8+1) -> 0 | G6: Lethality heat | H6: =h_lethal*MAX(0,B8-TargetDeathRate) -> 0
A7: Weighted deaths | B7: =Floors_25!M33 -> 0 | D7: Floor CR | E7: =C_scale*SQRT(B10) -> 22.36068 | G7: Loot heat | H7: =h_loot*((1/(B9+0.0001))-1) -> 49995
A8: Death rate per 100 | B8: =Floors_25!N33 -> 0 | D8: Total challenge rating | E8: =E5+E6+E7 -> 22.36068 | G8: Noble deaths (dungeon) | H8: 0
A9: Loot fairness ratio | B9: =Floors_25!Q33 -> 0 | G9: Noble heat | H9: =h_noble*H8 -> 0
A10: Enabled floors | B10: =COUNTIF(Floors_25!B6:'Floors_25'!B30,"Yes") -> 5 | G10: Overflow events (dungeon) | H10: 0
G11: Overflow heat | H11: =h_overflow*H10 -> 0
G12: Training events | H12: 0
G13: Training cooling | H13: =-h_training*H12 -> 0
G14: Diplomacy actions | H14: 0
G15: Diplomacy cooling | H15: =-h_diplomacy*H14 -> 0
G16: Natural decay | H16: =-MAX(0,H5*d_decay) -> -3
G17: Heat change | H17: =SUM(H6:H16) -> 49992
G18: New heat | H18: =MAX(0,MIN(100,H5+H17)) -> 100

Sheet Constants
A1: Constants and Tuning Knobs
A3: Name | B3: Value
A4: Monster constant k_monsters | B4: 10
A5: Trap constant k_traps | B5: 5
A6: Environment constant k_env | B6: 8
A7: Challenge scale A | B7: 100
A8: Death scale B | B8: 50
A9: Floor scale C | B9: 10
A10: Target death rate per 100 | B10: 15
A11: Heat lethality constant h_lethal | B11: 0.5
A12: Heat loot constant h_loot | B12: 5
A13: Heat noble constant h_noble | B13: 20
A14: Heat overflow constant h_overflow | B14: 15
A15: Heat training constant h_training (cooling) | B15: 5
... A22: Rank weight Diamond | B22: 16

Sheet Monster_Threat
A1: Monster Threat Calculator
A3: Optional: calculate Threat for a monster template at a summon level, then use it to estimate total monster threat on a floor.
A5: Monster | B5: Base Level | C5: Summon Level | D5: Base Health | E5: Base Attack | F5: Base Defense | G5: Growth Health | H5: Growth Attack | I5: Growth Defense | J5: Trait Multiplier | K5: Ability DPS | L5: k_health | M5: k_defense | N5: Threat
A6: Goblin | B6: 1 | C6: 5 | D6: 50 | E6: 8 | F6: 2 | G6: 0.06 | H6: 0.05 | I6: 0.03 | J6: 1.1 | K6: 2 | L6: 0.2 | M6: 1 | N6: =IF(A6="", 0, ( (E6*(1+H6*MAX(0,C6-B6))) + K6 + (D6*(1+G6*MAX(0,C6-B6))*L6) + (F6*(1+I6*MAX(0,C6-62))*M6) ) *J6 ) -> 28.6
A7: Goblin Archer | B7: 2 | C7: 5 | D7: 40 | E7: 10 | F7: 1 | G7: 0.05 | H7: 0.06 | I7: 0.02 | J7: 1.1 | K7: 3 | L7: 0.2 | M7: 1 | N7: =IF(A7="", 0, ( (E7*(1+H7*MAX(0,C7-B7))) + K7 + (D7*(1+G7*MAX(0,C7-B7))*L7) + (F7*(1+I7*MAX(0,C7-62))*M7) ) *J7 ) -> 27.5
A8: Goblin Shaman | B8: 4 | C8: 5 | D8: 55 | E8: 6 | F8: 2 | G8: 0.06 | H8: 0.04 | I8: 0.03 | J8: 1.25 | K8: 6 | L8: 0.2 | M8: 1 | N8: =IF(A8="", 0, ( (E8*(1+H8*MAX(0,C8-B8))) + K8 + (D8*(1+G8*MAX(0,C8-B8))*L8) + (F8*(1+I8*MAX(0,C8-62))*M8) ) *J8 ) -> 32.375
A9: Skeleton | B9: 1 | C9: 5 | D9: 55 | E9: 7 | F9: 3 | G9: 0.06 | H9: 0.05 | I9: 0.03 | J9: 1.1 | K9: 2 | L9: 0.2 | M9: 1 | N9: =IF(A9="", 0, ( (E9*(1+H9*MAX(0,C9-B9))) + K9 + (D9*(1+G9*MAX(0,C9-B9))*L9) + (F9*(1+I9*MAX(0,C9-62))*M9) ) *J9 ) -> 29.744
A10: Skeleton Archer | B10: 2 | C10: 5 | D10: 45 | E10: 9 | F10: 2 | G10: 0.05 | H10: 0.06 | I10: 0.03 | J10: 1.1 | K10: 3 | L10: 0.2 | M10: 1 | N10: =IF(A10="", 0, ( (E10*(1+H10*MAX(0,C10-B10))) + K10 + (D10*(1+G10*MAX(0,C10-B10))*L10) + (F10*(1+I10*MAX(0,C10-62))*M10) ) *J10 ) -> 28.567
A11: Skeleton Mage | B11: 4 | C11: 5 | D11: 50 | E11: 6 | F11: 2 | G11: 0.06 | H11: 0.04 | I11: 0.03 | J11: 1.25 | K11: 6 | L11: 0.2 | M11: 1 | N11: =IF(A11="", 0, ( (E11*(1+H11*MAX(0,C11-B11))) + K11 + (D11*(1+G11*MAX(0,C11-B11))*L11) + (F11*(1+I11*MAX(0,C11-62))*M11) ) *J11 ) -> 31.05

Sheet Loot_Model
A1: Loot Table Calculator (Option C Split Tables)
A3: Purpose
A4: Left table controls drop chance. Right table controls item value. Expected value ties them together. Edit only yellow cells.
A6: Legend | E6: Rarity Base Weights | H6: Default Ranges (Safe Starting Points)
A7: Yellow | B7: Editable input | E7: Rarity | F7: BaseWeight | H7: Field | K7: Suggested Range | N7: Notes
A8: Blue | B8: Chance section | E8: Common | F8: 100 | H8: Floor Modifier | K8: 0.6 to 2.5 | N8: Early floors lower, boss floors higher
A9: Green | B9: Value section | E9: Uncommon | F9: 30 | H9: Dungeon Modifier | K9: 0.8 to 1.6 | N9: Stingy to generous dungeon mood
A10: Gray | B10: Calculated output | E10: Rare | F10: 10 | H10: Event Modifier | K10: 0.5 to 2.0 | N10: Temporary world event effects
E11: Elite | F11: 3 | H11: Material Tier Value | K11: 0 to 25 | N11: Use tier list below
E12: Epic | F12: 1 | H12: Item Type Factor | K12: 0.6 to 1.8 | N12: Consumable lower, jewelry higher
E13: Legendary | F13: 0.3 | H13: Enchantment Score | K13: 0 to 15 | N13: Complex effects score higher
E14: Relic | F14: 0.1 | H14: Enchant Factor | K14: 1.5 to 3.0 | N14: Advanced enchantments scale harder
H16: Material Tier Values
H17: Material | I17: Value
H18: Copper | I18: 1
H19: Iron | I19: 2
H20: Steel | I20: 3
A21: Chance Table | I21: 5 | J21: Value Table
A22: Row | B22: Item | C22: Rarity | D22: Base Weight | E22: Floor Mod | F22: Dungeon Mod | G22: Event Mod | H22: Final Weight | I22: Drop Prob | J22: Row | K22: Item | L22: Material Tier Value | M22: Item Type Factor | N22: Enchant Score | O22: Enchant Factor | P22: Value Score | Q22: Expected Value
A23: 1 | B23: Iron Sword | C23: Uncommon | D23: =_xlfn.SINGLE(IF(B23="",0,_xlfn.XLOOKUP(C23,$E$8:$E$14,$F$8:$F$14,0))) -> 30 | E23: 1 | F23: 1 | G23: 1 | H23: =IF(B23="",0,D23*E23*F23*G23) -> 30 | I23: =IF(H23=0,0,H23/SUM($H$23:$H$82)) -> 0.21246459 | J23: 1 | K23: =B23 -> Iron Sword | L23: 2 | M23: 1.4 | N23: 0 | O23: 2 | P23: =IF(K23="",0,(L23*M23)+(N23*O23)) -> 2.8 | Q23: =IF(K23="",0,(P23*I23)) -> 0.59490085
A24: 2 | B24: Silver Ring | C24: Rare | D24: =_xlfn.SINGLE(IF(B24="",0,_xlfn.XLOOKUP(C24,$E$8:$E$14,$F$8:$F$14,0))) -> 10 | E24: 1 | F24: 1 | G24: 1 | H24: =IF(B24="",0,D24*E24*F24*G24) -> 10 | I24: =IF(H24=0,0,H24/SUM($H$23:$H$82)) -> 0.07082153 | J24: 2 | K24: =B24 -> Silver Ring | L24: 5 | M24: 1.1 | N24: 2 | O24: 2 | P24: =IF(K24="",0,(L24*M24)+(N24*O24)) -> 9.5 | Q24: =IF(K24="",0,(P24*I24)) -> 0.67280453
A25: 3 | B25: Health Potion | C25: Common | D25: =_xlfn.SINGLE(IF(B25="",0,_xlfn.XLOOKUP(C25,$E$8:$E$14,$F$8:$F$14,0))) -> 100 | E25: 1 | F25: 1 | G25: 1 | H25: =IF(B25="",0,D25*E25*F25*G25) -> 100 | I25: =IF(H25=0,0,H25/SUM($H$23:$H$82)) -> 0.7082153 | J25: 3 | K25: =B25 -> Health Potion | L25: 2 | M25: 0.8 | N25: 0 | O25: 2 | P25: =IF(K25="",0,(L25*M25)+(N25*O25)) -> 1.6 | Q25: =IF(K25="",0,(P25*I25)) -> 1.1331445
A26: 4 | B26: Boss Set Helm (placeholder) | C26: Epic | D26: =_xlfn.SINGLE(IF(B26="",0,_xlfn.XLOOKUP(C26,$E$8:$E$14,$F$8:$F$14,0))) -> 1 | E26: 1.2 | F26: 1 | G26: 1 | H26: =IF(B26="",0,D26*E26*F26*G26) -> 1.2 | I26: =IF(H26=0,0,H26/SUM($H$23:$H$82)) -> 0.0084985836 | J26: 4 | K26: =B26 -> Boss Set Helm (placeholder) | L26: 12 | M26: 1.8 | N26: 3 | O26: 2 | P26: =IF(K26="",0,(L26*M26)+(N26*O26)) -> 27.6 | Q26: =IF(K26="",0,(P26*I26)) -> 0.23456091
A27: 5 | C27: Common | D27: =IF(B27="",0,_xludf.XLOOKUP(C27,$E$8:$E$14,$F$8:$F$14,0)) -> 0 | E27: 1 | F27: 1 | G27: 1 | H27: =IF(B27="",0,D27*E27*F27*G27) -> 0 | I27: =IF(H27=0,0,H27/SUM($H$23:$H$82)) -> 0 | J27: 5 | K27: =B27 -> 0 | L27: 0 | M27: 1 | N27: 0 | O27: 2 | P27: =IF(K27="",0,(L27*M27)+(N27*O27)) -> 0 | Q27: =IF(K27="",0,(P27*I27)) -> 0
A28: 6 | C28: Common | D28: =IF(B28="",0,_xludf.XLOOKUP(C28,$E$8:$E$14,$F$8:$F$14,0)) -> 0 | E28: 1 | F28: 1 | G28: 1 | H28: =IF(B28="",0,D28*E28*F28*G28) -> 0 | I28: =IF(H28=0,0,H28/SUM($H$23:$H$82)) -> 0 | J28: 6 | K28: =B28 -> 0 | L28: 0 | M28: 1 | N28: 0 | O28: 2 | P28: =IF(K28="",0,(L28*M28)+(N28*O28)) -> 0 | Q28: =IF(K28="",0,(P28*I28)) -> 0
A29: 7 | C29: Common | D29: =IF(B29="",0,_xludf.XLOOKUP(C29,$E$8:$E$14,$F$8:$F$14,0)) -> 0 | E29: 1 | F29: 1 | G29: 1 | H29: =IF(B29="",0,D29*E29*F29*G29) -> 0 | I29: =IF(H29=0,0,H29/SUM($H$23:$H$82)) -> 0 | J29: 7 | K29: =B29 -> 0 | L29: 0 | M29: 1 | N29: 0 | O29: 2 | P29: =IF(K29="",0,(L29*M29)+(N29*O29)) -> 0 | Q29: =IF(K29="",0,(P29*I29)) -> 0
A30: 8 | C30: Common | D30: =IF(B30="",0,_xludf.XLOOKUP(C30,$E$8:$E$14,$F$8:$F$14,0)) -> 0 | E30: 1 | F30: 1 | G30: 1 | H30: =IF(B30="",0,D30*E30*F30*G30) -> 0 | I30: =IF(H30=0,0,H30/SUM($H$23:$H$82)) -> 0 | J30: 8 | K30: =B30 -> 0 | L30: 0 | M30: 1 | N30: 0 | O30: 2 | P30: =IF(K30="",0,(L30*M30)+(N30*O30)) -> 0 | Q30: =IF(K30="",0,(P30*I30)) -> 0
A31: 9 | C31: Common | D31: =IF(B31="",0,_xludf.XLOOKUP(C31,$E$8:$E$14,$F$8:$F$14,0)) -> 0 | E31: 1 | F31: 1 | G31: 1 | H31: =IF(B31="",0,D31*E31*F31*G31) -> 0 | I31: =IF(H31=0,0,H31/SUM($H$23:$H$82)) -> 0 | J31: 9 | K31: =B31 -> 0 | L31: 0 | M31: 1 | N31: 0 | O31: 2 | P31: =IF(K31="",0,(L31*M31)+(N31*O31)) -> 0 | Q31: =IF(K31="",0,(P31*I31)) -> 0
A32: 10 | C32: Common | D32: =IF(B32="",0,_xludf.XLOOKUP(C32,$E$8:$E$14,$F$8:$F$14,0)) -> 0 | E32: 1 | F32: 1 | G32: 1 | H32: =IF(B32="",0,D32*E32*F32*G32) -> 0 | I32: =IF(H32=0,0,H32/SUM($H$23:$H$82)) -> 0 | J32: 10 | K32: =B32 -> 0 | L32: 0 | M32: 1 | N32: 0 | O32: 2 | P32: =IF(K32="",0,(L32*M32)+(N32*O32)) -> 0 | Q32: =IF(K32="",0,(P32*I32)) -> 0
A33: 11 | C33: Common | D33: =IF(B33="",0,_xludf.XLOOKUP(C33,$E$8:$E$14,$F$8:$F$14,0)) -> 0 | E33: 1 | F33: 1 | G33: 1 | H33: =IF(B33="",0,D33*E33*F33*G33) -> 0 | I33: =IF(H33=0,0,H33/SUM($H$23:$H$82)) -> 0 | J33: 11 | K33: =B33 -> 0 | L33: 0 | M33: 1 | N33: 0 | O33: 2 | P33: =IF(K33="",0,(L33*M33)+(N33*O33)) -> 0 | Q33: =IF(K33="",0,(P33*I33)) -> 0
A34: 12 | C34: Common | D34: =IF(B34="",0,_xludf.XLOOKUP(C34,$E$8:$E$14,$F$8:$F$14,0)) -> 0 | E34: 1 | F34: 1 | G34: 1 | H34: =IF(B34="",0,D34*E34*F34*G34) -> 0 | I34: =IF(H34=0,0,H34/SUM($H$23:$H$82)) -> 0 | J34: 12 | K34: =B34 -> 0 | L34: 0 | M34: 1 | N34: 0 | O34: 2 | P34: =IF(K34="",0,(L34*M34)+(N34*O34)) -> 0 | Q34: =IF(K34="",0,(P34*I34)) -> 0
A35: 13 | C35: Common | D35: =IF(B35="",0,_xludf.XLOOKUP(C35,$E$8:$E$14,$F$8:$F$14,0)) -> 0 | E35: 1 | F35: 1 | G35: 1 | H35: =IF(B35="",0,D35*E35*F35*G35) -> 0 | I35: =IF(H35=0,0,H35/SUM($H$23:$H$82)) -> 0 | J35: 13 | K35: =B35 -> 0 | L35: 0 | M35: 1 | N35: 0 | O35: 2 | P35: =IF(K35="",0,(L35*M35)+(N35*O35)) -> 0 | Q35: =IF(K35="",0,(P35*I35)) -> 0
A36: 14 | C36: Common | D36: =IF(B36="",0,_xludf.XLOOKUP(C36,$E$8:$E$14,$F$8:$F$14,0)) -> 0 | E36: 1 | F36: 1 | G36: 1 | H36: =IF(B36="",0,D36*E36*F36*G36) -> 0 | I36: =IF(H36=0,0,H36/SUM($H$23:$H$82)) -> 0 | J36: 14 | K36: =B36 -> 0 | L36: 0 | M36: 1 | N36: 0 | O36: 2 | P36: =IF(K36="",0,(L36*M36)+(N36*O36)) -> 0 | Q36: =IF(K36="",0,(P36*I36)) -> 0
A37: 15 | C37: Common | D37: =IF(B37="",0,_xludf.XLOOKUP(C37,$E$8:$E$14,$F$8:$F$14,0)) -> 0 | E37: 1 | F37: 1 | G37: 1 | H37: =IF(B37="",0,D37*E37*F37*G37) -> 0 | I37: =IF(H37=0,0,H37/SUM($H$23:$H$82)) -> 0 | J37: 15 | K37: =B37 -> 0 | L37: 0 | M37: 1 | N37: 0 | O37: 2 | P37: =IF(K37="",0,(L37*M37)+(N37*O37)) -> 0 | Q37: =IF(K37="",0,(P37*I37)) -> 0
A38: 16 | C38: Common | D38: =IF(B38="",0,_xludf.XLOOKUP(C38,$E$8:$E$14,$F$8:$F$14,0)) -> 0 | E38: 1 | F38: 1 | G38: 1 | H38: =IF(B38="",0,D38*E38*F38*G38) -> 0 | I38: =IF(H38=0,0,H38/SUM($H$23:$H$82)) -> 0 | J38: 16 | K38: =B38 -> 0 | L38: 0 | M38: 1 | N38: 0 | O38: 2 | P38: =IF(K38="",0,(L38*M38)+(N38*O38)) -> 0 | Q38: =IF(K38="",0,(P38*I38)) -> 0
... A82: 60 | C82: Common | D82: =IF(B82="",0,_xludf.XLOOKUP(C82,$E$8:$E$14,$F$8:$F$14,0)) -> 0 | E82: 1 | F82: 1 | G82: 1 | H82: =IF(B82="",0,D82*E82*F82*G82) -> 0 | I82: =IF(H82=0,0,H82/SUM($H$23:$H$82)) -> 0 | J82: 60 | K82: =B82 -> 0 | L82: 0 | M82: 1 | N82: 0 | O82: 2 | P82: =IF(K82="",0,(L82*M82)+(N82*O82)) -> 0 | Q82: =IF(K82="",0,(P82*I82)) -> 0
A84: Expected loot value per run | D84: =SUM($Q$23:$Q$82) -> 2.6354108
A85: Total final weight (sanity check) | D85: =SUM($H$23:$H$82) -> 141.2
A86: Sum drop probability (should be 1.0 when at least one item exists) | D86: =SUM($I$23:$I$82) -> 1

Sheet Floors_25
A1: Floors Table (25 Floors)
A3: Each row is one floor. Enter aggregated totals for Monster Threat, Trap Threat, and Environment Threat, plus visits, deaths, and loot fairness.
A5: Floor | B5: Enabled | C5: Total Monster Threat | D5: Total Trap Threat | E5: Total Env Threat | F5: Floor Danger | G5: Visits | H5: Deaths Bronze | I5: Deaths Silver | J5: Deaths Gold | K5: Deaths Platinum | L5: Deaths Diamond | M5: Weighted Deaths | N5: Death Rate per 100 | O5: Expected Loot Value | P5: Actual Loot Value | Q5: Loot Fairness Ratio
A6: 1 | B6: Yes | C6: 0 | D6: 0 | E6: 0 | F6: =IF(B6="Yes",k_monsters*C6 + k_traps*D6 + k_env*E6,0) -> 0 | G6: 0 | H6: 0 | I6: 0 | J6: 0 | K6: 0 | L6: 0 | M6: =IF(B6="Yes",H6*w_bronze + I6*w_silver + J6*w_gold + K6*w_platinum + L6*w_diamond,0) -> 0 | N6: =IF(B6="Yes",(M6*100)/(G6+1),0) -> 0 | O6: 0 | P6: 0 | Q6: =IF(B6="Yes",IF(O6=0,0,P6/(O6+0.0001)),0) -> 0
A7: 2 | B7: Yes | C7: 0 | D7: 0 | E7: 0 | F7: =IF(B7="Yes",k_monsters*C7 + k_traps*D7 + k_env*E7,0) -> 0 | G7: 0 | H7: 0 | I7: 0 | J7: 0 | K7: 0 | L7: 0 | M7: =IF(B7="Yes",H7*w_bronze + I7*w_silver + J7*w_gold + K7*w_platinum + L7*w_diamond,0) -> 0 | N7: =IF(B7="Yes",(M7*100)/(G7+1),0) -> 0 | O7: 0 | P7: 0 | Q7: =IF(B7="Yes",IF(O7=0,0,P7/(O7+0.0001)),0) -> 0
A8: 3 | B8: Yes | C8: 0 | D8: 0 | E8: 0 | F8: =IF(B8="Yes",k_monsters*C8 + k_traps*D8 + k_env*E8,0) -> 0 | G8: 0 | H8: 0 | I8: 0 | J8: 0 | K8: 0 | L8: 0 | M8: =IF(B8="Yes",H8*w_bronze + I8*w_silver + J8*w_gold + K8*w_platinum + L8*w_diamond,0) -> 0 | N8: =IF(B8="Yes",(M8*100)/(G8+1),0) -> 0 | O8: 0 | P8: 0 | Q8: =IF(B8="Yes",IF(O8=0,0,P8/(O8+0.0001)),0) -> 0
A9: 4 | B9: Yes | C9: 0 | D9: 0 | E9: 0 | F9: =IF(B9="Yes",k_monsters*C9 + k_traps*D9 + k_env*E9,0) -> 0 | G9: 0 | H9: 0 | I9: 0 | J9: 0 | K9: 0 | L9: 0 | M9: =IF(B9="Yes",H9*w_bronze + I9*w_silver + J9*w_gold + K9*w_platinum + L9*w_diamond,0) -> 0 | N9: =IF(B9="Yes",(M9*100)/(G9+1),0) -> 0 | O9: 0 | P9: 0 | Q9: =IF(B9="Yes",IF(O9=0,0,P9/(O9+0.0001)),0) -> 0
A10: 5 | B10: Yes | C10: 0 | D10: 0 | E10: 0 | F10: =IF(B10="Yes",k_monsters*C10 + k_traps*D10 + k_env*E10,0) -> 0 | G10: 0 | H10: 0 | I10: 0 | J10: 0 | K10: 0 | L10: 0 | M10: =IF(B10="Yes",H10*w_bronze + I10*w_silver + J10*w_gold + K10*w_platinum + L10*w_diamond,0) -> 0 | N10: =IF(B10="Yes",(M10*100)/(G10+1),0) -> 0 | O10: 0 | P10: 0 | Q10: =IF(B10="Yes",IF(O10=0,0,P10/(O10+0.0001)),0) -> 0
A11: 6 | B11: No | C11: 0 | D11: 0 | E11: 0 | F11: =IF(B11="Yes",k_monsters*C11 + k_traps*D11 + k_env*E11,0) -> 0 | G11: 0 | H11: 0 | I11: 0 | J11: 0 | K11: 0 | L11: 0 | M11: =IF(B11="Yes",H11*w_bronze + I11*w_silver + J11*w_gold + K11*w_platinum + L11*w_diamond,0) -> 0 | N11: =IF(B11="Yes",(M11*100)/(G11+1),0) -> 0 | O11: 0 | P11: 0 | Q11: =IF(B11="Yes",IF(O11=0,0,P11/(O11+0.0001)),0) -> 0
A12: 7 | B12: No | C12: 0 | D12: 0 | E12: 0 | F12: =IF(B12="Yes",k_monsters*C12 + k_traps*D12 + k_env*E12,0) -> 0 | G12: 0 | H12: 0 | I12: 0 | J12: 0 | K12: 0 | L12: 0 | M12: =IF(B12="Yes",H12*w_bronze + I12*w_silver + J12*w_gold + K12*w_platinum + L12*w_diamond,0) -> 0 | N12: =IF(B12="Yes",(M12*100)/(G12+1),0) -> 0 | O12: 0 | P12: 0 | Q12: =IF(B12="Yes",IF(O12=0,0,P12/(O12+0.0001)),0) -> 0
A13: 8 | B13: No | C13: 0 | D13: 0 | E13: 0 | F13: =IF(B13="Yes",k_monsters*C13 + k_traps*D13 + k_env*E13,0) -> 0 | G13: 0 | H13: 0 | I13: 0 | J13: 0 | K13: 0 | L13: 0 | M13: =IF(B13="Yes",H13*w_bronze + I13*w_silver + J13*w_gold + K13*w_platinum + L13*w_diamond,0) -> 0 | N13: =IF(B13="Yes",(M13*100)/(G13+1),0) -> 0 | O13: 0 | P13: 0 | Q13: =IF(B13="Yes",IF(O13=0,0,P13/(O13+0.0001)),0) -> 0
A14: 9 | B14: No | C14: 0 | D14: 0 | E14: 0 | F14: =IF(B14="Yes",k_monsters*C14 + k_traps*D14 + k_env*E14,0) -> 0 | G14: 0 | H14: 0 | I14: 0 | J14: 0 | K14: 0 | L14: 0 | M14: =IF(B14="Yes",H14*w_bronze + I14*w_silver + J14*w_gold + K14*w_platinum + L14*w_diamond,0) -> 0 | N14: =IF(B14="Yes",(M14*100)/(G14+1),0) -> 0 | O14: 0 | P14: 0 | Q14: =IF(B14="Yes",IF(O14=0,0,P14/(O14+0.0001)),0) -> 0
A15: 10 | B15: No | C15: 0 | D15: 0 | E15: 0 | F15: =IF(B15="Yes",k_monsters*C15 + k_traps*D15 + k_env*E15,0) -> 0 | G15: 0 | H15: 0 | I15: 0 | J15: 0 | K15: 0 | L15: 0 | M15: =IF(B15="Yes",H15*w_bronze + I15*w_silver + J15*w_gold + K15*w_platinum + L15*w_diamond,0) -> 0 | N15: =IF(B15="Yes",(M15*100)/(G15+1),0) -> 0 | O15: 0 | P15: 0 | Q15: =IF(B15="Yes",IF(O15=0,0,P15/(O15+0.0001)),0) -> 0
A16: 11 | B16: No | C16: 0 | D16: 0 | E16: 0 | F16: =IF(B16="Yes",k_monsters*C16 + k_traps*D16 + k_env*E16,0) -> 0 | G16: 0 | H16: 0 | I16: 0 | J16: 0 | K16: 0 | L16: 0 | M16: =IF(B16="Yes",H16*w_bronze + I16*w_silver + J16*w_gold + K16*w_platinum + L16*w_diamond,0) -> 0 | N16: =IF(B16="Yes",(M16*100)/(G16+1),0) -> 0 | O16: 0 | P16: 0 | Q16: =IF(B16="Yes",IF(O16=0,0,P16/(O16+0.0001)),0) -> 0
A17: 12 | B17: No | C17: 0 | D17: 0 | E17: 0 | F17: =IF(B17="Yes",k_monsters*C17 + k_traps*D17 + k_env*E17,0) -> 0 | G17: 0 | H17: 0 | I17: 0 | J17: 0 | K17: 0 | L17: 0 | M17: =IF(B17="Yes",H17*w_bronze + I17*w_silver + J17*w_gold + K17*w_platinum + L17*w_diamond,0) -> 0 | N17: =IF(B17="Yes",(M17*100)/(G17+1),0) -> 0 | O17: 0 | P17: 0 | Q17: =IF(B17="Yes",IF(O17=0,0,P17/(O17+0.0001)),0) -> 0
... A30: 25 | B30: No | C30: 0 | D30: 0 | E30: 0 | F30: =IF(B30="Yes",k_monsters*C30 + k_traps*D30 + k_env*E30,0) -> 0 | G30: 0 | H30: 0 | I30: 0 | J30: 0 | K30: 0 | L30: 0 | M30: =IF(B30="Yes",H30*w_bronze + I30*w_silver + J30*w_gold + K30*w_platinum + L30*w_diamond,0) -> 0 | N30: =IF(B30="Yes",(M30*100)/(G30+1),0) -> 0 | O30: 0 | P30: 0 | Q30: =IF(B30="Yes",IF(O30=0,0,P30/(O30+0.0001)),0) -> 0
A33: Totals | F33: =SUM(F6:F30) -> 0 | G33: =SUM(G6:G30) -> 0 | M33: =SUM(M6:M30) -> 0 | N33: =(M33*100)/(G33+1) -> 0 | O33: =IF(COUNTIF(B6:B30,"Yes")=0,0,AVERAGEIF(B6:B30,"Yes",O6:O30)) -> 0 | P33: =IF(COUNTIF(B6:B30,"Yes")=0,0,AVERAGEIF(B6:B30,"Yes",P6:P30)) -> 0 | Q33: =IF(O33=0,0,P33/(O33+0.0001)) -> 0
